time_hr,q_solar_kw,t_pcm,pcm_melt,t_boiler,boiler_vol,tds_ppm,total_distilled_L,battery_soc,mineral_ppm
0.0,0.0,25.0,0.0,25.0,5.0,1000.0,0.0,79.99998333333333,0.0
0.016666666666666666,0.0,25.0,0.0,25.0,8.0,1000.0,0.0,79.99991666666666,0.0
0.03333333333333333,0.0,25.0,0.0,25.0,11.0,1000.0,0.0,79.99985,0.0
0.05,0.0,25.0,0.0,25.0,14.0,1000.0,0.0,79.99978333333333,0.0
0.06666666666666667,0.0,25.0,0.0,25.0,17.0,1000.0,0.0,79.99971666666667,0.0
0.08333333333333333,0.0,25.0,0.0,25.0,20.0,1000.0,0.0,79.99965,0.0
0.1,0.0,25.0,0.0,25.0,23.0,1000.0,0.0,79.99958333333333,0.0
0.11666666666666667,0.0,25.0,0.0,25.0,23.0,1000.0,0.0,79.99951666666666,0.0
0.13333333333333333,0.0,25.0,0.0,25.0,23.0,1000.0,0.0,79.9995,0.0
0.15,0.0,25.0,0.0,25.0,23.0,1000.0,0.0,79.99948333333333,0.0
0.16666666666666666,0.0,25.0,0.0,25.0,23.0,1000.0,0.0,79.99946666666666,0.0
0.18333333333333332,0.0,25.0,0.0,25.0,23.0,1000.0,0.0,79.99945000000001,0.0
0.2,0.0,25.0,0.0,25.0,23.0,1000.0,0.0,79.99943333333334,0.0
0.21666666666666667,0.0,25.0,0.0,25.0,23.0,1000.0,0.0,79.99941666666666,0.0
0.23333333333333334,0.0,25.0,0.0,25.0,23.0,1000.0,0.0,79.9994,0.0
0.25,0.0,25.0,0.0,25.0,23.0,1000.0,0.0,79.99938333333333,0.0
0.26666666666666666,0.0,25.0,0.0,25.0,23.0,1000.0,0.0,79.99936666666667,0.0
0.2833333333333333,0.0,25.0,0.0,25.0,23.0,1000.0,0.0,79.99935,0.0
0.3,0.0,25.0,0.0,25.0,23.0,1000.0,0.0,79.99933333333334,0.0
0.31666666666666665,0.0,25.0,0.0,25.0,23.0,1000.0,0.0,79.99931666666666,0.0
0.3333333333333333,0.0,25.0,0.0,25.0,23.0,1000.0,0.0,79.99929999999999,0.0
0.35,0.0,25.0,0.0,25.0,23.0,1000.0,0.0,79.99928333333334,0.0
0.36666666666666664,0.0,25.0,0.0,25.0,23.0,1000.0,0.0,79.99926666666667,0.0
0.38333333333333336,0.0,25.0,0.0,25.0,23.0,1000.0,0.0,79.99925,0.0
0.4,0.0,25.0,0.0,25.0,23.0,1000.0,0.0,79.99923333333334,0.0
0.4166666666666667,0.0,25.0,0.0,25.0,23.0,1000.0,0.0,79.99921666666665,0.0
0.43333333333333335,0.0,25.0,0.0,25.0,23.0,1000.0,0.0,79.9992,0.0
0.45,0.0,25.0,0.0,25.0,23.0,1000.0,0.0,79.99918333333333,0.0
0.4666666666666667,0.0,25.0,0.0,25.0,23.0,1000.0,0.0,79.99916666666667,0.0
0.48333333333333334,0.0,25.0,0.0,25.0,23.0,1000.0,0.0,79.99915,0.0
0.5,0.0,25.0,0.0,25.0,23.0,1000.0,0.0,79.99913333333333,0.0
0.5166666666666667,0.0,25.0,0.0,25.0,23.0,1000.0,0.0,79.99911666666667,0.0
0.5333333333333333,0.0,25.0,0.0,25.0,23.0,1000.0,0.0,79.9991,0.0
0.55,0.0,25.0,0.0,25.0,23.0,1000.0,0.0,79.99908333333333,0.0
0.5666666666666667,0.0,25.0,0.0,25.0,23.0,1000.0,0.0,79.99906666666666,0.0
0.5833333333333334,0.0,25.0,0.0,25.0,23.0,1000.0,0.0,79.99905000000001,0.0
0.6,0.0,25.0,0.0,25.0,23.0,1000.0,0.0,79.99903333333333,0.0
0.6166666666666667,0.0,25.0,0.0,25.0,23.0,1000.0,0.0,79.99901666666666,0.0
0.6333333333333333,0.0,25.0,0.0,25.0,23.0,1000.0,0.0,79.999,0.0
0.65,0.0,25.0,0.0,25.0,23.0,1000.0,0.0,79.99898333333333,0.0
0.6666666666666666,0.0,25.0,0.0,25.0,23.0,1000.0,0.0,79.99896666666667,0.0
0.6833333333333333,0.0,25.0,0.0,25.0,23.0,1000.0,0.0,79.99895000000001,0.0
0.7,0.0,25.0,0.0,25.0,23.0,1000.0,0.0,79.99893333333333,0.0
0.7166666666666667,0.0,25.0,0.0,25.0,23.0,1000.0,0.0,79.99891666666666,0.0
0.7333333333333333,0.0,25.0,0.0,25.0,23.0,1000.0,0.0,79.99889999999999,0.0
0.75,0.0,25.0,0.0,25.0,23.0,1000.0,0.0,79.99888333333334,0.0
0.7666666666666667,0.0,25.0,0.0,25.0,23.0,1000.0,0.0,79.99886666666667,0.0
0.7833333333333333,0.0,25.0,0.0,25.0,23.0,1000.0,0.0,79.99885,0.0
0.8,0.0,25.0,0.0,25.0,23.0,1000.0,0.0,79.99883333333332,0.0
0.8166666666666667,0.0,25.0,0.0,25.0,23.0,1000.0,0.0,79.99881666666666,0.0
0.8333333333333334,0.0,25.0,0.0,25.0,23.0,1000.0,0.0,79.9988,0.0
0.85,0.0,25.0,0.0,25.0,23.0,1000.0,0.0,79.99878333333334,0.0
0.8666666666666667,0.0,25.0,0.0,25.0,23.0,1000.0,0.0,79.99876666666667,0.0
0.8833333333333333,0.0,25.0,0.0,25.0,23.0,1000.0,0.0,79.99875,0.0
0.9,0.0,25.0,0.0,25.0,23.0,1000.0,0.0,79.99873333333333,0.0
0.9166666666666666,0.0,25.0,0.0,25.0,23.0,1000.0,0.0,79.99871666666667,0.0
0.9333333333333333,0.0,25.0,0.0,25.0,23.0,1000.0,0.0,79.9987,0.0
0.95,0.0,25.0,0.0,25.0,23.0,1000.0,0.0,79.99868333333333,0.0
0.9666666666666667,0.0,25.0,0.0,25.0,23.0,1000.0,0.0,79.99866666666667,0.0
0.9833333333333333,0.0,25.0,0.0,25.0,23.0,1000.0,0.0,79.99865,0.0
1.0,0.0,25.0,0.0,25.0,23.0,1000.0,0.0,79.99863333333333,0.0
1.0166666666666666,0.0,25.0,0.0,25.0,23.0,1000.0,0.0,79.99861666666666,0.0
1.0333333333333334,0.0,25.0,0.0,25.0,23.0,1000.0,0.0,79.9986,0.0
1.05,0.0,25.0,0.0,25.0,23.0,1000.0,0.0,79.99858333333333,0.0
1.0666666666666667,0.0,25.0,0.0,25.0,23.0,1000.0,0.0,79.99856666666668,0.0
1.0833333333333333,0.0,25.0,0.0,25.0,23.0,1000.0,0.0,79.99855,0.0
1.1,0.0,25.0,0.0,25.0,23.0,1000.0,0.0,79.99853333333333,0.0
1.1166666666666667,0.0,25.0,0.0,25.0,23.0,1000.0,0.0,79.99851666666666,0.0
1.1333333333333333,0.0,25.0,0.0,25.0,23.0,1000.0,0.0,79.99849999999999,0.0
1.15,0.0,25.0,0.0,25.0,23.0,1000.0,0.0,79.99848333333334,0.0
1.1666666666666667,0.0,25.0,0.0,25.0,23.0,1000.0,0.0,79.99846666666667,0.0
1.1833333333333333,0.0,25.0,0.0,25.0,23.0,1000.0,0.0,79.99845,0.0
1.2,0.0,25.0,0.0,25.0,23.0,1000.0,0.0,79.99843333333332,0.0
1.2166666666666666,0.0,25.0,0.0,25.0,23.0,1000.0,0.0,79.99841666666667,0.0
1.2333333333333334,0.0,25.0,0.0,25.0,23.0,1000.0,0.0,79.9984,0.0
1.25,0.0,25.0,0.0,25.0,23.0,1000.0,0.0,79.99838333333334,0.0
1.2666666666666666,0.0,25.0,0.0,25.0,23.0,1000.0,0.0,79.99836666666667,0.0
1.2833333333333334,0.0,25.0,0.0,25.0,23.0,1000.0,0.0,79.99835,0.0
1.3,0.0,25.0,0.0,25.0,23.0,1000.0,0.0,79.99833333333333,0.0
1.3166666666666667,0.0,25.0,0.0,25.0,23.0,1000.0,0.0,79.99831666666667,0.0
1.3333333333333333,0.0,25.0,0.0,25.0,23.0,1000.0,0.0,79.9983,0.0
1.35,0.0,25.0,0.0,25.0,23.0,1000.0,0.0,79.99828333333333,0.0
1.3666666666666667,0.0,25.0,0.0,25.0,23.0,1000.0,0.0,79.99826666666667,0.0
1.3833333333333333,0.0,25.0,0.0,25.0,23.0,1000.0,0.0,79.99825,0.0
1.4,0.0,25.0,0.0,25.0,23.0,1000.0,0.0,79.99823333333333,0.0
1.4166666666666667,0.0,25.0,0.0,25.0,23.0,1000.0,0.0,79.99821666666666,0.0
1.4333333333333333,0.0,25.0,0.0,25.0,23.0,1000.0,0.0,79.9982,0.0
1.45,0.0,25.0,0.0,25.0,23.0,1000.0,0.0,79.99818333333333,0.0
1.4666666666666666,0.0,25.0,0.0,25.0,23.0,1000.0,0.0,79.99816666666668,0.0
1.4833333333333334,0.0,25.0,0.0,25.0,23.0,1000.0,0.0,79.99815,0.0
1.5,0.0,25.0,0.0,25.0,23.0,1000.0,0.0,79.99813333333333,0.0
1.5166666666666666,0.0,25.0,0.0,25.0,23.0,1000.0,0.0,79.99811666666666,0.0
1.5333333333333334,0.0,25.0,0.0,25.0,23.0,1000.0,0.0,79.99810000000001,0.0
1.55,0.0,25.0,0.0,25.0,23.0,1000.0,0.0,79.99808333333334,0.0
1.5666666666666667,0.0,25.0,0.0,25.0,23.0,1000.0,0.0,79.99806666666667,0.0
1.5833333333333333,0.0,25.0,0.0,25.0,23.0,1000.0,0.0,79.99804999999999,0.0
1.6,0.0,25.0,0.0,25.0,23.0,1000.0,0.0,79.99803333333332,0.0
1.6166666666666667,0.0,25.0,0.0,25.0,23.0,1000.0,0.0,79.99801666666667,0.0
1.6333333333333333,0.0,25.0,0.0,25.0,23.0,1000.0,0.0,79.998,0.0
1.65,0.0,25.0,0.0,25.0,23.0,1000.0,0.0,79.99798333333334,0.0
1.6666666666666667,0.0,25.0,0.0,25.0,23.0,1000.0,0.0,79.99796666666667,0.0
1.6833333333333333,0.0,25.0,0.0,25.0,23.0,1000.0,0.0,79.99794999999999,0.0
1.7,0.0,25.0,0.0,25.0,23.0,1000.0,0.0,79.99793333333334,0.0
1.7166666666666666,0.0,25.0,0.0,25.0,23.0,1000.0,0.0,79.99791666666667,0.0
1.7333333333333334,0.0,25.0,0.0,25.0,23.0,1000.0,0.0,79.9979,0.0
1.75,0.0,25.0,0.0,25.0,23.0,1000.0,0.0,79.99788333333333,0.0
1.7666666666666666,0.0,25.0,0.0,25.0,23.0,1000.0,0.0,79.99786666666667,0.0
1.7833333333333334,0.0,25.0,0.0,25.0,23.0,1000.0,0.0,79.99785,0.0
1.8,0.0,25.0,0.0,25.0,23.0,1000.0,0.0,79.99783333333333,0.0
1.8166666666666667,0.0,25.0,0.0,25.0,23.0,1000.0,0.0,79.99781666666667,0.0
1.8333333333333333,0.0,25.0,0.0,25.0,23.0,1000.0,0.0,79.9978,0.0
1.85,0.0,25.0,0.0,25.0,23.0,1000.0,0.0,79.99778333333335,0.0
1.8666666666666667,0.0,25.0,0.0,25.0,23.0,1000.0,0.0,79.99776666666666,0.0
1.8833333333333333,0.0,25.0,0.0,25.0,23.0,1000.0,0.0,79.99775,0.0
1.9,0.0,25.0,0.0,25.0,23.0,1000.0,0.0,79.99773333333333,0.0
1.9166666666666667,0.0,25.0,0.0,25.0,23.0,1000.0,0.0,79.99771666666666,0.0
1.9333333333333333,0.0,25.0,0.0,25.0,23.0,1000.0,0.0,79.99770000000001,0.0
1.95,0.0,25.0,0.0,25.0,23.0,1000.0,0.0,79.99768333333334,0.0
1.9666666666666666,0.0,25.0,0.0,25.0,23.0,1000.0,0.0,79.99766666666666,0.0
1.9833333333333334,0.0,25.0,0.0,25.0,23.0,1000.0,0.0,79.99765,0.0
2.0,0.0,25.0,0.0,25.0,23.0,1000.0,0.0,79.99763333333333,0.0
2.0166666666666666,0.0,25.0,0.0,25.0,23.0,1000.0,0.0,79.99761666666667,0.0
2.033333333333333,0.0,25.0,0.0,25.0,23.0,1000.0,0.0,79.9976,0.0
2.05,0.0,25.0,0.0,25.0,23.0,1000.0,0.0,79.99758333333334,0.0
2.066666666666667,0.0,25.0,0.0,25.0,23.0,1000.0,0.0,79.99756666666667,0.0
2.0833333333333335,0.0,25.0,0.0,25.0,23.0,1000.0,0.0,79.99754999999999,0.0
2.1,0.0,25.0,0.0,25.0,23.0,1000.0,0.0,79.99753333333334,0.0
2.1166666666666667,0.0,25.0,0.0,25.0,23.0,1000.0,0.0,79.99751666666667,0.0
2.1333333333333333,0.0,25.0,0.0,25.0,23.0,1000.0,0.0,79.9975,0.0
2.15,0.0,25.0,0.0,25.0,23.0,1000.0,0.0,79.99748333333334,0.0
2.1666666666666665,0.0,25.0,0.0,25.0,23.0,1000.0,0.0,79.99746666666667,0.0
2.183333333333333,0.0,25.0,0.0,25.0,23.0,1000.0,0.0,79.99745,0.0
2.2,0.0,25.0,0.0,25.0,23.0,1000.0,0.0,79.99743333333333,0.0
2.216666666666667,0.0,25.0,0.0,25.0,23.0,1000.0,0.0,79.99741666666667,0.0
2.2333333333333334,0.0,25.0,0.0,25.0,23.0,1000.0,0.0,79.9974,0.0
2.25,0.0,25.0,0.0,25.0,23.0,1000.0,0.0,79.99738333333333,0.0
2.2666666666666666,0.0,25.0,0.0,25.0,23.0,1000.0,0.0,79.99736666666666,0.0
2.283333333333333,0.0,25.0,0.0,25.0,23.0,1000.0,0.0,79.99735,0.0
2.3,0.0,25.0,0.0,25.0,23.0,1000.0,0.0,79.99733333333333,0.0
2.316666666666667,0.0,25.0,0.0,25.0,23.0,1000.0,0.0,79.99731666666666,0.0
2.3333333333333335,0.0,25.0,0.0,25.0,23.0,1000.0,0.0,79.99730000000001,0.0
2.35,0.0,25.0,0.0,25.0,23.0,1000.0,0.0,79.99728333333334,0.0
2.3666666666666667,0.0,25.0,0.0,25.0,23.0,1000.0,0.0,79.99726666666666,0.0
2.3833333333333333,0.0,25.0,0.0,25.0,23.0,1000.0,0.0,79.99725,0.0
2.4,0.0,25.0,0.0,25.0,23.0,1000.0,0.0,79.99723333333333,0.0
2.4166666666666665,0.0,25.0,0.0,25.0,23.0,1000.0,0.0,79.99721666666667,0.0
2.433333333333333,0.0,25.0,0.0,25.0,23.0,1000.0,0.0,79.9972,0.0
2.45,0.0,25.0,0.0,25.0,23.0,1000.0,0.0,79.99718333333334,0.0
2.466666666666667,0.0,25.0,0.0,25.0,23.0,1000.0,0.0,79.99716666666666,0.0
2.4833333333333334,0.0,25.0,0.0,25.0,23.0,1000.0,0.0,79.99714999999999,0.0
2.5,0.0,25.0,0.0,25.0,23.0,1000.0,0.0,79.99713333333334,0.0
2.5166666666666666,0.0,25.0,0.0,25.0,23.0,1000.0,0.0,79.99711666666667,0.0
2.533333333333333,0.0,25.0,0.0,25.0,23.0,1000.0,0.0,79.9971,0.0
2.55,0.0,25.0,0.0,25.0,23.0,1000.0,0.0,79.99708333333334,0.0
2.566666666666667,0.0,25.0,0.0,25.0,23.0,1000.0,0.0,79.99706666666667,0.0
2.5833333333333335,0.0,25.0,0.0,25.0,23.0,1000.0,0.0,79.99705,0.0
2.6,0.0,25.0,0.0,25.0,23.0,1000.0,0.0,79.99703333333333,0.0
2.6166666666666667,0.0,25.0,0.0,25.0,23.0,1000.0,0.0,79.99701666666667,0.0
2.6333333333333333,0.0,25.0,0.0,25.0,23.0,1000.0,0.0,79.997,0.0
2.65,0.0,25.0,0.0,25.0,23.0,1000.0,0.0,79.99698333333333,0.0
2.6666666666666665,0.0,25.0,0.0,25.0,23.0,1000.0,0.0,79.99696666666667,0.0
2.683333333333333,0.0,25.0,0.0,25.0,23.0,1000.0,0.0,79.99695,0.0
2.7,0.0,25.0,0.0,25.0,23.0,1000.0,0.0,79.99693333333333,0.0
2.716666666666667,0.0,25.0,0.0,25.0,23.0,1000.0,0.0,79.99691666666666,0.0
2.7333333333333334,0.0,25.0,0.0,25.0,23.0,1000.0,0.0,79.99690000000001,0.0
2.75,0.0,25.0,0.0,25.0,23.0,1000.0,0.0,79.99688333333333,0.0
2.7666666666666666,0.0,25.0,0.0,25.0,23.0,1000.0,0.0,79.99686666666666,0.0
2.783333333333333,0.0,25.0,0.0,25.0,23.0,1000.0,0.0,79.99685,0.0
2.8,0.0,25.0,0.0,25.0,23.0,1000.0,0.0,79.99683333333333,0.0
2.816666666666667,0.0,25.0,0.0,25.0,23.0,1000.0,0.0,79.99681666666667,0.0
2.8333333333333335,0.0,25.0,0.0,25.0,23.0,1000.0,0.0,79.99680000000001,0.0
2.85,0.0,25.0,0.0,25.0,23.0,1000.0,0.0,79.99678333333333,0.0
2.8666666666666667,0.0,25.0,0.0,25.0,23.0,1000.0,0.0,79.99676666666666,0.0
2.8833333333333333,0.0,25.0,0.0,25.0,23.0,1000.0,0.0,79.99675,0.0
2.9,0.0,25.0,0.0,25.0,23.0,1000.0,0.0,79.99673333333334,0.0
2.9166666666666665,0.0,25.0,0.0,25.0,23.0,1000.0,0.0,79.99671666666667,0.0
2.933333333333333,0.0,25.0,0.0,25.0,23.0,1000.0,0.0,79.9967,0.0
2.95,0.0,25.0,0.0,25.0,23.0,1000.0,0.0,79.99668333333332,0.0
2.966666666666667,0.0,25.0,0.0,25.0,23.0,1000.0,0.0,79.99666666666667,0.0
2.9833333333333334,0.0,25.0,0.0,25.0,23.0,1000.0,0.0,79.99665,0.0
3.0,0.0,25.0,0.0,25.0,23.0,1000.0,0.0,79.99663333333334,0.0
3.0166666666666666,0.0,25.0,0.0,25.0,23.0,1000.0,0.0,79.99661666666667,0.0
3.033333333333333,0.0,25.0,0.0,25.0,23.0,1000.0,0.0,79.9966,0.0
3.05,0.0,25.0,0.0,25.0,23.0,1000.0,0.0,79.99658333333333,0.0
3.066666666666667,0.0,25.0,0.0,25.0,23.0,1000.0,0.0,79.99656666666667,0.0
3.0833333333333335,0.0,25.0,0.0,25.0,23.0,1000.0,0.0,79.99655,0.0
3.1,0.0,25.0,0.0,25.0,23.0,1000.0,0.0,79.99653333333333,0.0
3.1166666666666667,0.0,25.0,0.0,25.0,23.0,1000.0,0.0,79.99651666666666,0.0
3.1333333333333333,0.0,25.0,0.0,25.0,23.0,1000.0,0.0,79.9965,0.0
3.15,0.0,25.0,0.0,25.0,23.0,1000.0,0.0,79.99648333333333,0.0
3.1666666666666665,0.0,25.0,0.0,25.0,23.0,1000.0,0.0,79.99646666666666,0.0
3.183333333333333,0.0,25.0,0.0,25.0,23.0,1000.0,0.0,79.99645,0.0
3.2,0.0,25.0,0.0,25.0,23.0,1000.0,0.0,79.99643333333334,0.0
3.216666666666667,0.0,25.0,0.0,25.0,23.0,1000.0,0.0,79.99641666666668,0.0
3.2333333333333334,0.0,25.0,0.0,25.0,23.0,1000.0,0.0,79.9964,0.0
3.25,0.0,25.0,0.0,25.0,23.0,1000.0,0.0,79.99638333333333,0.0
3.2666666666666666,0.0,25.0,0.0,25.0,23.0,1000.0,0.0,79.99636666666666,0.0
3.283333333333333,0.0,25.0,0.0,25.0,23.0,1000.0,0.0,79.99635,0.0
3.3,0.0,25.0,0.0,25.0,23.0,1000.0,0.0,79.99633333333334,0.0
3.316666666666667,0.0,25.0,0.0,25.0,23.0,1000.0,0.0,79.99631666666667,0.0
3.3333333333333335,0.0,25.0,0.0,25.0,23.0,1000.0,0.0,79.99629999999999,0.0
3.35,0.0,25.0,0.0,25.0,23.0,1000.0,0.0,79.99628333333332,0.0
3.3666666666666667,0.0,25.0,0.0,25.0,23.0,1000.0,0.0,79.99626666666667,0.0
3.3833333333333333,0.0,25.0,0.0,25.0,23.0,1000.0,0.0,79.99625,0.0
3.4,0.0,25.0,0.0,25.0,23.0,1000.0,0.0,79.99623333333334,0.0
3.4166666666666665,0.0,25.0,0.0,25.0,23.0,1000.0,0.0,79.99621666666667,0.0
3.433333333333333,0.0,25.0,0.0,25.0,23.0,1000.0,0.0,79.9962,0.0
3.45,0.0,25.0,0.0,25.0,23.0,1000.0,0.0,79.99618333333333,0.0
3.466666666666667,0.0,25.0,0.0,25.0,23.0,1000.0,0.0,79.99616666666667,0.0
3.4833333333333334,0.0,25.0,0.0,25.0,23.0,1000.0,0.0,79.99615,0.0
3.5,0.0,25.0,0.0,25.0,23.0,1000.0,0.0,79.99613333333333,0.0
3.5166666666666666,0.0,25.0,0.0,25.0,23.0,1000.0,0.0,79.99611666666667,0.0
3.533333333333333,0.0,25.0,0.0,25.0,23.0,1000.0,0.0,79.9961,0.0
3.55,0.0,25.0,0.0,25.0,23.0,1000.0,0.0,79.99608333333333,0.0
3.566666666666667,0.0,25.0,0.0,25.0,23.0,1000.0,0.0,79.99606666666666,0.0
3.5833333333333335,0.0,25.0,0.0,25.0,23.0,1000.0,0.0,79.99605,0.0
3.6,0.0,25.0,0.0,25.0,23.0,1000.0,0.0,79.99603333333334,0.0
3.6166666666666667,0.0,25.0,0.0,25.0,23.0,1000.0,0.0,79.99601666666666,0.0
3.6333333333333333,0.0,25.0,0.0,25.0,23.0,1000.0,0.0,79.996,0.0
3.65,0.0,25.0,0.0,25.0,23.0,1000.0,0.0,79.99598333333333,0.0
3.6666666666666665,0.0,25.0,0.0,25.0,23.0,1000.0,0.0,79.99596666666666,0.0
3.683333333333333,0.0,25.0,0.0,25.0,23.0,1000.0,0.0,79.99595000000001,0.0
3.7,0.0,25.0,0.0,25.0,23.0,1000.0,0.0,79.99593333333334,0.0
3.716666666666667,0.0,25.0,0.0,25.0,23.0,1000.0,0.0,79.99591666666667,0.0
3.7333333333333334,0.0,25.0,0.0,25.0,23.0,1000.0,0.0,79.99589999999999,0.0
3.75,0.0,25.0,0.0,25.0,23.0,1000.0,0.0,79.99588333333332,0.0
3.7666666666666666,0.0,25.0,0.0,25.0,23.0,1000.0,0.0,79.99586666666667,0.0
3.783333333333333,0.0,25.0,0.0,25.0,23.0,1000.0,0.0,79.99585,0.0
3.8,0.0,25.0,0.0,25.0,23.0,1000.0,0.0,79.99583333333334,0.0
3.816666666666667,0.0,25.0,0.0,25.0,23.0,1000.0,0.0,79.99581666666667,0.0
3.8333333333333335,0.0,25.0,0.0,25.0,23.0,1000.0,0.0,79.99579999999999,0.0
3.85,0.0,25.0,0.0,25.0,23.0,1000.0,0.0,79.99578333333334,0.0
3.8666666666666667,0.0,25.0,0.0,25.0,23.0,1000.0,0.0,79.99576666666667,0.0
3.8833333333333333,0.0,25.0,0.0,25.0,23.0,1000.0,0.0,79.99575,0.0
3.9,0.0,25.0,0.0,25.0,23.0,1000.0,0.0,79.99573333333333,0.0
3.9166666666666665,0.0,25.0,0.0,25.0,23.0,1000.0,0.0,79.99571666666667,0.0
3.933333333333333,0.0,25.0,0.0,25.0,23.0,1000.0,0.0,79.9957,0.0
3.95,0.0,25.0,0.0,25.0,23.0,1000.0,0.0,79.99568333333333,0.0
3.966666666666667,0.0,25.0,0.0,25.0,23.0,1000.0,0.0,79.99566666666666,0.0
3.9833333333333334,0.0,25.0,0.0,25.0,23.0,1000.0,0.0,79.99565,0.0
4.0,0.0,25.0,0.0,25.0,23.0,1000.0,0.0,79.99563333333334,0.0
4.016666666666667,0.0,25.0,0.0,25.0,23.0,1000.0,0.0,79.99561666666666,0.0
4.033333333333333,0.0,25.0,0.0,25.0,23.0,1000.0,0.0,79.9956,0.0
4.05,0.0,25.0,0.0,25.0,23.0,1000.0,0.0,79.99558333333333,0.0
4.066666666666666,0.0,25.0,0.0,25.0,23.0,1000.0,0.0,79.99556666666666,0.0
4.083333333333333,0.0,25.0,0.0,25.0,23.0,1000.0,0.0,79.99555000000001,0.0
4.1,0.0,25.0,0.0,25.0,23.0,1000.0,0.0,79.99553333333334,0.0
4.116666666666666,0.0,25.0,0.0,25.0,23.0,1000.0,0.0,79.99551666666666,0.0
4.133333333333334,0.0,25.0,0.0,25.0,23.0,1000.0,0.0,79.99549999999999,0.0
4.15,0.0,25.0,0.0,25.0,23.0,1000.0,0.0,79.99548333333333,0.0
4.166666666666667,0.0,25.0,0.0,25.0,23.0,1000.0,0.0,79.99546666666667,0.0
4.183333333333334,0.0,25.0,0.0,25.0,23.0,1000.0,0.0,79.99545,0.0
4.2,0.0,25.0,0.0,25.0,23.0,1000.0,0.0,79.99543333333334,0.0
4.216666666666667,0.0,25.0,0.0,25.0,23.0,1000.0,0.0,79.99541666666666,0.0
4.233333333333333,0.0,25.0,0.0,25.0,23.0,1000.0,0.0,79.9954,0.0
4.25,0.0,25.0,0.0,25.0,23.0,1000.0,0.0,79.99538333333334,0.0
4.266666666666667,0.0,25.0,0.0,25.0,23.0,1000.0,0.0,79.99536666666667,0.0
4.283333333333333,0.0,25.0,0.0,25.0,23.0,1000.0,0.0,79.99535,0.0
4.3,0.0,25.0,0.0,25.0,23.0,1000.0,0.0,79.99533333333333,0.0
4.316666666666666,0.0,25.0,0.0,25.0,23.0,1000.0,0.0,79.99531666666667,0.0
4.333333333333333,0.0,25.0,0.0,25.0,23.0,1000.0,0.0,79.9953,0.0
4.35,0.0,25.0,0.0,25.0,23.0,1000.0,0.0,79.99528333333333,0.0
4.366666666666666,0.0,25.0,0.0,25.0,23.0,1000.0,0.0,79.99526666666667,0.0
4.383333333333334,0.0,25.0,0.0,25.0,23.0,1000.0,0.0,79.99525,0.0
4.4,0.0,25.0,0.0,25.0,23.0,1000.0,0.0,79.99523333333333,0.0
4.416666666666667,0.0,25.0,0.0,25.0,23.0,1000.0,0.0,79.99521666666666,0.0
4.433333333333334,0.0,25.0,0.0,25.0,23.0,1000.0,0.0,79.9952,0.0
4.45,0.0,25.0,0.0,25.0,23.0,1000.0,0.0,79.99518333333333,0.0
4.466666666666667,0.0,25.0,0.0,25.0,23.0,1000.0,0.0,79.99516666666666,0.0
4.483333333333333,0.0,25.0,0.0,25.0,23.0,1000.0,0.0,79.99515000000001,0.0
4.5,0.0,25.0,0.0,25.0,23.0,1000.0,0.0,79.99513333333333,0.0
4.516666666666667,0.0,25.0,0.0,25.0,23.0,1000.0,0.0,79.99511666666666,0.0
4.533333333333333,0.0,25.0,0.0,25.0,23.0,1000.0,0.0,79.9951,0.0
4.55,0.0,25.0,0.0,25.0,23.0,1000.0,0.0,79.99508333333334,0.0
4.566666666666666,0.0,25.0,0.0,25.0,23.0,1000.0,0.0,79.99506666666667,0.0
4.583333333333333,0.0,25.0,0.0,25.0,23.0,1000.0,0.0,79.99505,0.0
4.6,0.0,25.0,0.0,25.0,23.0,1000.0,0.0,79.99503333333334,0.0
4.616666666666666,0.0,25.0,0.0,25.0,23.0,1000.0,0.0,79.99501666666666,0.0
4.633333333333334,0.0,25.0,0.0,25.0,23.0,1000.0,0.0,79.995,0.0
4.65,0.0,25.0,0.0,25.0,23.0,1000.0,0.0,79.99498333333334,0.0
4.666666666666667,0.0,25.0,0.0,25.0,23.0,1000.0,0.0,79.99496666666667,0.0
4.683333333333334,0.0,25.0,0.0,25.0,23.0,1000.0,0.0,79.99495,0.0
4.7,0.0,25.0,0.0,25.0,23.0,1000.0,0.0,79.99493333333334,0.0
4.716666666666667,0.0,25.0,0.0,25.0,23.0,1000.0,0.0,79.99491666666667,0.0
4.733333333333333,0.0,25.0,0.0,25.0,23.0,1000.0,0.0,79.9949,0.0
4.75,0.0,25.0,0.0,25.0,23.0,1000.0,0.0,79.99488333333333,0.0
4.766666666666667,0.0,25.0,0.0,25.0,23.0,1000.0,0.0,79.99486666666667,0.0
4.783333333333333,0.0,25.0,0.0,25.0,23.0,1000.0,0.0,79.99485,0.0
4.8,0.0,25.0,0.0,25.0,23.0,1000.0,0.0,79.99483333333333,0.0
4.816666666666666,0.0,25.0,0.0,25.0,23.0,1000.0,0.0,79.99481666666667,0.0
4.833333333333333,0.0,25.0,0.0,25.0,23.0,1000.0,0.0,79.9948,0.0
4.85,0.0,25.0,0.0,25.0,23.0,1000.0,0.0,79.99478333333333,0.0
4.866666666666666,0.0,25.0,0.0,25.0,23.0,1000.0,0.0,79.99476666666666,0.0
4.883333333333334,0.0,25.0,0.0,25.0,23.0,1000.0,0.0,79.99475000000001,0.0
4.9,0.0,25.0,0.0,25.0,23.0,1000.0,0.0,79.99473333333333,0.0
4.916666666666667,0.0,25.0,0.0,25.0,23.0,1000.0,0.0,79.99471666666666,0.0
4.933333333333334,0.0,25.0,0.0,25.0,23.0,1000.0,0.0,79.9947,0.0
4.95,0.0,25.0,0.0,25.0,23.0,1000.0,0.0,79.99468333333334,0.0
4.966666666666667,0.0,25.0,0.0,25.0,23.0,1000.0,0.0,79.99466666666667,0.0
4.983333333333333,0.0,25.0,0.0,25.0,23.0,1000.0,0.0,79.99465000000001,0.0
5.0,0.0,25.0,0.0,25.0,23.0,1000.0,0.0,79.99463333333333,0.0
5.016666666666667,0.0,25.0,0.0,25.0,23.0,1000.0,0.0,79.99461666666666,0.0
5.033333333333333,0.0,25.0,0.0,25.0,23.0,1000.0,0.0,79.9946,0.0
5.05,0.0,25.0,0.0,25.0,23.0,1000.0,0.0,79.99458333333334,0.0
5.066666666666666,0.0,25.0,0.0,25.0,23.0,1000.0,0.0,79.99456666666667,0.0
5.083333333333333,0.0,25.0,0.0,25.0,23.0,1000.0,0.0,79.99455,0.0
5.1,0.0,25.0,0.0,25.0,23.0,1000.0,0.0,79.99453333333332,0.0
5.116666666666666,0.0,25.0,0.0,25.0,23.0,1000.0,0.0,79.99451666666667,0.0
5.133333333333334,0.0,25.0,0.0,25.0,23.0,1000.0,0.0,79.9945,0.0
5.15,0.0,25.0,0.0,25.0,23.0,1000.0,0.0,79.99448333333333,0.0
5.166666666666667,0.0,25.0,0.0,25.0,23.0,1000.0,0.0,79.99446666666667,0.0
5.183333333333334,0.0,25.0,0.0,25.0,23.0,1000.0,0.0,79.99445,0.0
5.2,0.0,25.0,0.0,25.0,23.0,1000.0,0.0,79.99443333333333,0.0
5.216666666666667,0.0,25.0,0.0,25.0,23.0,1000.0,0.0,79.99441666666667,0.0
5.233333333333333,0.0,25.0,0.0,25.0,23.0,1000.0,0.0,79.9944,0.0
5.25,0.0,25.0,0.0,25.0,23.0,1000.0,0.0,79.99438333333333,0.0
5.266666666666667,0.0,25.0,0.0,25.0,23.0,1000.0,0.0,79.99436666666668,0.0
5.283333333333333,0.0,25.0,0.0,25.0,23.0,1000.0,0.0,79.99435,0.0
5.3,0.0,25.0,0.0,25.0,23.0,1000.0,0.0,79.99433333333333,0.0
5.316666666666666,0.0,25.0,0.0,25.0,23.0,1000.0,0.0,79.99431666666666,0.0
5.333333333333333,0.0,25.0,0.0,25.0,23.0,1000.0,0.0,79.9943,0.0
5.35,0.0,25.0,0.0,25.0,23.0,1000.0,0.0,79.99428333333334,0.0
5.366666666666666,0.0,25.0,0.0,25.0,23.0,1000.0,0.0,79.99426666666668,0.0
5.383333333333334,0.0,25.0,0.0,25.0,23.0,1000.0,0.0,79.99425,0.0
5.4,0.0,25.0,0.0,25.0,23.0,1000.0,0.0,79.99423333333333,0.0
5.416666666666667,0.0,25.0,0.0,25.0,23.0,1000.0,0.0,79.99421666666666,0.0
5.433333333333334,0.0,25.0,0.0,25.0,23.0,1000.0,0.0,79.9942,0.0
5.45,0.0,25.0,0.0,25.0,23.0,1000.0,0.0,79.99418333333334,0.0
5.466666666666667,0.0,25.0,0.0,25.0,23.0,1000.0,0.0,79.99416666666667,0.0
5.483333333333333,0.0,25.0,0.0,25.0,23.0,1000.0,0.0,79.99414999999999,0.0
5.5,0.0,25.0,0.0,25.0,23.0,1000.0,0.0,79.99413333333332,0.0
5.516666666666667,0.0,25.0,0.0,25.0,23.0,1000.0,0.0,79.99411666666667,0.0
5.533333333333333,0.0,25.0,0.0,25.0,23.0,1000.0,0.0,79.9941,0.0
5.55,0.0,25.0,0.0,25.0,23.0,1000.0,0.0,79.99408333333334,0.0
5.566666666666666,0.0,25.0,0.0,25.0,23.0,1000.0,0.0,79.99406666666667,0.0
5.583333333333333,0.0,25.0,0.0,25.0,23.0,1000.0,0.0,79.99405,0.0
5.6,0.0,25.0,0.0,25.0,23.0,1000.0,0.0,79.99403333333333,0.0
5.616666666666666,0.0,25.0,0.0,25.0,23.0,1000.0,0.0,79.99401666666667,0.0
5.633333333333334,0.0,25.0,0.0,25.0,23.0,1000.0,0.0,79.994,0.0
5.65,0.0,25.0,0.0,25.0,23.0,1000.0,0.0,79.99398333333333,0.0
5.666666666666667,0.0,25.0,0.0,25.0,23.0,1000.0,0.0,79.99396666666667,0.0
5.683333333333334,0.0,25.0,0.0,25.0,23.0,1000.0,0.0,79.99395,0.0
5.7,0.0,25.0,0.0,25.0,23.0,1000.0,0.0,79.99393333333333,0.0
5.716666666666667,0.0,25.0,0.0,25.0,23.0,1000.0,0.0,79.99391666666666,0.0
5.733333333333333,0.0,25.0,0.0,25.0,23.0,1000.0,0.0,79.9939,0.0
5.75,0.0,25.0,0.0,25.0,23.0,1000.0,0.0,79.99388333333334,0.0
5.766666666666667,0.0,25.0,0.0,25.0,23.0,1000.0,0.0,79.99386666666666,0.0
5.783333333333333,0.0,25.0,0.0,25.0,23.0,1000.0,0.0,79.99385,0.0
5.8,0.0,25.0,0.0,25.0,23.0,1000.0,0.0,79.99383333333333,0.0
5.816666666666666,0.0,25.0,0.0,25.0,23.0,1000.0,0.0,79.99381666666666,0.0
5.833333333333333,0.0,25.0,0.0,25.0,23.0,1000.0,0.0,79.99380000000001,0.0
5.85,0.0,25.0,0.0,25.0,23.0,1000.0,0.0,79.99378333333334,0.0
5.866666666666666,0.0,25.0,0.0,25.0,23.0,1000.0,0.0,79.99376666666666,0.0
5.883333333333334,0.0,25.0,0.0,25.0,23.0,1000.0,0.0,79.99374999999999,0.0
5.9,0.0,25.0,0.0,25.0,23.0,1000.0,0.0,79.99373333333332,0.0
5.916666666666667,0.0,25.0,0.0,25.0,23.0,1000.0,0.0,79.99371666666667,0.0
5.933333333333334,0.0,25.0,0.0,25.0,23.0,1000.0,0.0,79.9937,0.0
5.95,0.0,25.0,0.0,25.0,23.0,1000.0,0.0,79.99368333333334,0.0
5.966666666666667,0.0,25.0,0.0,25.0,23.0,1000.0,0.0,79.99366666666667,0.0
5.983333333333333,0.0,25.0,0.0,25.0,23.0,1000.0,0.0,79.99365,0.0
6.0,0.0,25.0,0.0,25.0,23.0,1000.0,0.0,79.99363333333334,0.0
6.016666666666667,0.0,25.0,0.0,25.0,23.0,1000.0,0.0,79.99369956954308,0.0
6.033333333333333,0.0,25.0,0.0,25.0,23.0,1000.0,0.0,79.99384870705089,0.0
6.05,0.0,25.0,0.0,25.0,23.0,1000.0,0.0,79.99408074270006,0.0
6.066666666666666,0.0,25.0,0.0,25.0,23.0,1000.0,0.0,79.9943956717557,0.0
6.083333333333333,0.0,25.0,0.0,25.0,23.0,1000.0,0.0,79.99479348790469,0.0
6.1,0.0,25.0,0.0,25.0,23.0,1000.0,0.0,79.99527418325589,0.0
6.116666666666666,0.0,25.0,0.0,25.0,23.0,1000.0,0.0,79.9958377483402,0.0
6.133333333333334,0.0,25.0,0.0,25.0,23.0,1000.0,0.0,79.99648417211088,0.0
6.15,0.0,25.0,0.0,25.0,23.0,1000.0,0.0,79.99721344194364,0.0
6.166666666666667,0.0,25.0,0.0,25.0,23.0,1000.0,0.0,79.99802554363691,0.0
6.183333333333334,0.0,25.0,0.0,25.0,23.0,1000.0,0.0,79.99892046141215,0.0
6.2,0.0,25.0,0.0,25.0,23.0,1000.0,0.0,79.99989817791409,0.0
6.216666666666667,0.0,25.0,0.0,25.0,23.0,1000.0,0.0,80.00095867421113,0.0
6.233333333333333,0.0,25.0,0.0,25.0,23.0,1000.0,0.0,80.00210192979563,0.0
6.25,0.0,25.0,0.0,25.0,23.0,1000.0,0.0,80.00332792258433,0.0
6.266666666666667,0.0,25.0,0.0,25.0,23.0,1000.0,0.0,80.0046366289188,0.0
6.283333333333333,0.0,25.0,0.0,25.0,23.0,1000.0,0.0,80.00602802356585,0.0
6.3,0.0,25.0,0.0,25.0,23.0,1000.0,0.0,80.00750207971801,0.0
6.316666666666666,0.0,25.0,0.0,25.0,23.0,1000.0,0.0,80.00905876899408,0.0
6.333333333333333,0.0,25.0,0.0,25.0,23.0,1000.0,0.0,80.01069806143963,0.0
6.35,0.0,25.0,0.0,25.0,23.0,1000.0,0.0,80.01241992552757,0.0
6.366666666666666,0.0,25.0,0.0,25.0,23.0,1000.0,0.0,80.01422432815879,0.0
6.383333333333334,0.0,25.0,0.0,25.0,23.0,1000.0,0.0,80.01611123466274,0.0
6.4,0.0,25.0,0.0,25.0,23.0,1000.0,0.0,80.01808060879816,0.0
6.416666666666667,0.0,25.0,0.0,25.0,23.0,1000.0,0.0,80.02013241275367,0.0
6.433333333333334,0.0,25.0,0.0,25.0,23.0,1000.0,0.0,80.02226660714861,0.0
6.45,0.0,25.0,0.0,25.0,23.0,1000.0,0.0,80.02448315103364,0.0
6.466666666666667,0.0,25.0,0.0,25.0,23.0,1000.0,0.0,80.02678200189168,0.0
6.483333333333333,0.0,25.0,0.0,25.0,23.0,1000.0,0.0,80.0291631156386,0.0
6.5,6.46,25.230714285714285,0.0,25.0,23.0,1000.0,0.0,80.0316264466241,0.0
6.516666666666667,6.46,25.460439795918365,0.0,25.017261855278317,23.0,1000.0,0.0,80.03417194763264,0.0
6.533333333333333,6.46,25.689254747601336,0.0,25.050420068477756,23.0,1000.0,0.0,80.03679956988421,0.0
6.55,6.46,25.917231170405092,0.0,25.098217159774723,23.0,1000.0,0.0,80.03950926303538,0.0
6.566666666666666,6.46,26.14443539607382,0.0,25.159495122162895,23.0,1000.0,0.0,80.04230097518017,0.0
6.583333333333333,6.46,26.37092850918563,0.0,25.233187552665832,23.0,1000.0,0.0,80.04517465285112,0.0
6.6,6.46,26.59676676222912,0.0,25.318312406009237,23.0,1000.0,0.0,80.0481302410202,0.0
6.616666666666666,6.46,26.82200195784532,0.0,25.41396532151326,23.0,1000.0,0.0,80.05116768310002,0.0
6.633333333333334,6.46,27.046681800832467,0.0,25.519313477860326,23.0,1000.0,0.0,80.0542869209447,0.0
6.65,6.46,27.270850222305445,0.0,25.633589933980947,23.0,1000.0,0.0,80.05748789485116,0.0
6.666666666666667,6.46,27.494547678212626,0.0,25.7560884176032,23.0,1000.0,0.0,80.06077054356017,0.0
6.683333333333334,6.46,27.717811424238587,0.0,25.886158526053485,23.0,1000.0,0.0,80.0641348042575,0.0
6.7,6.46,27.940675768960652,0.0,26.023201306697477,23.0,1000.0,0.0,80.0675806125752,0.0
6.716666666666667,6.46,28.163172306979526,0.0,26.166665186989842,23.0,1000.0,0.0,80.07110790259269,0.0
6.733333333333333,6.46,28.385330133608143,0.0,26.316042226476974,23.0,1000.0,0.0,80.07471660683817,0.0
6.75,6.46,28.60717604257758,0.0,26.470864665284694,23.0,1000.0,0.0,80.07840665628981,0.0
6.766666666666667,6.46,28.828734708103468,0.0,26.630701745637474,23.0,1000.0,0.0,80.08217798037707,0.0
6.783333333333333,6.46,29.050028852550042,0.0,26.795156784811088,23.0,1000.0,0.0,80.08603050698207,0.0
6.8,6.46,29.271079400831162,0.0,26.96386447962903,23.0,1000.0,0.0,80.08996416244094,0.0
6.816666666666666,6.46,29.49190562259744,0.0,27.13648842418651,23.0,1000.0,0.0,80.09397887154525,0.0
6.833333333333333,6.46,29.712525263175678,0.0,27.312718823934606,23.0,1000.0,0.0,80.0980745575434,0.0
6.85,6.46,29.93295466415036,0.0,27.4922703905916,23.0,1000.0,0.0,80.10225114214215,0.0
6.866666666666666,6.46,30.153208874406534,0.0,27.674880403577124,23.0,1000.0,0.0,80.106508545508,0.0
6.883333333333334,6.46,30.373301752388695,0.0,27.860306924796383,23.0,1000.0,0.0,80.11084668626887,0.0
6.9,6.46,30.59324606027044,0.0,28.048327154643676,23.0,1000.0,0.0,80.11526548151546,0.0
6.916666666666667,6.46,30.813053550674898,0.0,28.238735918054108,23.0,1000.0,0.0,80.119764846803,0.0
6.933333333333334,6.46,31.032735046535095,0.0,28.431344270316036,23.0,1000.0,0.0,80.12434469615273,0.0
6.95,6.46,31.252300514637014,0.0,28.625978213170566,23.0,1000.0,0.0,80.12900494205361,0.0
6.966666666666667,6.46,31.471759133345014,0.0,28.8224775124739,23.0,1000.0,0.0,80.13374549546398,0.0
6.983333333333333,6.46,31.691119354969853,0.0,29.020694609388357,23.0,1000.0,0.0,80.13856626581321,0.0
7.0,6.46,31.910388963203076,0.0,29.220493617703543,23.0,1000.0,0.0,80.1434671610035,0.0
7.016666666666667,6.46,32.12957512600808,0.0,29.42174940047431,23.0,1000.0,0.0,80.14844808741154,0.0
7.033333333333333,6.46,32.34868444432722,0.0,29.62434671970121,23.0,1000.0,0.0,80.15350894989037,0.0
7.05,6.46,32.56772299693596,0.0,29.828179453275357,23.0,1000.0,0.0,80.15864965177113,0.0
7.066666666666666,6.46,32.78669638174885,0.0,30.033149873866808,23.0,1000.0,0.0,80.16387009486499,0.0
7.083333333333333,6.46,33.005609753857925,0.0,30.239167984856405,23.0,1000.0,0.0,80.16917017946493,0.0
7.1,6.46,33.22446786056221,0.0,30.446150908798657,23.0,1000.0,0.0,80.17454980434763,0.0
7.116666666666666,6.46,33.443275073626076,0.0,30.654022324260225,23.0,1000.0,0.0,80.18000886677551,0.0
7.133333333333334,6.46,33.66203541898594,0.0,30.86271194720721,23.0,1000.0,0.0,80.18554726249857,0.0
7.15,6.46,33.88075260410689,0.0,31.072155053417273,23.0,1000.0,0.0,80.19116488575645,0.0
7.166666666666667,6.46,34.09943004317536,0.0,31.282292038671297,23.0,1000.0,0.0,80.19686162928036,0.0
7.183333333333334,6.46,34.31807088029891,0.0,31.49306801373603,23.0,1000.0,0.0,80.20263738429523,0.0
7.2,6.46,34.53667801087079,0.0,31.70443243138559,23.0,1000.0,0.0,80.20849204052169,0.0
7.216666666666667,6.46,34.755254101244425,0.0,31.916338742927422,23.0,1000.0,0.0,80.21442548617821,0.0
7.233333333333333,6.46,34.97380160685164,0.0,32.12874408189868,23.0,1000.0,0.0,80.22043760798324,0.0
7.25,6.46,35.19232278888755,0.0,32.341608972783845,23.0,1000.0,0.0,80.22652829115732,0.0
7.266666666666667,6.46,35.41081972967568,0.0,32.554897062774145,23.0,1000.0,0.0,80.23269741942535,0.0
7.283333333333333,6.46,35.62929434681753,0.0,32.768574874746164,23.0,1000.0,0.0,80.23894487501867,0.0
7.3,6.46,35.84774840622294,0.0,32.982611579781015,23.0,1000.0,0.0,80.24527053867745,0.0
7.316666666666666,6.46,36.06618353410962,0.0,33.196978787678404,23.0,1000.0,0.0,80.25167428965285,0.0
7.333333333333333,6.46,36.28460122805348,0.0,33.41165035404203,23.0,1000.0,0.0,80.25815600570937,0.0
7.35,6.46,36.50300286716486,0.0,33.62660220262548,23.0,1000.0,0.0,80.26471556312717,0.0
7.366666666666666,6.46,36.721389721459694,0.0,33.841812161731426,23.0,1000.0,0.0,80.27135283670444,0.0
7.383333333333334,6.46,36.93976296048943,0.0,34.05725981355248,23.0,1000.0,0.0,80.27806769975973,0.0
7.4,6.46,37.15812366128827,0.0,34.27292635542988,23.0,1000.0,0.0,80.28486002413442,0.0
7.416666666666667,6.46,37.376472815691734,0.0,34.488794472087335,23.0,1000.0,0.0,80.29172968019515,0.0
7.433333333333334,6.46,37.59481133707629,0.0,34.70484821797178,23.0,1000.0,0.0,80.29867653683624,0.0
7.45,6.46,37.813140066565836,0.0,34.921072908901536,23.0,1000.0,0.0,80.30570046148226,0.0
7.466666666666667,6.46,38.031459778747276,0.0,35.13745502228568,23.0,1000.0,0.0,80.3128013200905,0.0
7.483333333333333,6.46,38.24977118693387,0.0,35.3539821052365,23.0,1000.0,0.0,80.31997897715353,0.0
7.5,6.46,38.46807494801231,0.0,35.57064268995074,23.0,1000.0,0.0,80.32723329570179,0.0
7.516666666666667,6.46,38.68637166690633,0.0,35.78742621578459,23.0,1000.0,0.0,80.33456413730623,0.0
7.533333333333333,6.46,38.90466190068724,0.0,36.004322957492924,23.0,1000.0,0.0,80.34197136208086,0.0
7.55,6.46,39.12294616235926,0.0,36.221323959145174,23.0,1000.0,0.0,80.3494548286855,0.0
7.566666666666666,6.46,39.34122492434549,0.0,36.43842097326876,23.0,1000.0,0.0,80.3570143943284,0.0
7.583333333333333,6.46,39.55949862169802,0.0,36.65560640480663,23.0,1000.0,0.0,80.36464991476905,0.0
7.6,6.46,39.7777676550542,0.0,36.87287325950796,23.0,1000.0,0.0,80.37236124432083,0.0
7.616666666666666,6.46,39.996032393359,0.0,37.09021509640144,23.0,1000.0,0.0,80.38014823585381,0.0
7.633333333333334,6.46,40.21429317637204,0.0,37.30762598402816,23.0,1000.0,0.0,80.38801074079761,0.0
7.65,6.46,40.432550316976275,0.0,37.525100460136684,23.0,1000.0,0.0,80.39594860914417,0.0
7.666666666666667,6.46,40.650804103304104,0.0,37.74263349456645,23.0,1000.0,0.0,80.40396168945057,0.0
7.683333333333334,6.46,40.86905480069523,0.0,37.96022045506723,23.0,1000.0,0.0,80.41204982884203,0.0
7.7,6.46,41.087302653499684,0.0,38.1778570758225,23.0,1000.0,0.0,80.42021287301472,0.0
7.716666666666667,6.46,41.30554788673821,0.0,38.39553942846274,23.0,1000.0,0.0,80.42845066623873,0.0
7.733333333333333,6.46,41.52379070763131,0.0,38.6132638953717,23.0,1000.0,0.0,80.43676305136105,0.0
7.75,6.46,41.742031307007345,0.0,38.83102714510432,23.0,1000.0,0.0,80.44514986980855,0.0
7.766666666666667,6.46,41.96026986059919,0.0,39.04882610974916,23.0,1000.0,0.0,80.45361096159097,0.0
7.783333333333333,6.46,42.1785065302384,0.0,39.26665796408161,23.0,1000.0,0.0,80.462146165304,0.0
7.8,6.46,42.39674146495487,0.0,39.48452010636618,23.0,1000.0,0.0,80.47075531813239,0.0
7.816666666666666,6.46,42.61497480198949,0.0,39.702410140677415,23.0,1000.0,0.0,80.47943825585294,0.0
7.833333333333333,6.46,42.83320666772672,0.0,39.92032586061929,23.0,1000.0,0.0,80.48819481283775,0.0
7.85,6.46,43.0514371785534,0.0,40.13826523433254,23.0,1000.0,0.0,80.49702482205726,0.0
7.866666666666666,6.46,43.2696664416496,0.0,40.356226390687915,23.0,1000.0,0.0,80.50592811508352,0.0
7.883333333333334,6.46,43.487894555716906,0.0,40.574207606571655,23.0,1000.0,0.0,80.51490452209337,0.0
7.9,6.46,43.70612161164914,0.0,40.79220729517675,23.0,1000.0,0.0,80.52395387187164,0.0
7.916666666666667,6.46,43.92434769314997,0.0,41.01022399522041,23.0,1000.0,0.0,80.53307599181446,0.0
7.933333333333334,6.46,44.142572877301696,0.0,41.22825636101445,23.0,1000.0,0.0,80.54227070793246,0.0
7.95,6.46,44.36079723508904,0.0,41.44630315332125,23.0,1000.0,0.0,80.55153784485424,0.0
7.966666666666667,6.46,44.579020831881465,0.0,41.66436323093294,23.0,1000.0,0.0,80.56087722582954,0.0
7.983333333333333,6.46,44.7972437278774,0.0,41.88243554291679,23.0,1000.0,0.0,80.57028867273269,0.0
8.0,6.46,45.015465978513284,0.0,42.10051912147399,23.0,1000.0,0.0,80.57977200606604,0.0
8.016666666666667,6.46,45.23368763484026,0.0,42.318613075363366,23.0,1000.0,0.0,80.58932704496323,0.0
8.033333333333333,6.46,45.45190874387107,0.0,42.536716583845305,23.0,1000.0,0.0,80.59895360719281,0.0
8.05,6.46,45.670129348899536,0.0,42.754828891104694,23.0,1000.0,0.0,80.6086515091616,0.0
8.066666666666666,6.46,45.8883494897947,0.0,42.972949301115115,23.0,1000.0,0.0,80.61842056591824,0.0
8.083333333333334,6.46,46.10656920327179,0.0,43.191077172909246,23.0,1000.0,0.0,80.62826059115662,0.0
8.1,6.46,46.32478852314166,0.0,43.40921191622343,23.0,1000.0,0.0,80.63817139721955,0.0
8.116666666666667,6.46,46.54300748054059,0.0,43.627352987486745,23.0,1000.0,0.0,80.64815279510226,0.0
8.133333333333333,6.46,46.761226104141784,0.0,43.8454998861274,23.0,1000.0,0.0,80.65820459445602,0.0
8.15,6.46,46.97944442035029,0.0,44.06365215117129,23.0,1000.0,0.0,80.66832660359175,0.0
8.166666666666666,6.46,47.19766245348238,0.0,44.28180935810961,23.0,1000.0,0.0,80.67851862948368,0.0
8.183333333333334,6.46,47.415880225930785,0.0,44.4999711160143,23.0,1000.0,0.0,80.688780477773,0.0
8.2,6.46,47.634097758316855,0.0,44.71813706488161,23.0,1000.0,0.0,80.6991119527716,0.0
8.216666666666667,6.46,47.852315069630706,0.0,44.93630687318585,23.0,1000.0,0.0,80.70951285746581,0.0
8.233333333333333,6.46,48.07053217736023,0.0,45.15448023562665,23.0,1000.0,0.0,80.71998299352008,0.0
8.25,6.46,48.288749097609944,0.0,45.37265687105438,23.0,1000.0,0.0,80.73052216128079,0.0
8.266666666666667,6.46,48.50696584521042,0.0,45.59083652055975,23.0,1000.0,0.0,80.74113015978006,0.0
8.283333333333333,6.46,48.725182433819064,0.0,45.80901894571443,23.0,1000.0,0.0,80.75180678673959,0.0
8.3,6.46,48.9433988760129,0.0,46.02720392695095,23.0,1000.0,0.0,80.76255183857451,0.0
8.316666666666666,6.46,49.16161518337406,0.0,46.245391262070726,23.0,1000.0,0.0,80.77336511039718,0.0
8.333333333333334,6.46,49.379831366568474,0.0,46.463580764870045,23.0,1000.0,0.0,80.78424639602117,0.0
8.35,6.46,49.59804743541834,0.0,46.681772263874834,23.0,1000.0,0.0,80.79519548796522,0.0
8.366666666666667,6.46,49.816263398968864,0.0,46.89996560117545,23.0,1000.0,0.0,80.80621217745704,0.0
8.383333333333333,6.46,50.03447926554975,0.0,47.118160631353696,23.0,1000.0,0.0,80.8172962544375,0.0
8.4,6.46,50.25269504283177,0.0,47.33635722049464,23.0,1000.0,0.0,80.82844750756439,0.0
8.416666666666666,6.46,50.470910737878896,0.0,47.5545552452767,23.0,1000.0,0.0,80.83966572421663,0.0
8.433333333333334,6.46,50.689126357196315,0.0,47.77275459213363,23.0,1000.0,0.0,80.85095069049824,0.0
8.45,6.46,50.90734190677462,0.0,47.99095515648282,23.0,1000.0,0.0,80.8623021912424,0.0
8.466666666666667,6.46,51.12555739213051,0.0,48.20915684201467,23.0,1000.0,0.0,80.87372001001563,0.0
8.483333333333333,6.46,51.3437728183443,0.0,48.427359560038134,23.0,1000.0,0.0,80.88520392912177,0.0
8.5,6.46,51.56198819009442,0.0,48.64556322887807,23.0,1000.0,0.0,80.89675372960627,0.0
8.516666666666667,6.46,51.78020351168921,0.0,48.86376777332023,23.0,1000.0,0.0,80.90836919126026,0.0
8.533333333333333,6.46,51.9984187870962,0.0,49.08197312410018,23.0,1000.0,0.0,80.92005009262479,0.0
8.55,6.46,52.21663401996907,0.0,49.300179217432664,23.0,1000.0,0.0,80.931796210995,0.0
8.566666666666666,6.46,52.434849213672486,0.0,49.518385994578125,23.0,1000.0,0.0,80.94360732242444,0.0
8.583333333333334,6.46,52.653064371304936,0.0,49.73659340144361,23.0,1000.0,0.0,80.95548320172928,0.0
8.6,6.46,52.87127949571982,0.0,49.95480138821518,23.0,1000.0,0.0,80.96742362249255,0.0
8.616666666666667,6.46,53.0894945895448,0.0,50.17300990901942,23.0,1000.0,0.0,80.97942835706857,0.0
8.633333333333333,6.46,53.30770965519969,0.0,50.391218921611724,23.0,1000.0,0.0,80.99149717658719,0.0
8.65,6.46,53.52592469491288,0.0,50.60942838708925,23.0,1000.0,0.0,81.00362985095816,0.0
8.666666666666666,6.46,53.74413971073649,0.0,50.82763826962656,23.0,1000.0,0.0,81.01582614887553,0.0
8.683333333333334,6.46,53.962354704560305,0.0,51.04584853623218,23.0,1000.0,0.0,81.02808583782209,0.0
8.7,6.46,54.18056967812461,0.0,51.26405915652442,23.0,1000.0,0.0,81.04040868407368,0.0
8.716666666666667,6.46,54.398784633032044,0.0,51.48227010252493,23.0,1000.0,0.0,81.05279445270381,0.0
8.733333333333333,6.46,54.616999570758445,0.0,51.7004813484686,23.0,1000.0,0.0,81.06524290758796,0.0
8.75,6.46,54.835214492662914,0.0,51.918692870628455,23.0,1000.0,0.0,81.07775381140819,0.0
8.766666666666667,6.46,55.05342939999705,0.0,52.13690464715444,23.0,1000.0,0.0,81.09032692565764,0.0
8.783333333333333,6.46,55.27164429391344,0.0,52.35511665792494,23.0,1000.0,0.0,81.10296201064497,0.0
8.8,6.46,55.48985917547349,0.0,52.57332888441007,23.0,1000.0,0.0,81.11565882549912,0.0
8.816666666666666,6.46,55.70807404565465,0.0,52.79154130954574,23.0,1000.0,0.0,81.12841712817371,0.0
8.833333333333334,6.46,55.92628890535704,0.0,53.009753917617736,23.0,1000.0,0.0,81.14123667545175,0.0
8.85,6.46,56.14450375540959,0.0,53.22796669415489,23.0,1000.0,0.0,81.1541172229502,0.0
8.866666666666667,6.46,56.36271859657564,0.0,53.44617962583077,23.0,1000.0,0.0,81.16705852512473,0.0
8.883333333333333,6.46,56.580933429558165,0.0,53.66439270037316,23.0,1000.0,0.0,81.18006033527426,0.0
8.9,6.46,56.79914825500452,0.0,53.88260590648061,23.0,1000.0,0.0,81.19312240554578,0.0
8.916666666666666,6.46,57.01736307351084,0.0,54.10081923374568,23.0,1000.0,0.0,81.20624448693897,0.0
8.933333333333334,6.46,57.235577885626135,0.0,54.31903267258421,23.0,1000.0,0.0,81.21942632931103,0.0
8.95,6.46,57.45379269185595,0.0,54.53724621417019,23.0,1000.0,0.0,81.23266768138137,0.0
8.966666666666667,6.46,57.67200749266587,0.0,54.75545985037579,23.0,1000.0,0.0,81.24596829073639,0.0
8.983333333333333,6.46,57.89022228848463,0.0,54.97367357371614,23.0,1000.0,0.0,81.25932790383439,0.0
9.0,6.46,58.10843707970705,0.0,55.19188737729846,23.0,1000.0,0.0,81.27274626601026,0.0
9.016666666666667,6.46,58.32665186669673,0.0,55.4101012547752,23.0,1000.0,0.0,81.28622312148045,0.0
9.033333333333333,6.46,58.544866649788496,0.0,55.62831520030096,23.0,1000.0,0.0,81.29975821334772,0.0
9.05,6.46,58.76308142929069,0.0,55.846529208492726,23.0,1000.0,0.0,81.31335128360611,0.0
9.066666666666666,6.46,58.981296205487276,0.0,56.064743274393315,23.0,1000.0,0.0,81.32700207314588,0.0
9.083333333333334,6.46,59.19951097863973,0.0,56.28295739343767,23.0,1000.0,0.0,81.34071032175835,0.0
9.1,6.46,59.417725748988865,0.0,56.50117156142186,23.0,1000.0,0.0,81.35447576814092,0.0
9.116666666666667,6.46,59.635940516756435,0.0,56.71938577447451,23.0,1000.0,0.0,81.368298149902,0.0
9.133333333333333,6.46,59.85415528214666,0.0,56.93760002903048,23.0,1000.0,0.0,81.3821772035661,0.0
9.15,6.46,60.07237004534759,0.0,57.15581432180665,23.0,1000.0,0.0,81.39611266457872,0.0
9.166666666666666,6.46,60.290584806532415,0.0,57.37402864977962,23.0,1000.0,0.0,81.41010426731144,0.0
9.183333333333334,6.46,60.50879956586062,0.0,57.59224301016515,23.0,1000.0,0.0,81.42415174506704,0.0
9.2,6.46,60.72701432347907,0.0,57.810457400399244,23.0,1000.0,0.0,81.43825483008443,0.0
9.216666666666667,6.46,60.94522907952301,0.0,58.028671818120735,23.0,1000.0,0.0,81.45241325354394,0.0
9.233333333333333,6.46,61.163443834117,0.0,58.24688626115524,23.0,1000.0,0.0,81.46662674557226,0.0
9.25,6.46,61.38165858737573,0.0,58.46510072750037,23.0,1000.0,0.0,81.4808950352477,0.0
9.266666666666667,6.46,61.59987333940484,0.0,58.68331521531214,23.0,1000.0,0.0,81.49521785060526,0.0
9.283333333333333,6.46,61.818088090301586,0.0,58.90152972289244,23.0,1000.0,0.0,81.50959491864188,0.0
9.3,6.46,62.03630284015555,0.0,59.11974424867748,23.0,1000.0,0.0,81.52402596532161,0.0
9.316666666666666,6.46,62.254517589049215,0.0,59.33795879122717,23.0,1000.0,0.0,81.53851071558081,0.0
9.333333333333334,6.46,62.472732337058545,0.0,59.556173349215356,23.0,1000.0,0.0,81.55304889333341,0.0
9.35,6.46,62.6909470842535,0.0,59.77438792142077,23.0,1000.0,0.0,81.56764022147614,0.0
9.366666666666667,6.46,62.9091618306985,0.0,59.992602506718754,23.0,1000.0,0.0,81.58228442189383,0.0
9.383333333333333,6.46,63.127376576452875,0.0,60.21081710407363,23.0,1000.0,0.0,81.59698121546474,0.0
9.4,6.46,63.34559132157125,0.0,60.42903171253163,23.0,1000.0,0.0,81.61173032206575,0.0
9.416666666666666,6.46,63.563806066103936,0.0,60.647246331214454,23.0,1000.0,0.0,81.62653146057785,0.0
9.433333333333334,6.46,63.782020810097265,0.0,60.86546095931326,23.0,1000.0,0.0,81.64138434889138,0.0
9.45,6.46,64.00023555359391,0.0,61.083675596083204,23.0,1000.0,0.0,81.65628870391144,0.0
9.466666666666667,6.46,64.21845029663315,0.0,61.30189024083835,23.0,1000.0,0.0,81.6712442415633,0.0
9.483333333333333,6.46,64.43666503925117,0.0,61.520104892947025,23.0,1000.0,0.0,81.68625067679777,0.0
9.5,6.46,64.6548797814813,0.0,61.738319551827544,23.0,1000.0,0.0,81.70130772359663,0.0
9.516666666666667,6.46,64.87309452335421,0.0,61.95653421694421,23.0,1000.0,0.0,81.71641509497812,0.0
9.533333333333333,6.46,65.09130926489817,0.0,62.174748887803716,23.0,1000.0,0.0,81.73157250300235,0.0
9.55,6.46,65.3095240061392,0.0,62.392963563951774,23.0,1000.0,0.0,81.74677965877683,0.0
9.566666666666666,6.46,65.52773874710125,0.0,62.611178244970034,23.0,1000.0,0.0,81.76203627246188,0.0
9.583333333333334,6.46,65.7459534878064,0.0,62.82939293047324,23.0,1000.0,0.0,81.77734205327629,0.0
9.6,6.46,65.96416822827497,0.0,63.04760762010661,23.0,1000.0,0.0,81.79269670950275,0.0
9.616666666666667,6.46,66.18238296852567,0.0,63.26582231354343,23.0,1000.0,0.0,81.8080999484934,0.0
9.633333333333333,6.46,66.40059770857575,0.0,63.48403701048283,23.0,1000.0,0.0,81.82355147667552,0.0
9.65,6.46,66.61881244844106,0.0,63.70225171064773,23.0,1000.0,0.0,81.83905099955693,0.0
9.666666666666666,6.46,66.83702718813623,0.0,63.92046641378299,23.0,1000.0,0.0,81.85459822173175,0.0
9.683333333333334,6.46,67.05524192767471,0.0,64.13868111965363,23.0,1000.0,0.0,81.87019284688598,0.0
9.7,6.46,67.27345666706891,0.0,64.35689582804326,23.0,1000.0,0.0,81.88583457780314,0.0
9.716666666666667,6.46,67.49167140633023,0.0,64.57511053875264,23.0,1000.0,0.0,81.90152311636989,0.0
9.733333333333333,6.46,67.70988614546918,0.0,64.79332525159825,23.0,1000.0,0.0,81.91725816358176,0.0
9.75,6.46,67.92810088449545,0.0,65.0115399664111,23.0,1000.0,0.0,81.93303941954885,0.0
9.766666666666667,6.46,68.14631562341795,0.0,65.2297546830356,23.0,1000.0,0.0,81.94886658350146,0.0
9.783333333333333,6.46,68.36453036224488,0.0,65.4479694013284,23.0,1000.0,0.0,81.9647393537959,0.0
9.8,6.46,68.58274510098381,0.0,65.66618412115754,23.0,1000.0,0.0,81.98065742792019,0.0
9.816666666666666,6.46,68.8009598396417,0.0,65.88439884240151,23.0,1000.0,0.0,81.99662050249985,0.0
9.833333333333334,6.46,69.01917457822496,0.0,66.10261356494837,23.0,1000.0,0.0,82.01262827330363,0.0
9.85,6.46,69.2373893167395,0.0,66.32082828869505,23.0,1000.0,0.0,82.02868043524934,0.0
9.866666666666667,6.46,69.45560405519073,0.0,66.53904301354666,23.0,1000.0,0.0,82.04477668240966,0.0
9.883333333333333,6.46,69.67381879358369,0.0,66.75725773941578,23.0,1000.0,0.0,82.0609167080179,0.0
9.9,6.46,69.89203353192298,0.0,66.97547246622192,23.0,1000.0,0.0,82.07710020447398,0.0
9.916666666666666,6.46,70.11024827021284,0.0,67.19368719389097,23.0,1000.0,0.0,82.09332686335009,0.0
9.933333333333334,6.46,70.32846300845718,0.0,67.41190192235466,23.0,1000.0,0.0,82.10959637539676,0.0
9.95,6.46,70.5466777466596,0.0,67.63011665155013,23.0,1000.0,0.0,82.12590843054862,0.0
9.966666666666667,6.46,70.76489248482342,0.0,67.84833138141948,23.0,1000.0,0.0,82.14226271793034,0.0
9.983333333333333,6.46,70.98310722295169,0.0,68.06654611190943,23.0,1000.0,0.0,82.15865892586255,0.0
10.0,6.46,71.20132196104723,0.0,68.28476084297087,23.0,1000.0,0.0,82.1750967418678,0.0
10.016666666666667,6.46,71.41953669911261,0.0,68.50297557455859,23.0,1000.0,0.0,82.19157585267642,0.0
10.033333333333333,6.46,71.63775143715024,0.0,68.72119030663097,23.0,1000.0,0.0,82.20809594423261,0.0
10.05,6.46,71.85596617516231,0.0,68.93940503914966,23.0,1000.0,0.0,82.22465670170034,0.0
10.066666666666666,6.46,72.07418091315083,0.0,69.15761977207936,23.0,1000.0,0.0,82.24125780946933,0.0
10.083333333333334,6.46,72.29239565111766,0.0,69.37583450538756,23.0,1000.0,0.0,82.2578989511611,0.0
10.1,6.46,72.51061038906452,0.0,69.59404923904431,23.0,1000.0,0.0,82.274579809635,0.0
10.116666666666667,6.46,72.72882512699302,0.0,69.81226397302204,23.0,1000.0,0.0,82.29130006699424,0.0
10.133333333333333,6.46,72.94703986490457,0.0,70.03047870729537,23.0,1000.0,0.0,82.30805940459189,0.0
10.15,6.46,73.16525460280053,0.0,70.24869344184091,23.0,1000.0,0.0,82.32485750303702,0.0
10.166666666666666,6.46,73.38346934068213,0.0,70.46690817663713,23.0,1000.0,0.0,82.34169404220076,0.0
10.183333333333334,6.46,73.6016840785505,0.0,70.6851229116642,23.0,1000.0,0.0,82.35856870122231,0.0
10.2,6.46,73.8198988164067,0.0,70.90333764690384,23.0,1000.0,0.0,82.37548115851521,0.0
10.216666666666667,6.46,74.0381135542517,0.0,71.12155238233925,23.0,1000.0,0.0,82.39243109177336,0.0
10.233333333333333,6.46,74.25632829208635,0.0,71.33976711795493,23.0,1000.0,0.0,82.40941817797713,0.0
10.25,6.46,74.4745430299115,0.0,71.55798185373665,23.0,1000.0,0.0,82.42644209339959,0.0
10.266666666666667,6.46,74.6927577677279,0.0,71.77619658967126,23.0,1000.0,0.0,82.44350251361261,0.0
10.283333333333333,6.46,74.91097250553622,0.0,71.99441132574665,23.0,1000.0,0.0,82.46059911349307,0.0
10.3,6.46,75.12918724333713,0.0,72.21262606195171,23.0,1000.0,0.0,82.47773156722906,0.0
10.316666666666666,6.46,75.34740198113118,0.0,72.43084079827617,23.0,1000.0,0.0,82.49489954832602,0.0
10.333333333333334,6.46,75.56561671891895,0.0,72.64905553471057,23.0,1000.0,0.0,82.51210272961305,0.0
10.35,6.46,75.78383145670091,0.0,72.86727027124624,23.0,1000.0,0.0,82.52934078324905,0.0
10.366666666666667,6.46,76.00204619447753,0.0,73.08548500787515,23.0,1000.0,0.0,82.54661338072906,0.0
10.383333333333333,6.46,76.22026093224923,0.0,73.30369974458993,23.0,1000.0,0.0,82.56392019289035,0.0
10.4,6.46,76.4384756700164,0.0,73.5219144813838,23.0,1000.0,0.0,82.58126088991888,0.0
10.416666666666666,6.46,76.65669040777941,0.0,73.74012921825049,23.0,1000.0,0.0,82.59863514135549,0.0
10.433333333333334,6.46,76.87490514553856,0.0,73.95834395518423,23.0,1000.0,0.0,82.61604261610213,0.0
10.45,6.46,77.0931198832942,0.0,74.17655869217974,23.0,1000.0,0.0,82.63348298242829,0.0
10.466666666666667,6.46,77.31133462104656,0.0,74.39477342923212,23.0,1000.0,0.0,82.65095590797723,0.0
10.483333333333333,6.46,77.52954935879592,0.0,74.61298816633686,23.0,1000.0,0.0,82.6684610597723,0.0
10.5,6.46,77.74776409654253,0.0,74.83120290348984,23.0,1000.0,0.0,82.68599810422333,0.0
10.516666666666667,6.46,77.96597883428659,0.0,75.04941764068722,23.0,1000.0,0.0,82.703566707133,0.0
10.533333333333333,6.46,78.1841935720283,0.0,75.26763237792552,23.0,1000.0,0.0,82.72116653370311,0.0
10.55,6.46,78.40240830976786,0.0,75.48584711520148,23.0,1000.0,0.0,82.738797248541,0.0
10.566666666666666,6.46,78.62062304750543,0.0,75.70406185251213,23.0,1000.0,0.0,82.756458515666,0.0
10.583333333333334,6.46,78.83883778524118,0.0,75.92227658985472,23.0,1000.0,0.0,82.77414999851571,0.0
10.6,6.46,79.05705252297524,0.0,76.14049132722673,23.0,1000.0,0.0,82.79187135995248,0.0
10.616666666666667,6.46,79.27526726070775,0.0,76.35870606462582,23.0,1000.0,0.0,82.80962226226985,0.0
10.633333333333333,6.46,79.49348199843882,0.0,76.57692080204986,23.0,1000.0,0.0,82.82740236719891,0.0
10.65,6.46,79.71169673616859,0.0,76.79513553949687,23.0,1000.0,0.0,82.84521133591477,0.0
10.666666666666666,6.46,79.92991147389714,0.0,77.01335027696503,23.0,1000.0,0.0,82.86304882904304,0.0
10.683333333333334,6.46,80.14812621162457,0.0,77.23156501445267,23.0,1000.0,0.0,82.88091450666624,0.0
10.7,6.46,80.36634094935098,0.0,77.44977975195826,23.0,1000.0,0.0,82.89880802833032,0.0
10.716666666666667,6.46,80.58455568707645,0.0,77.66799448948036,23.0,1000.0,0.0,82.91672905305111,0.0
10.733333333333333,6.46,80.80277042480104,0.0,77.88620922701769,23.0,1000.0,0.0,82.93467723932085,0.0
10.75,6.46,81.02098516252482,0.0,78.10442396456902,23.0,1000.0,0.0,82.95265224511458,0.0
10.766666666666667,6.46,81.23919990024787,0.0,78.32263870213326,23.0,1000.0,0.0,82.97065372789683,0.0
10.783333333333333,6.46,81.45741463797023,0.0,78.54085343970938,23.0,1000.0,0.0,82.988681344628,0.0
10.8,6.46,81.67562937569197,0.0,78.75906817729644,23.0,1000.0,0.0,83.00673475177095,0.0
10.816666666666666,6.46,81.89384411341312,0.0,78.97728291489358,23.0,1000.0,0.0,83.0248136052975,0.0
10.833333333333334,6.46,82.11205885113375,0.0,79.1954976525,23.0,1000.0,0.0,83.04291756069505,0.0
10.85,6.46,82.3302735888539,0.0,79.41371239011495,23.0,1000.0,0.0,83.06104627297307,0.0
10.866666666666667,6.46,82.54848832657359,0.0,79.63192712773778,23.0,1000.0,0.0,83.07919939666971,0.0
10.883333333333333,6.46,82.76670306429287,0.0,79.85014186536786,23.0,1000.0,0.0,83.09737658585834,0.0
10.9,6.46,82.98491780201176,0.0,80.06835660300462,23.0,1000.0,0.0,83.11557749415417,0.0
10.916666666666666,6.46,83.2031325397303,0.0,80.28657134064751,23.0,1000.0,0.0,83.13380177472084,0.0
10.933333333333334,6.46,83.42134727744852,0.0,80.50478607829606,23.0,1000.0,0.0,83.152049080277,0.0
10.95,6.46,83.63956201516643,0.0,80.72300081594983,23.0,1000.0,0.0,83.17031906310295,0.0
10.966666666666667,6.46,83.85777675288408,0.0,80.9412155536084,23.0,1000.0,0.0,83.18861137504724,0.0
10.983333333333333,6.46,84.07599149060147,0.0,81.15943029127139,23.0,1000.0,0.0,83.20692566753333,0.0
11.0,6.46,84.29420622831863,0.0,81.37764502893845,23.0,1000.0,0.0,83.22526159156615,0.0
11.016666666666667,6.46,84.51242096603558,0.0,81.59585976660925,23.0,1000.0,0.0,83.24361879773886,0.0
11.033333333333333,6.46,84.73063570375233,0.0,81.81407450428351,23.0,1000.0,0.0,83.26199693623938,0.0
11.05,6.46,84.94885044146889,0.0,82.03228924196095,23.0,1000.0,0.0,83.28039565685714,0.0
11.066666666666666,6.46,85,0.001670651791852862,82.25050397964132,23.0,1000.0,0.0,83.29881460898972,0.0
11.083333333333334,6.46,85,0.003859959105266062,82.4562190364476,23.0,1000.0,0.0,83.31725344164948,0.0
11.1,6.46,85,0.006058082778256674,82.64654265995722,23.0,1000.0,0.0,83.33571180347037,0.0
11.116666666666667,6.46,85,0.008264363177969126,82.82262642469564,23.0,1000.0,0.0,83.35418934271446,0.0
11.133333333333333,6.46,85,0.010478190024741797,82.98553574531863,23.0,1000.0,0.0,83.3726857072787,0.0
11.15,6.46,85,0.012698998699541168,83.13625632302362,23.0,1000.0,0.0,83.3912005447017,0.0
11.166666666666666,6.46,85,0.014926266827670752,83.27570010964584,23.0,1000.0,0.0,83.40973350217033,0.0
11.183333333333334,6.46,85,0.017159511118084145,83.4047108255257,23.0,1000.0,0.0,83.42828422652644,0.0
11.2,6.46,85,0.019398284439178105,83.52406906453366,23.0,1000.0,0.0,83.44685236427371,0.0
11.216666666666667,6.46,85,0.021642173113372406,83.6344970171415,23.0,1000.0,0.0,83.46543756158427,0.0
11.233333333333333,6.46,85,0.02389079441410704,83.73666284011703,23.0,1000.0,0.0,83.4840394643054,0.0
11.25,6.46,85,0.026143794250112058,83.83118469928195,23.0,1000.0,0.0,83.50265771796639,0.0
11.266666666666667,6.46,85,0.028400845022938426,83.91863450979373,23.0,1000.0,0.0,83.52129196778523,0.0
11.283333333333333,6.46,85,0.03066164364478673,83.9995413965828,23.0,1000.0,0.0,83.53994185867535,0.0
11.3,6.46,85,0.03292590970464028,84.07439489588245,23.0,1000.0,0.0,83.5586070352524,0.0
11.316666666666666,6.46,85,0.03519338377160667,84.14364791722302,23.0,1000.0,0.0,83.57728714184101,0.0
11.333333333333334,6.46,85,0.03746382582520194,84.20771948381204,23.0,1000.0,0.0,83.59598182248158,0.0
11.35,6.46,85,0.0397370138030796,84.26699726788131,23.0,1000.0,0.0,83.614690720937,0.0
11.366666666666667,6.46,85,0.04201274225741737,84.32183993634143,23.0,1000.0,0.0,83.63341348069955,0.0
11.383333333333333,6.46,85,0.044290821111832,84.37257932093638,23.0,1000.0,0.0,83.65214974499753,0.0
11.4,6.46,85,0.04657107451130071,84.41952242602885,23.0,1000.0,0.0,83.67089915680216,0.0
11.416666666666666,6.46,85,0.04885333975813051,84.46295328616469,23.0,1000.0,0.0,83.68966135883439,0.0
11.433333333333334,6.46,85,0.05113746632753757,84.50313468465599,23.0,1000.0,0.0,83.7084359935716,0.0
11.45,6.46,85,0.05342331495687997,84.54030974358105,23.0,1000.0,0.0,83.7272227032545,0.0
11.466666666666667,6.46,85,0.055710756803033445,84.57470339482197,23.0,1000.0,0.0,83.74602112989392,0.0
11.483333333333333,6.46,85,0.05799967266281153,84.60652374104029,23.0,1000.0,0.0,83.76483091527761,0.0
11.5,6.46,85,0.060289952251713255,84.63596331482562,23.0,1000.0,0.0,83.78365170097703,0.0
11.516666666666667,6.46,85,0.06258149353663435,84.66320024363574,23.0,1000.0,0.0,83.80248312835428,0.0
11.533333333333333,6.46,85,0.06487420211850445,84.68839932757687,23.0,1000.0,0.0,83.8213248385688,0.0
11.55,6.46,85,0.06716799066111488,84.71171303654526,23.0,1000.0,0.0,83.84017647258428,0.0
11.566666666666666,6.46,85,0.06946277836268111,84.7332824327635,23.0,1000.0,0.0,83.85903767117546,0.0
11.583333333333334,6.46,85,0.07175849046694241,84.75323802429338,23.0,1000.0,0.0,83.87790807493502,0.0
11.6,6.46,85,0.0740550578108407,84.77170055468959,23.0,1000.0,0.0,83.89678732428035,0.0
11.616666666666667,6.46,85,0.07635241640604168,84.78878173357224,23.0,1000.0,0.0,83.91567505946045,0.0
11.633333333333333,6.46,85,0.0786505070517662,84.80458491253849,23.0,1000.0,0.0,83.93457092056276,0.0
11.65,6.46,85,0.08094927497658927,84.81920571050301,23.0,1000.0,0.0,83.95347454752002,0.0
11.666666666666666,6.46,85,0.0832486695070394,84.83273259225106,23.0,1000.0,0.0,83.9723855801171,0.0
11.683333333333334,6.46,85,0.08554864376099301,84.84524740370455,23.0,1000.0,0.0,83.99130365799789,0.0
11.7,6.46,85,0.08784915436400892,84.85682586714007,23.0,1000.0,0.0,84.01022842067215,0.0
11.716666666666667,6.46,85,0.09015016118688635,84.86753803935505,23.0,1000.0,0.0,84.02915950752238,0.0
11.733333333333333,6.46,85,0.0924516271028587,84.87744873555428,23.0,1000.0,0.0,84.04809655781065,0.0
11.75,6.46,85,0.09475351776295389,84.88661792152162,23.0,1000.0,0.0,84.06703921068552,0.0
11.766666666666667,6.46,85,0.09705580138816196,84.89510107644975,23.0,1000.0,0.0,84.08598710518888,0.0
11.783333333333333,6.46,85,0.09935844857715266,84.90294952862327,23.0,1000.0,0.0,84.10493988026279,0.0
11.8,6.46,85,0.10166143212837937,84.91021076598624,23.0,1000.0,0.0,84.12389717475645,0.0
11.816666666666666,6.46,85,0.10396472687549307,84.91692872347335,23.0,1000.0,0.0,84.142858627433,0.0
11.833333333333334,6.46,85,0.10626830953507051,84.9231440488432,23.0,1000.0,0.0,84.1618238769764,0.0
11.85,6.46,85,0.10857215856573521,84.92889434862217,23.0,1000.0,0.0,84.1807925619983,0.0
11.866666666666667,6.46,85,0.11087625403781902,84.93421441564686,23.0,1000.0,0.0,84.199764321045,0.0
11.883333333333333,6.46,85,0.11318057751277531,84.93913643958217,23.0,1000.0,0.0,84.21873879260423,0.0
11.9,6.46,85,0.11548511193161455,84.94369020168841,23.0,1000.0,0.0,84.2377156151121,0.0
11.916666666666666,6.46,85,0.11778984151168691,84.94790325501624,23.0,1000.0,0.0,84.25669442695995,0.0
11.933333333333334,6.46,85,0.1200947516511876,84.95180109111944,23.0,1000.0,0.0,84.27567486650125,0.0
11.95,6.46,85,0.12239982884080701,84.95540729429447,23.0,1000.0,0.0,84.2946565720585,0.0
11.966666666666667,6.46,85,0.12470506058199106,84.95874368427992,23.0,1000.0,0.0,84.31363918193006,0.0
11.983333333333333,6.46,85,0.12701043531131734,84.96183044827926,23.0,1000.0,0.0,84.33262233439707,0.0
12.0,6.46,85,0.12931594233052932,84.96468626310582,23.0,1000.0,0.0,84.35160566773041,0.0
12.016666666666667,6.46,85,0.13162157174180528,84.96732840818893,23.0,1000.0,0.0,84.37058882019744,0.0
12.033333333333333,6.46,85,0.1339273143878705,84.96977287012508,23.0,1000.0,0.0,84.38957143006898,0.0
12.05,6.46,85,0.13623316179659015,84.9720344394066,23.0,1000.0,0.0,84.40855313562624,0.0
12.066666666666666,6.46,85,0.13853910612970757,84.97412679991321,23.0,1000.0,0.0,84.42753357516753,0.0
12.083333333333334,6.46,85,0.14084514013541813,84.97606261170787,23.0,1000.0,0.0,84.44651238701539,0.0
12.1,6.46,85,0.14315125710449134,84.97785358763795,23.0,1000.0,0.0,84.46548920952326,0.0
12.116666666666667,6.46,85,0.14545745082967582,84.97951056420507,23.0,1000.0,0.0,84.48446368108249,0.0
12.133333333333333,6.46,85,0.14776371556814175,84.98104356713262,23.0,1000.0,0.0,84.50343544012918,0.0
12.15,6.46,85,0.15007004600673315,84.98246187202751,23.0,1000.0,0.0,84.52240412515108,0.0
12.166666666666666,6.46,85,0.15237643722982006,84.98377406050331,23.0,1000.0,0.0,84.54136937469447,0.0
12.183333333333334,6.46,85,0.1546828846895559,84.98498807210419,23.0,1000.0,0.0,84.56033082737103,0.0
12.2,6.46,85,0.15698938417836036,84.98611125234413,23.0,1000.0,0.0,84.57928812186469,0.0
12.216666666666667,6.46,85,0.15929593180346083,84.98715039715171,23.0,1000.0,0.0,84.59824089693862,0.0
12.233333333333333,6.46,85,0.16160252396333877,84.98811179398965,23.0,1000.0,0.0,84.61718879144196,0.0
12.25,6.46,85,0.16390915732593833,84.9890012598978,23.0,1000.0,0.0,84.63613144431683,0.0
12.266666666666667,6.46,85,0.16621582880850538,84.9898241766899,23.0,1000.0,0.0,84.65506849460512,0.0
12.283333333333333,6.46,85,0.16852253555893495,84.99058552351666,23.0,1000.0,0.0,84.67399958145533,0.0
12.3,6.46,85,0.17082927493851424,84.99128990699285,23.0,1000.0,0.0,84.69292434412961,0.0
12.316666666666666,6.46,85,0.1731360445059568,84.99194158907002,23.0,1000.0,0.0,84.71184242201039,0.0
12.333333333333334,6.46,85,0.17544284200263122,84.99254451282404,23.0,1000.0,0.0,84.73075345460747,0.0
12.35,6.46,85,0.1777496653388951,84.99310232631298,23.0,1000.0,0.0,84.74965708156472,0.0
12.366666666666667,6.46,85,0.1800565125814514,84.99361840465019,23.0,1000.0,0.0,84.76855294266703,0.0
12.383333333333333,6.46,85,0.1823633819416507,84.99409587042581,23.0,1000.0,0.0,84.78744067784714,0.0
12.4,6.46,85,0.18467027176466894,84.99453761260028,23.0,1000.0,0.0,84.80631992719246,0.0
12.416666666666666,6.46,85,0.18697718051949466,84.99494630398442,23.0,1000.0,0.0,84.82519033095203,0.0
12.433333333333334,6.46,85,0.18928410678966542,84.99532441741147,23.0,1000.0,0.0,84.84405152954322,0.0
12.45,6.46,85,0.19159104926469733,84.99567424069933,23.0,1000.0,0.0,84.86290316355868,0.0
12.466666666666667,6.46,85,0.19389800673215588,84.99599789049321,23.0,1000.0,0.0,84.8817448737732,0.0
12.483333333333333,6.46,85,0.19620497807031986,84.99629732507266,23.0,1000.0,0.0,84.90057630115044,0.0
12.5,6.46,85,0.19851196224139442,84.99657435620031,23.0,1000.0,0.0,84.91939708684988,0.0
12.516666666666667,6.46,85,0.20081895828523158,84.99683066008424,23.0,1000.0,0.0,84.93820687223355,0.0
12.533333333333333,6.46,85,0.2031259653135209,84.99706778751995,23.0,1000.0,0.0,84.95700529887299,0.0
12.55,6.46,85,0.2054329825044146,84.99728717327372,23.0,1000.0,0.0,84.97579200855589,0.0
12.566666666666666,6.46,85,0.2077400090975549,84.99749014476376,23.0,1000.0,0.0,84.9945666432931,0.0
12.583333333333334,6.46,85,0.21004704438947336,84.99767793009194,23.0,1000.0,0.0,85.01332884532532,0.0
12.6,6.46,85,0.21235408772933445,84.99785166547454,23.0,1000.0,0.0,85.03207825712997,0.0
12.616666666666667,6.46,85,0.21466113851499766,84.99801240211707,23.0,1000.0,0.0,85.05081452142794,0.0
12.633333333333333,6.46,85,0.2169681961893741,84.99816111257468,23.0,1000.0,0.0,85.06953728119048,0.0
12.65,6.46,85,0.21927526023705587,84.99829869663677,23.0,1000.0,0.0,85.0882461796459,0.0
12.666666666666666,6.46,85,0.22158233018119744,84.99842598677118,23.0,1000.0,0.0,85.10694086028649,0.0
12.683333333333334,6.46,85,0.2238894055806305,84.99854375316123,23.0,1000.0,0.0,85.12562096687509,0.0
12.7,6.46,85,0.22619648602719455,84.99865270836573,23.0,1000.0,0.0,85.14428614345213,0.0
12.716666666666667,6.46,85,0.22850357114326736,84.99875351163041,23.0,1000.0,0.0,85.16293603434225,0.0
12.733333333333333,6.46,85,0.2308106605794801,84.99884677287679,23.0,1000.0,0.0,85.1815702841611,0.0
12.75,6.46,85,0.2331177540126034,84.99893305639253,23.0,1000.0,0.0,85.2001885378221,0.0
12.766666666666667,6.46,85,0.23542485114359166,84.99901288424577,23.0,1000.0,0.0,85.21879044054323,0.0
12.783333333333333,6.46,85,0.23773195169577363,84.99908673944394,23.0,1000.0,0.0,85.23737563785376,0.0
12.8,6.46,85,0.24003905541317838,84.99915506885623,23.0,1000.0,0.0,85.25594377560104,0.0
12.816666666666666,6.46,85,0.24234616205898651,84.99921828591745,23.0,1000.0,0.0,85.27449449995717,0.0
12.833333333333334,6.46,85,0.24465327141409726,84.99927677312955,23.0,1000.0,0.0,85.29302745742578,0.0
12.85,6.46,85,0.2469603832758028,84.999330884376,23.0,1000.0,0.0,85.31154229484879,0.0
12.866666666666667,6.46,85,0.24926749745656177,84.99938094706296,23.0,1000.0,0.0,85.33003865941303,0.0
12.883333333333333,6.46,85,0.25157461378286444,84.9994272641004,23.0,1000.0,0.0,85.34851619865711,0.0
12.9,6.46,85,0.253881732094183,84.99947011573475,23.0,1000.0,0.0,85.366974560478,0.0
12.916666666666666,6.46,85,0.2561888522420002,84.99950976124467,23.0,1000.0,0.0,85.38541339313778,0.0
12.933333333333334,6.46,85,0.25849597408891073,84.99954644050976,23.0,1000.0,0.0,85.40383234527036,0.0
12.95,6.46,85,0.26080309750778974,84.99958037546206,23.0,1000.0,0.0,85.42223106588811,0.0
12.966666666666667,6.46,85,0.26311022238102383,84.99961177142882,23.0,1000.0,0.0,85.44060920438864,0.0
12.983333333333333,6.46,85,0.2654173485997994,84.99964081837487,23.0,1000.0,0.0,85.45896641056133,0.0
13.0,6.46,85,0.267724476063444,84.99966769205204,23.0,1000.0,0.0,85.47730233459416,0.0
13.016666666666667,6.46,85,0.27003160467881765,84.99969255506254,23.0,1000.0,0.0,85.49561662708024,0.0
13.033333333333333,6.46,85,0.2723387343597489,84.99971555784279,23.0,1000.0,0.0,85.51390893902455,0.0
13.05,6.46,85,0.2746458650265136,84.99973683957373,23.0,1000.0,0.0,85.53217892185049,0.0
13.066666666666666,6.46,85,0.2769529966053525,84.99975652902286,23.0,1000.0,0.0,85.55042622740665,0.0
13.083333333333334,6.46,85,0.2792601290280249,84.99977474532342,23.0,1000.0,0.0,85.56865050797332,0.0
13.1,6.46,85,0.2815672622313959,84.99979159869518,23.0,1000.0,0.0,85.58685141626916,0.0
13.116666666666667,6.46,85,0.28387439615705423,84.99980719111137,23.0,1000.0,0.0,85.60502860545778,0.0
13.133333333333333,6.46,85,0.286181530750959,84.99982161691565,23.0,1000.0,0.0,85.62318172915442,0.0
13.15,6.46,85,0.2884886659631125,84.999834963393,23.0,1000.0,0.0,85.64131044143244,0.0
13.166666666666666,6.46,85,0.29079580174725794,84.99984731129776,23.0,1000.0,0.0,85.65941439682999,0.0
13.183333333333334,6.46,85,0.2931029380605993,84.99985873534231,23.0,1000.0,0.0,85.67749325035653,0.0
13.2,6.46,85,0.29541007486354254,84.99986930464915,23.0,1000.0,0.0,85.69554665749949,0.0
13.216666666666667,6.46,85,0.29771721211945607,84.99987908316905,23.0,1000.0,0.0,85.71357427423065,0.0
13.233333333333333,6.46,85,0.30002434979444903,84.99988813006803,23.0,1000.0,0.0,85.7315757570129,0.0
13.25,6.46,85,0.30233148785716624,84.99989650008538,23.0,1000.0,0.0,85.74955076280665,0.0
13.266666666666667,6.46,85,0.30463862627859845,84.99990424386485,23.0,1000.0,0.0,85.76749894907637,0.0
13.283333333333333,6.46,85,0.30694576503190696,84.99991140826103,23.0,1000.0,0.0,85.78541997379716,0.0
13.3,6.46,85,0.309252904092261,84.99991803662292,23.0,1000.0,0.0,85.80331349546125,0.0
13.316666666666666,6.46,85,0.31156004343668775,84.99992416905614,23.0,1000.0,0.0,85.82117917308445,0.0
13.333333333333334,6.46,85,0.313867183043933,84.99992984266571,23.0,1000.0,0.0,85.83901666621271,0.0
13.35,6.46,85,0.316174322894333,84.99993509178042,23.0,1000.0,0.0,85.85682563492858,0.0
13.366666666666667,6.46,85,0.31848146296969504,84.99993994816063,23.0,1000.0,0.0,85.87460573985763,0.0
13.383333333333333,6.46,85,0.32078860325318764,84.99994444119042,23.0,1000.0,0.0,85.892356642175,0.0
13.4,6.46,85,0.32309574372923866,84.99994859805538,23.0,1000.0,0.0,85.91007800361177,0.0
13.416666666666666,6.46,85,0.32540288438344106,84.99995244390709,23.0,1000.0,0.0,85.92776948646149,0.0
13.433333333333334,6.46,85,0.32771002520246567,84.9999560020153,23.0,1000.0,0.0,85.94543075358648,0.0
13.45,6.46,85,0.33001716617398064,84.99995929390874,23.0,1000.0,0.0,85.96306146842439,0.0
13.466666666666667,6.46,85,0.33232430728657675,84.9999623395054,23.0,1000.0,0.0,85.98066129499449,0.0
13.483333333333333,6.46,85,0.3346314485296984,84.99996515723299,23.0,1000.0,0.0,85.99822989790414,0.0
13.5,6.46,85,0.33693858989357983,84.9999677641405,23.0,1000.0,0.0,86.01576694235519,0.0
13.516666666666667,6.46,85,0.33924573136918584,84.9999701760013,23.0,1000.0,0.0,86.03327209415026,0.0
13.533333333333333,6.46,85,0.34155287294815734,84.99997240740863,23.0,1000.0,0.0,86.05074501969919,0.0
13.55,6.46,85,0.34386001462276056,84.9999744718639,23.0,1000.0,0.0,86.06818538602535,0.0
13.566666666666666,6.46,85,0.34616715638584045,84.99997638185827,23.0,1000.0,0.0,86.085592860772,0.0
13.583333333333334,6.46,85,0.34847429823077725,84.99997814894844,23.0,1000.0,0.0,86.1029671122086,0.0
13.6,6.46,85,0.35078144015144647,84.99997978382636,23.0,1000.0,0.0,86.12030780923715,0.0
13.616666666666667,6.46,85,0.35308858214218186,84.99998129638404,23.0,1000.0,0.0,86.13761462139844,0.0
13.633333333333333,6.46,85,0.3553957241977412,84.99998269577337,23.0,1000.0,0.0,86.15488721887843,0.0
13.65,6.46,85,0.3577028663132743,84.99998399046153,23.0,1000.0,0.0,86.17212527251445,0.0
13.666666666666666,6.46,85,0.3600100084842941,84.99998518828218,23.0,1000.0,0.0,86.18932845380147,0.0
13.683333333333334,6.46,85,0.36231715070664905,84.99998629648286,23.0,1000.0,0.0,86.20649643489844,0.0
13.7,6.46,85,0.3646242929764983,84.99998732176887,23.0,1000.0,0.0,86.22362888863442,0.0
13.716666666666667,6.46,85,0.3669314352902884,84.99998827034382,23.0,1000.0,0.0,86.24072548851488,0.0
13.733333333333333,6.46,85,0.36923857764473167,84.99998914794716,23.0,1000.0,0.0,86.2577859087279,0.0
13.75,6.46,85,0.37154572003678654,84.99998995988894,23.0,1000.0,0.0,86.27480982415035,0.0
13.766666666666667,6.46,85,0.3738528624636389,84.99999071108188,23.0,1000.0,0.0,86.29179691035412,0.0
13.783333333333333,6.46,85,0.37616000492268525,84.99999140607117,23.0,1000.0,0.0,86.30874684361227,0.0
13.8,6.46,85,0.3784671474115169,84.99999204906194,23.0,1000.0,0.0,86.32565930090517,0.0
13.816666666666666,6.46,85,0.38077428992790524,84.99999264394467,23.0,1000.0,0.0,86.34253395992674,0.0
13.833333333333334,6.46,85,0.3830814324697886,84.99999319431875,23.0,1000.0,0.0,86.35937049909046,0.0
13.85,6.46,85,0.3853885750352594,84.99999370351429,23.0,1000.0,0.0,86.3761685975356,0.0
13.866666666666667,6.46,85,0.3876957176225529,84.99999417461224,23.0,1000.0,0.0,86.39292793513324,0.0
13.883333333333333,6.46,85,0.3900028602300363,84.99999461046302,23.0,1000.0,0.0,86.40964819249248,0.0
13.9,6.46,85,0.392310002856199,84.9999950137038,23.0,1000.0,0.0,86.42632905096639,0.0
13.916666666666666,6.46,85,0.39461714549964344,84.99999538677443,23.0,1000.0,0.0,86.44297019265817,0.0
13.933333333333334,6.46,85,0.39692428815907665,84.99999573193222,23.0,1000.0,0.0,86.45957130042716,0.0
13.95,6.46,85,0.3992314308333023,84.99999605126558,23.0,1000.0,0.0,86.47613205789487,0.0
13.966666666666667,6.46,85,0.4015385735212137,84.99999634670668,23.0,1000.0,0.0,86.49265214945106,0.0
13.983333333333333,6.46,85,0.40384571622178683,84.99999662004312,23.0,1000.0,0.0,86.5091312602597,0.0
14.0,6.46,85,0.4061528589340744,84.99999687292875,23.0,1000.0,0.0,86.52556907626493,0.0
14.016666666666667,6.46,85,0.4084600016571999,84.99999710689367,23.0,1000.0,0.0,86.54196528419715,0.0
14.033333333333333,6.46,85,0.4107671443903525,84.99999732335354,23.0,1000.0,0.0,86.55831957157886,0.0
14.05,6.46,85,0.41307428713278194,84.99999752361805,23.0,1000.0,0.0,86.57463162673072,0.0
14.066666666666666,6.46,85,0.4153814298837941,84.99999770889893,23.0,1000.0,0.0,86.5909011387774,0.0
14.083333333333334,6.46,85,0.41768857264274695,84.99999788031725,23.0,1000.0,0.0,86.60712779765352,0.0
14.1,6.46,85,0.41999571540904623,84.99999803891019,23.0,1000.0,0.0,86.62331129410958,0.0
14.116666666666667,6.46,85,0.42230285818214236,84.99999818563734,23.0,1000.0,0.0,86.63945131971784,0.0
14.133333333333333,6.46,85,0.4246100009615268,84.99999832138647,23.0,1000.0,0.0,86.65554756687814,0.0
14.15,6.46,85,0.42691714374672907,84.99999844697896,23.0,1000.0,0.0,86.67159972882385,0.0
14.166666666666666,6.46,85,0.42922428653731387,84.99999856317474,23.0,1000.0,0.0,86.68760749962765,0.0
14.183333333333334,6.46,85,0.4315314293328785,84.99999867067685,23.0,1000.0,0.0,86.70357057420729,0.0
14.2,6.46,85,0.4338385721330504,84.99999877013572,23.0,1000.0,0.0,86.71948864833159,0.0
14.216666666666667,6.46,85,0.4361457149374848,84.99999886215316,23.0,1000.0,0.0,86.73536141862603,0.0
14.233333333333333,6.46,85,0.4384528577458628,84.99999894728593,23.0,1000.0,0.0,86.75118858257864,0.0
14.25,6.46,85,0.44076000055788933,84.99999902604914,23.0,1000.0,0.0,86.76696983854572,0.0
14.266666666666667,6.46,85,0.44306714337329145,84.99999909891935,23.0,1000.0,0.0,86.7827048857576,0.0
14.283333333333333,6.46,85,0.44537428619181657,84.99999916633747,23.0,1000.0,0.0,86.79839342432435,0.0
14.3,6.46,85,0.44768142901323105,84.99999922871143,23.0,1000.0,0.0,86.8140351552415,0.0
14.316666666666666,6.46,85,0.44998857183731866,84.99999928641861,23.0,1000.0,0.0,86.82962978039573,0.0
14.333333333333334,6.46,85,0.45229571466387947,84.9999993398082,23.0,1000.0,0.0,86.84517700257057,0.0
14.35,6.46,85,0.4546028574927284,84.99999938920321,23.0,1000.0,0.0,86.86067652545196,0.0
14.366666666666667,6.46,85,0.4569100003236942,84.99999943490253,23.0,1000.0,0.0,86.87612805363408,0.0
14.383333333333333,6.46,85,0.4592171431566186,84.99999947718267,23.0,1000.0,0.0,86.89153129262473,0.0
14.4,6.46,85,0.461524285991355,84.99999951629944,23.0,1000.0,0.0,86.9068859488512,0.0
14.416666666666666,6.46,85,0.4638314288277678,84.99999955248953,23.0,1000.0,0.0,86.92219172966561,0.0
14.433333333333334,6.46,85,0.46613857166573164,84.99999958597189,23.0,1000.0,0.0,86.93744834335067,0.0
14.45,6.46,85,0.46844571450513045,84.99999961694914,23.0,1000.0,0.0,86.95265549912513,0.0
14.466666666666667,6.46,85,0.47075285734585687,84.9999996456087,23.0,1000.0,0.0,86.96781290714937,0.0
14.483333333333333,6.46,85,0.4730600001878115,84.99999967212396,23.0,1000.0,0.0,86.98292027853086,0.0
14.5,6.46,85,0.47536714303090255,84.99999969665538,23.0,1000.0,0.0,86.99797732532973,0.0
14.516666666666667,6.46,85,0.4776742858750449,84.99999971935138,23.0,1000.0,0.0,87.01298376056418,0.0
14.533333333333333,6.46,85,0.47998142872016,84.99999974034928,23.0,1000.0,0.0,87.02793929821605,0.0
14.55,6.46,85,0.48228857156617494,84.99999975977613,23.0,1000.0,0.0,87.04284365323612,0.0
14.566666666666666,6.46,85,0.4845957144130225,84.99999977774948,23.0,1000.0,0.0,87.05769654154963,0.0
14.583333333333334,6.46,85,0.48690285726064036,84.99999979437808,23.0,1000.0,0.0,87.07249768006173,0.0
14.6,6.46,85,0.48921000010897087,84.99999980976254,23.0,1000.0,0.0,87.08724678666275,0.0
14.616666666666667,6.46,85,0.4915171429579607,84.99999982399595,23.0,1000.0,0.0,87.10194358023364,0.0
14.633333333333333,6.46,85,0.4938242858075605,84.99999983716442,23.0,1000.0,0.0,87.11658778065134,0.0
14.65,6.46,85,0.4961314286577247,84.99999984934765,23.0,1000.0,0.0,87.13117910879407,0.0
14.666666666666666,6.46,85,0.49843857150841103,84.99999986061933,23.0,1000.0,0.0,87.14571728654667,0.0
14.683333333333334,6.46,85,0.5007457143595805,84.99999987104768,23.0,1000.0,0.0,87.16020203680588,0.0
14.7,6.46,85,0.5030528572111969,84.99999988069578,23.0,1000.0,0.0,87.1746330834856,0.0
14.716666666666667,6.46,85,0.5053600000632267,84.99999988962203,23.0,1000.0,0.0,87.18901015152224,0.0
14.733333333333333,6.46,85,0.5076671429156391,84.99999989788043,23.0,1000.0,0.0,87.2033329668798,0.0
14.75,6.46,85,0.5099742857684054,84.99999990552094,23.0,1000.0,0.0,87.21760125655523,0.0
14.766666666666667,6.46,85,0.5122814286214992,84.99999991258979,23.0,1000.0,0.0,87.23181474858355,0.0
14.783333333333333,6.46,85,0.5145885714748959,84.99999991912975,23.0,1000.0,0.0,87.24597317204305,0.0
14.8,6.46,85,0.5168957143285728,84.99999992518039,23.0,1000.0,0.0,87.26007625706046,0.0
14.816666666666666,6.46,85,0.5192028571825091,84.99999993077833,23.0,1000.0,0.0,87.27412373481604,0.0
14.833333333333334,6.46,85,0.5215100000366854,84.99999993595743,23.0,1000.0,0.0,87.28811533754876,0.0
14.85,6.46,85,0.5238171428910835,84.99999994074905,23.0,1000.0,0.0,87.30205079856138,0.0
14.866666666666667,6.46,85,0.526124285745687,84.99999994518215,23.0,1000.0,0.0,87.31592985222547,0.0
14.883333333333333,6.46,85,0.5284314286004805,84.99999994928358,23.0,1000.0,0.0,87.32975223398658,0.0
14.9,6.46,85,0.5307385714554498,84.99999995307815,23.0,1000.0,0.0,87.34351768036915,0.0
14.916666666666666,6.46,85,0.5330457143105817,84.9999999565888,23.0,1000.0,0.0,87.3572259289816,0.0
14.933333333333334,6.46,85,0.535352857165864,84.99999995983679,23.0,1000.0,0.0,87.37087671852137,0.0
14.95,6.46,85,0.5376600000212856,84.99999996284177,23.0,1000.0,0.0,87.38446978877977,0.0
14.966666666666667,6.46,85,0.5399671428768359,84.99999996562192,23.0,1000.0,0.0,87.39800488064704,0.0
14.983333333333333,6.46,85,0.5422742857325054,84.99999996819406,23.0,1000.0,0.0,87.41148173611721,0.0
15.0,6.46,85,0.5445814285882851,84.99999997057375,23.0,1000.0,0.0,87.42490009829311,0.0
15.016666666666667,6.46,85,0.5468885714441668,84.9999999727754,23.0,1000.0,0.0,87.4382597113911,0.0
15.033333333333333,6.46,85,0.5491957143001429,84.99999997481233,23.0,1000.0,0.0,87.45156032074613,0.0
15.05,6.46,85,0.5515028571562063,84.99999997669684,23.0,1000.0,0.0,87.46480167281645,0.0
15.066666666666666,6.46,85,0.5538100000123505,84.99999997844037,23.0,1000.0,0.0,87.47798351518851,0.0
15.083333333333334,6.46,85,0.5561171428685694,84.99999998005345,23.0,1000.0,0.0,87.4911055965817,0.0
15.1,6.46,85,0.5584242857248574,84.99999998154583,23.0,1000.0,0.0,87.50416766685322,0.0
15.116666666666667,6.46,85,0.5607314285812093,84.99999998292655,23.0,1000.0,0.0,87.51716947700277,0.0
15.133333333333333,6.46,85,0.5630385714376204,84.99999998420398,23.0,1000.0,0.0,87.53011077917728,0.0
15.15,6.46,85,0.5653457142940863,84.99999998538583,23.0,1000.0,0.0,87.54299132667575,0.0
15.166666666666666,6.46,85,0.5676528571506029,84.99999998647925,23.0,1000.0,0.0,87.55581087395376,0.0
15.183333333333334,6.46,85,0.5699600000071663,84.99999998749087,23.0,1000.0,0.0,87.56856917662836,0.0
15.2,6.46,85,0.572267142863773,84.9999999884268,23.0,1000.0,0.0,87.58126599148251,0.0
15.216666666666667,6.46,85,0.5745742857204199,84.99999998929269,23.0,1000.0,0.0,87.59390107646986,0.0
15.233333333333333,6.46,85,0.5768814285771039,84.9999999900938,23.0,1000.0,0.0,87.60647419071928,0.0
15.25,6.46,85,0.5791885714338222,84.99999999083497,23.0,1000.0,0.0,87.61898509453952,0.0
15.266666666666667,6.46,85,0.5814957142905722,84.99999999152068,23.0,1000.0,0.0,87.63143354942368,0.0
15.283333333333333,6.46,85,0.5838028571473517,84.9999999921551,23.0,1000.0,0.0,87.6438193180538,0.0
15.3,6.46,85,0.5861100000041584,84.99999999274205,23.0,1000.0,0.0,87.65614216430541,0.0
15.316666666666666,6.46,85,0.5884171428609901,84.99999999328509,23.0,1000.0,0.0,87.66840185325195,0.0
15.333333333333334,6.46,85,0.5907242857178452,84.9999999937875,23.0,1000.0,0.0,87.68059815116933,0.0
15.35,6.46,85,0.5930314285747218,84.9999999942523,23.0,1000.0,0.0,87.6927308255403,0.0
15.366666666666667,6.46,85,0.5953385714316183,84.99999999468234,23.0,1000.0,0.0,87.70479964505891,0.0
15.383333333333333,6.46,85,0.5976457142885332,84.9999999950802,23.0,1000.0,0.0,87.71680437963492,0.0
15.4,6.46,85,0.5999528571454652,84.99999999544829,23.0,1000.0,0.0,87.7287448003982,0.0
15.416666666666666,6.46,85,0.602260000002413,84.99999999578884,23.0,1000.0,0.0,87.74062067970304,0.0
15.433333333333334,6.46,85,0.6045671428593754,84.99999999610391,23.0,1000.0,0.0,87.7524317911325,0.0
15.45,6.46,85,0.6068742857163513,84.99999999639542,23.0,1000.0,0.0,87.7641779095027,0.0
15.466666666666667,6.46,85,0.6091814285733397,84.99999999666511,23.0,1000.0,0.0,87.77585881086722,0.0
15.483333333333333,6.46,85,0.6114885714303396,84.99999999691462,23.0,1000.0,0.0,87.78747427252121,0.0
15.5,6.46,85,0.6137957142873502,84.99999999714547,23.0,1000.0,0.0,87.79902407300571,0.0
15.516666666666667,6.46,85,0.6161028571443707,84.99999999735904,23.0,1000.0,0.0,87.81050799211187,0.0
15.533333333333333,6.46,85,0.6184100000014005,84.99999999755663,23.0,1000.0,0.0,87.82192581088508,0.0
15.55,6.46,85,0.6207171428584386,84.99999999773944,23.0,1000.0,0.0,87.83327731162926,0.0
15.566666666666666,6.46,85,0.6230242857154846,84.99999999790857,23.0,1000.0,0.0,87.84456227791085,0.0
15.583333333333334,6.46,85,0.6253314285725379,84.99999999806505,23.0,1000.0,0.0,87.85578049456309,0.0
15.6,6.46,85,0.6276385714295978,84.99999999820982,23.0,1000.0,0.0,87.86693174768999,0.0
15.616666666666667,6.46,85,0.6299457142866639,84.99999999834375,23.0,1000.0,0.0,87.87801582467044,0.0
15.633333333333333,6.46,85,0.6322528571437358,84.99999999846767,23.0,1000.0,0.0,87.88903251416228,0.0
15.65,6.46,85,0.634560000000813,84.99999999858233,23.0,1000.0,0.0,87.89998160610631,0.0
15.666666666666666,6.46,85,0.6368671428578951,84.9999999986884,23.0,1000.0,0.0,87.91086289173032,0.0
15.683333333333334,6.46,85,0.6391742857149818,84.99999999878654,23.0,1000.0,0.0,87.92167616355297,0.0
15.7,6.46,85,0.6414814285720727,84.99999999887733,23.0,1000.0,0.0,87.93242121538789,0.0
15.716666666666667,6.46,85,0.6437885714291675,84.99999999896133,23.0,1000.0,0.0,87.94309784234743,0.0
15.733333333333333,6.46,85,0.6460957142862658,84.99999999903905,23.0,1000.0,0.0,87.9537058408467,0.0
15.75,6.46,85,0.6484028571433674,84.99999999911094,23.0,1000.0,0.0,87.9642450086074,0.0
15.766666666666667,6.46,85,0.6507100000004722,84.99999999917746,23.0,1000.0,0.0,87.97471514466166,0.0
15.783333333333333,6.46,85,0.6530171428575798,84.99999999923901,23.0,1000.0,0.0,87.98511604935588,0.0
15.8,6.46,85,0.65532428571469,84.99999999929595,23.0,1000.0,0.0,87.9954475243545,0.0
15.816666666666666,6.46,85,0.6576314285718027,84.99999999934863,23.0,1000.0,0.0,88.00570937264382,0.0
15.833333333333334,6.46,85,0.6599385714289177,84.99999999939736,23.0,1000.0,0.0,88.01590139853573,0.0
15.85,6.46,85,0.6622457142860347,84.99999999944245,23.0,1000.0,0.0,88.02602340767146,0.0
15.866666666666667,6.46,85,0.6645528571431537,84.99999999948416,23.0,1000.0,0.0,88.03607520702522,0.0
15.883333333333333,6.46,85,0.6668600000002745,84.99999999952276,23.0,1000.0,0.0,88.04605660490795,0.0
15.9,6.46,85,0.6691671428573969,84.99999999955847,23.0,1000.0,0.0,88.05596741097087,0.0
15.916666666666666,6.46,85,0.6714742857145208,84.99999999959151,23.0,1000.0,0.0,88.06580743620925,0.0
15.933333333333334,6.46,85,0.6737814285716461,84.99999999962208,23.0,1000.0,0.0,88.07557649296588,0.0
15.95,6.46,85,0.6760885714287728,84.99999999965036,23.0,1000.0,0.0,88.08527439493467,0.0
15.966666666666667,6.46,85,0.6783957142859006,84.99999999967652,23.0,1000.0,0.0,88.09490095716426,0.0
15.983333333333333,6.46,85,0.6807028571430296,84.99999999970072,23.0,1000.0,0.0,88.10445599606146,0.0
16.0,6.46,85,0.6830100000001597,84.99999999972312,23.0,1000.0,0.0,88.11393932939478,0.0
16.016666666666666,6.46,85,0.6853171428572906,84.99999999974384,23.0,1000.0,0.0,88.12335077629795,0.0
16.033333333333335,6.46,85,0.6876242857144225,84.999999999763,23.0,1000.0,0.0,88.13269015727325,0.0
16.05,6.46,85,0.6899314285715552,84.99999999978074,23.0,1000.0,0.0,88.14195729419502,0.0
16.066666666666666,6.46,85,0.6922385714286887,84.99999999979714,23.0,1000.0,0.0,88.15115201031304,0.0
16.083333333333332,6.46,85,0.6945457142858229,84.99999999981232,23.0,1000.0,0.0,88.16027413025584,0.0
16.1,6.46,85,0.6968528571429577,84.99999999982636,23.0,1000.0,0.0,88.16932348003411,0.0
16.116666666666667,6.46,85,0.6991600000000932,84.99999999983935,23.0,1000.0,0.0,88.17829988704396,0.0
16.133333333333333,6.46,85,0.7014671428572291,84.99999999985137,23.0,1000.0,0.0,88.18720318007023,0.0
16.15,6.46,85,0.7037742857143656,84.9999999998625,23.0,1000.0,0.0,88.19603318928974,0.0
16.166666666666668,6.46,85,0.7060814285715026,84.99999999987278,23.0,1000.0,0.0,88.20478974627454,0.0
16.183333333333334,6.46,85,0.70838857142864,84.9999999998823,23.0,1000.0,0.0,88.21347268399509,0.0
16.2,6.46,85,0.7106957142857778,84.99999999989112,23.0,1000.0,0.0,88.22208183682348,0.0
16.216666666666665,6.46,85,0.713002857142916,84.99999999989926,23.0,1000.0,0.0,88.23061704053652,0.0
16.233333333333334,6.46,85,0.7153100000000545,84.99999999990679,23.0,1000.0,0.0,88.23907813231895,0.0
16.25,6.46,85,0.7176171428571934,84.99999999991377,23.0,1000.0,0.0,88.24746495076643,0.0
16.266666666666666,6.46,85,0.7199242857143325,84.99999999992022,23.0,1000.0,0.0,88.25577733588877,0.0
16.283333333333335,6.46,85,0.7222314285714719,84.99999999992619,23.0,1000.0,0.0,88.26401512911278,0.0
16.3,6.46,85,0.7245385714286117,84.99999999993172,23.0,1000.0,0.0,88.27217817328547,0.0
16.316666666666666,6.46,85,0.7268457142857516,84.99999999993683,23.0,1000.0,0.0,88.28026631267693,0.0
16.333333333333332,6.46,85,0.7291528571428918,84.99999999994156,23.0,1000.0,0.0,88.28827939298333,0.0
16.35,6.46,85,0.7314600000000322,84.99999999994594,23.0,1000.0,0.0,88.29621726132987,0.0
16.366666666666667,6.46,85,0.7337671428571727,84.99999999994999,23.0,1000.0,0.0,88.30407976627367,0.0
16.383333333333333,6.46,85,0.7360742857143134,84.99999999995373,23.0,1000.0,0.0,88.31186675780665,0.0
16.4,6.46,85,0.7383814285714543,84.9999999999572,23.0,1000.0,0.0,88.31957808735844,0.0
16.416666666666668,6.46,85,0.7406885714285953,84.9999999999604,23.0,1000.0,0.0,88.32721360779908,0.0
16.433333333333334,6.46,85,0.7429957142857365,84.99999999996336,23.0,1000.0,0.0,88.33477317344199,0.0
16.45,6.46,85,0.7453028571428778,84.99999999996611,23.0,1000.0,0.0,88.34225664004663,0.0
16.466666666666665,6.46,85,0.7476100000000192,84.99999999996864,23.0,1000.0,0.0,88.34966386482125,0.0
16.483333333333334,6.46,85,0.7499171428571607,84.99999999997098,23.0,1000.0,0.0,88.3569947064257,0.0
16.5,6.46,85,0.7522242857143023,84.99999999997316,23.0,1000.0,0.0,88.36424902497396,0.0
16.516666666666666,6.46,85,0.7545314285714441,84.99999999997516,23.0,1000.0,0.0,88.371426682037,0.0
16.533333333333335,6.46,85,0.7568385714285859,84.99999999997702,23.0,1000.0,0.0,88.37852754064524,0.0
16.55,6.46,85,0.7591457142857277,84.99999999997874,23.0,1000.0,0.0,88.38555146529124,0.0
16.566666666666666,6.46,85,0.7614528571428697,84.99999999998033,23.0,1000.0,0.0,88.39249832193235,0.0
16.583333333333332,6.46,85,0.7637600000000118,84.99999999998181,23.0,1000.0,0.0,88.39936797799307,0.0
16.6,6.46,85,0.7660671428571538,84.99999999998317,23.0,1000.0,0.0,88.40616030236777,0.0
16.616666666666667,6.46,85,0.768374285714296,84.99999999998444,23.0,1000.0,0.0,88.41287516542306,0.0
16.633333333333333,6.46,85,0.7706814285714382,84.9999999999856,23.0,1000.0,0.0,88.41951243900031,0.0
16.65,6.46,85,0.7729885714285805,84.99999999998668,23.0,1000.0,0.0,88.42607199641812,0.0
16.666666666666668,6.46,85,0.7752957142857227,84.99999999998768,23.0,1000.0,0.0,88.43255371247464,0.0
16.683333333333334,6.46,85,0.777602857142865,84.9999999999886,23.0,1000.0,0.0,88.43895746345004,0.0
16.7,6.46,85,0.7799100000000074,84.99999999998946,23.0,1000.0,0.0,88.44528312710882,0.0
16.716666666666665,6.46,85,0.7822171428571498,84.99999999999025,23.0,1000.0,0.0,88.45153058270215,0.0
16.733333333333334,6.46,85,0.7845242857142922,84.99999999999098,23.0,1000.0,0.0,88.45769971097015,0.0
16.75,6.46,85,0.7868314285714347,84.99999999999166,23.0,1000.0,0.0,88.46379039414425,0.0
16.766666666666666,6.46,85,0.7891385714285772,84.99999999999228,23.0,1000.0,0.0,88.46980251594928,0.0
16.783333333333335,6.46,85,0.7914457142857197,84.99999999999287,23.0,1000.0,0.0,88.4757359616058,0.0
16.8,6.46,85,0.7937528571428623,84.9999999999934,23.0,1000.0,0.0,88.48159061783227,0.0
16.816666666666666,6.46,85,0.7960600000000049,84.9999999999939,23.0,1000.0,0.0,88.48736637284712,0.0
16.833333333333332,6.46,85,0.7983671428571475,84.99999999999436,23.0,1000.0,0.0,88.49306311637105,0.0
16.85,6.46,85,0.8006742857142901,84.99999999999478,23.0,1000.0,0.0,88.49868073962891,0.0
16.866666666666667,6.46,85,0.8029814285714327,84.99999999999517,23.0,1000.0,0.0,88.50421913535197,0.0
16.883333333333333,6.46,85,0.8052885714285754,84.99999999999552,23.0,1000.0,0.0,88.50967819777986,0.0
16.9,6.46,85,0.807595714285718,84.99999999999586,23.0,1000.0,0.0,88.51505782266257,0.0
16.916666666666668,6.46,85,0.8099028571428607,84.99999999999618,23.0,1000.0,0.0,88.5203579072625,0.0
16.933333333333334,6.46,85,0.8122100000000034,84.99999999999646,23.0,1000.0,0.0,88.52557835035635,0.0
16.95,6.46,85,0.8145171428571462,84.99999999999673,23.0,1000.0,0.0,88.53071905223713,0.0
16.966666666666665,6.46,85,0.8168242857142889,84.99999999999697,23.0,1000.0,0.0,88.53577991471595,0.0
16.983333333333334,6.46,85,0.8191314285714316,84.9999999999972,23.0,1000.0,0.0,88.54076084112398,0.0
17.0,6.46,85,0.8214385714285743,84.99999999999741,23.0,1000.0,0.0,88.54566173631426,0.0
17.016666666666666,6.46,85,0.8237457142857171,84.99999999999761,23.0,1000.0,0.0,88.55048250666351,0.0
17.033333333333335,6.46,85,0.8260528571428598,84.9999999999978,23.0,1000.0,0.0,88.55522306007389,0.0
17.05,6.46,85,0.8283600000000025,84.99999999999797,23.0,1000.0,0.0,88.55988330597476,0.0
17.066666666666666,6.46,85,0.8306671428571453,84.99999999999812,23.0,1000.0,0.0,88.56446315532449,0.0
17.083333333333332,6.46,85,0.832974285714288,84.99999999999827,23.0,1000.0,0.0,88.56896252061202,0.0
17.1,6.46,85,0.8352814285714307,84.9999999999984,23.0,1000.0,0.0,88.57338131585863,0.0
17.116666666666667,6.46,85,0.8375885714285736,84.99999999999851,23.0,1000.0,0.0,88.57771945661948,0.0
17.133333333333333,6.46,85,0.8398957142857164,84.99999999999862,23.0,1000.0,0.0,88.58197685998535,0.0
17.15,6.46,85,0.8422028571428593,84.99999999999872,23.0,1000.0,0.0,88.58615344458408,0.0
17.166666666666668,6.46,85,0.8445100000000021,84.99999999999882,23.0,1000.0,0.0,88.59024913058224,0.0
17.183333333333334,6.46,85,0.8468171428571449,84.9999999999989,23.0,1000.0,0.0,88.59426383968655,0.0
17.2,6.46,85,0.8491242857142878,84.99999999999899,23.0,1000.0,0.0,88.59819749514543,0.0
17.216666666666665,6.46,85,0.8514314285714306,84.99999999999906,23.0,1000.0,0.0,88.60205002175043,0.0
17.233333333333334,6.46,85,0.8537385714285735,84.99999999999913,23.0,1000.0,0.0,88.60582134583768,0.0
17.25,6.46,85,0.8560457142857163,84.9999999999992,23.0,1000.0,0.0,88.6095113952893,0.0
17.266666666666666,6.46,85,0.8583528571428591,84.99999999999926,23.0,1000.0,0.0,88.6131200995348,0.0
17.283333333333335,6.46,85,0.860660000000002,84.99999999999932,23.0,1000.0,0.0,88.6166473895523,0.0
17.3,6.46,85,0.8629671428571448,84.99999999999937,23.0,1000.0,0.0,88.62009319786999,0.0
17.316666666666666,6.46,85,0.8652742857142877,84.99999999999942,23.0,1000.0,0.0,88.62345745856732,0.0
17.333333333333332,6.46,85,0.8675814285714305,84.99999999999946,23.0,1000.0,0.0,88.62674010727632,0.0
17.35,6.46,85,0.8698885714285733,84.9999999999995,23.0,1000.0,0.0,88.62994108118278,0.0
17.366666666666667,6.46,85,0.8721957142857162,84.99999999999955,23.0,1000.0,0.0,88.63306031902746,0.0
17.383333333333333,6.46,85,0.874502857142859,84.99999999999957,23.0,1000.0,0.0,88.63609776110728,0.0
17.4,6.46,85,0.8768100000000019,84.9999999999996,23.0,1000.0,0.0,88.63905334927638,0.0
17.416666666666668,6.46,85,0.8791171428571447,84.99999999999963,23.0,1000.0,0.0,88.64192702694731,0.0
17.433333333333334,6.46,85,0.8814242857142875,84.99999999999966,23.0,1000.0,0.0,88.64471873909211,0.0
17.45,6.46,85,0.8837314285714304,84.99999999999969,23.0,1000.0,0.0,88.64742843224327,0.0
17.466666666666665,6.46,85,0.8860385714285732,84.99999999999972,23.0,1000.0,0.0,88.65005605449485,0.0
17.483333333333334,6.46,85,0.8883457142857161,84.99999999999973,23.0,1000.0,0.0,88.65260155550338,0.0
17.5,6.46,85,0.8906528571428589,84.99999999999974,23.0,1000.0,0.0,88.6550648864889,0.0
17.516666666666666,0.0,85,0.8906528571428589,84.99999999999976,23.0,1000.0,0.0,88.65744600023582,0.0
17.533333333333335,0.0,85,0.8906528571428589,84.99999999999977,23.0,1000.0,0.0,88.65974485109386,0.0
17.55,0.0,85,0.8906528571428589,84.99999999999979,23.0,1000.0,0.0,88.66196139497889,0.0
17.566666666666666,0.0,85,0.8906528571428589,84.9999999999998,23.0,1000.0,0.0,88.6640955893738,0.0
17.583333333333332,0.0,85,0.8906528571428589,84.99999999999982,23.0,1000.0,0.0,88.66614739332933,0.0
17.6,0.0,85,0.8906528571428589,84.99999999999983,23.0,1000.0,0.0,88.66811676746474,0.0
17.616666666666667,0.0,85,0.8906528571428589,84.99999999999984,23.0,1000.0,0.0,88.6700036739687,0.0
17.633333333333333,0.0,85,0.8906528571428589,84.99999999999986,23.0,1000.0,0.0,88.67180807659992,0.0
17.65,0.0,85,0.8906528571428589,84.99999999999987,23.0,1000.0,0.0,88.67352994068787,0.0
17.666666666666668,0.0,85,0.8906528571428589,84.99999999999989,23.0,1000.0,0.0,88.67516923313342,0.0
17.683333333333334,0.0,85,0.8906528571428589,84.9999999999999,23.0,1000.0,0.0,88.67672592240947,0.0
17.7,0.0,85,0.8906528571428589,84.99999999999991,23.0,1000.0,0.0,88.67819997856164,0.0
17.716666666666665,0.0,85,0.8906528571428589,84.99999999999991,23.0,1000.0,0.0,88.67959137320868,0.0
17.733333333333334,0.0,85,0.8906528571428589,84.99999999999991,23.0,1000.0,0.0,88.68090007954315,0.0
17.75,0.0,85,0.8906528571428589,84.99999999999991,23.0,1000.0,0.0,88.68212607233185,0.0
17.766666666666666,0.0,85,0.8906528571428589,84.99999999999991,23.0,1000.0,0.0,88.68326932791636,0.0
17.783333333333335,0.0,85,0.8906528571428589,84.99999999999991,23.0,1000.0,0.0,88.68432982421339,0.0
17.8,0.0,85,0.8906528571428589,84.99999999999991,23.0,1000.0,0.0,88.68530754071534,0.0
17.816666666666666,0.0,85,0.8906528571428589,84.99999999999991,23.0,1000.0,0.0,88.68620245849058,0.0
17.833333333333332,0.0,85,0.8906528571428589,84.99999999999991,23.0,1000.0,0.0,88.68701456018385,0.0
17.85,0.0,85,0.8906528571428589,84.99999999999991,23.0,1000.0,0.0,88.68774383001661,0.0
17.866666666666667,0.0,85,0.8906528571428589,84.99999999999991,23.0,1000.0,0.0,88.68839025378729,0.0
17.883333333333333,0.0,85,0.8906528571428589,84.99999999999991,23.0,1000.0,0.0,88.68895381887161,0.0
17.9,0.0,85,0.8906528571428589,84.99999999999991,23.0,1000.0,0.0,88.68943451422278,0.0
17.916666666666668,0.0,85,0.8906528571428589,84.99999999999991,23.0,1000.0,0.0,88.68983233037177,0.0
17.933333333333334,0.0,85,0.8906528571428589,84.99999999999991,23.0,1000.0,0.0,88.69014725942742,0.0
17.95,0.0,85,0.8906528571428589,84.99999999999991,23.0,1000.0,0.0,88.69037929507661,0.0
17.966666666666665,0.0,85,0.8906528571428589,84.99999999999991,23.0,1000.0,0.0,88.69052843258441,0.0
17.983333333333334,0.0,85,0.8906528571428589,84.99999999999991,23.0,1000.0,0.0,88.69059466879415,0.0
18.0,0.0,85,0.8906528571428589,84.99999999999991,23.0,1000.0,0.0,88.69057800212748,0.0
18.016666666666666,0.0,85,0.8906528571428589,84.99999999999991,23.0,1000.0,0.0,88.69056133546081,0.0
18.033333333333335,0.0,85,0.8906528571428589,84.99999999999991,23.0,1000.0,0.0,88.69054466879416,0.0
18.05,0.0,85,0.8906528571428589,84.99999999999991,23.0,1000.0,0.0,88.6905280021275,0.0
18.066666666666666,0.0,85,0.8906528571428589,84.99999999999991,23.0,1000.0,0.0,88.69051133546083,0.0
18.083333333333332,0.0,85,0.8906528571428589,84.99999999999991,23.0,1000.0,0.0,88.69049466879414,0.0
18.1,0.0,85,0.8906528571428589,84.99999999999991,23.0,1000.0,0.0,88.69047800212749,0.0
18.116666666666667,0.0,85,0.8906528571428589,84.99999999999991,23.0,1000.0,0.0,88.69046133546082,0.0
18.133333333333333,0.0,85,0.8906528571428589,84.99999999999991,23.0,1000.0,0.0,88.69044466879416,0.0
18.15,0.0,85,0.8906528571428589,84.99999999999991,23.0,1000.0,0.0,88.69042800212749,0.0
18.166666666666668,0.0,85,0.8906528571428589,84.99999999999991,23.0,1000.0,0.0,88.69041133546082,0.0
18.183333333333334,0.0,85,0.8906528571428589,84.99999999999991,23.0,1000.0,0.0,88.69039466879416,0.0
18.2,0.0,85,0.8906528571428589,84.99999999999991,23.0,1000.0,0.0,88.69037800212749,0.0
18.216666666666665,0.0,85,0.8906528571428589,84.99999999999991,23.0,1000.0,0.0,88.69036133546082,0.0
18.233333333333334,0.0,85,0.8906528571428589,84.99999999999991,23.0,1000.0,0.0,88.69034466879415,0.0
18.25,0.0,85,0.8906528571428589,84.99999999999991,23.0,1000.0,0.0,88.69032800212749,0.0
18.266666666666666,0.0,85,0.8906528571428589,84.99999999999991,23.0,1000.0,0.0,88.69031133546082,0.0
18.283333333333335,0.0,85,0.8906528571428589,84.99999999999991,23.0,1000.0,0.0,88.69029466879415,0.0
18.3,0.0,85,0.8906528571428589,84.99999999999991,23.0,1000.0,0.0,88.69027800212749,0.0
18.316666666666666,0.0,85,0.8906528571428589,84.99999999999991,23.0,1000.0,0.0,88.69026133546082,0.0
18.333333333333332,0.0,85,0.8906528571428589,84.99999999999991,23.0,1000.0,0.0,88.69024466879415,0.0
18.35,0.0,85,0.8906528571428589,84.99999999999991,23.0,1000.0,0.0,88.6902280021275,0.0
18.366666666666667,0.0,85,0.8906528571428589,84.99999999999991,23.0,1000.0,0.0,88.69021133546082,0.0
18.383333333333333,0.0,85,0.8906528571428589,84.99999999999991,23.0,1000.0,0.0,88.69019466879415,0.0
18.4,0.0,85,0.8906528571428589,84.99999999999991,23.0,1000.0,0.0,88.69017800212748,0.0
18.416666666666668,0.0,85,0.8906528571428589,84.99999999999991,23.0,1000.0,0.0,88.69016133546083,0.0
18.433333333333334,0.0,85,0.8906528571428589,84.99999999999991,23.0,1000.0,0.0,88.69014466879416,0.0
18.45,0.0,85,0.8906528571428589,84.99999999999991,23.0,1000.0,0.0,88.6901280021275,0.0
18.466666666666665,0.0,85,0.8906528571428589,84.99999999999991,23.0,1000.0,0.0,88.69011133546081,0.0
18.483333333333334,0.0,85,0.8906528571428589,84.99999999999991,23.0,1000.0,0.0,88.69009466879415,0.0
18.5,0.0,85,0.8906528571428589,84.99999999999991,23.0,1000.0,0.0,88.69007800212749,0.0
18.516666666666666,0.0,85,0.8906528571428589,84.99999999999991,23.0,1000.0,0.0,88.69006133546083,0.0
18.533333333333335,0.0,85,0.8906528571428589,84.99999999999991,23.0,1000.0,0.0,88.69004466879416,0.0
18.55,0.0,85,0.8906528571428589,84.99999999999991,23.0,1000.0,0.0,88.69002800212749,0.0
18.566666666666666,0.0,85,0.8906528571428589,84.99999999999991,23.0,1000.0,0.0,88.69001133546081,0.0
18.583333333333332,0.0,85,0.8906528571428589,84.99999999999991,23.0,1000.0,0.0,88.68999466879416,0.0
18.6,0.0,85,0.8906528571428589,84.99999999999991,23.0,1000.0,0.0,88.68997800212749,0.0
18.616666666666667,0.0,85,0.8906528571428589,84.99999999999991,23.0,1000.0,0.0,88.68996133546082,0.0
18.633333333333333,0.0,85,0.8906528571428589,84.99999999999991,23.0,1000.0,0.0,88.68994466879415,0.0
18.65,0.0,85,0.8906528571428589,84.99999999999991,23.0,1000.0,0.0,88.68992800212749,0.0
18.666666666666668,0.0,85,0.8906528571428589,84.99999999999991,23.0,1000.0,0.0,88.68991133546082,0.0
18.683333333333334,0.0,85,0.8906528571428589,84.99999999999991,23.0,1000.0,0.0,88.68989466879415,0.0
18.7,0.0,85,0.8906528571428589,84.99999999999991,23.0,1000.0,0.0,88.68987800212749,0.0
18.716666666666665,0.0,85,0.8906528571428589,84.99999999999991,23.0,1000.0,0.0,88.68986133546082,0.0
18.733333333333334,0.0,85,0.8906528571428589,84.99999999999991,23.0,1000.0,0.0,88.68984466879415,0.0
18.75,0.0,85,0.8906528571428589,84.99999999999991,23.0,1000.0,0.0,88.68982800212748,0.0
18.766666666666666,0.0,85,0.8906528571428589,84.99999999999991,23.0,1000.0,0.0,88.68981133546082,0.0
18.783333333333335,0.0,85,0.8906528571428589,84.99999999999991,23.0,1000.0,0.0,88.68979466879415,0.0
18.8,0.0,85,0.8906528571428589,84.99999999999991,23.0,1000.0,0.0,88.68977800212748,0.0
18.816666666666666,0.0,85,0.8906528571428589,84.99999999999991,23.0,1000.0,0.0,88.68976133546083,0.0
18.833333333333332,0.0,85,0.8906528571428589,84.99999999999991,23.0,1000.0,0.0,88.68974466879416,0.0
18.85,0.0,85,0.8906528571428589,84.99999999999991,23.0,1000.0,0.0,88.68972800212748,0.0
18.866666666666667,0.0,85,0.8906528571428589,84.99999999999991,23.0,1000.0,0.0,88.68971133546081,0.0
18.883333333333333,0.0,85,0.8906528571428589,84.99999999999991,23.0,1000.0,0.0,88.68969466879415,0.0
18.9,0.0,85,0.8906528571428589,84.99999999999991,23.0,1000.0,0.0,88.6896780021275,0.0
18.916666666666668,0.0,85,0.8906528571428589,84.99999999999991,23.0,1000.0,0.0,88.68966133546083,0.0
18.933333333333334,0.0,85,0.8906528571428589,84.99999999999991,23.0,1000.0,0.0,88.68964466879416,0.0
18.95,0.0,85,0.8906528571428589,84.99999999999991,23.0,1000.0,0.0,88.68962800212749,0.0
18.966666666666665,0.0,85,0.8906528571428589,84.99999999999991,23.0,1000.0,0.0,88.68961133546081,0.0
18.983333333333334,0.0,85,0.8906528571428589,84.99999999999991,23.0,1000.0,0.0,88.68959466879416,0.0
19.0,0.0,85,0.8906528571428589,84.99999999999991,23.0,1000.0,0.0,88.68957800212749,0.0
19.016666666666666,0.0,85,0.8906528571428589,84.99999999999991,23.0,1000.0,0.0,88.68956133546082,0.0
19.033333333333335,0.0,85,0.8906528571428589,84.99999999999991,23.0,1000.0,0.0,88.68954466879416,0.0
19.05,0.0,85,0.8906528571428589,84.99999999999991,23.0,1000.0,0.0,88.68952800212749,0.0
19.066666666666666,0.0,85,0.8906528571428589,84.99999999999991,23.0,1000.0,0.0,88.68951133546082,0.0
19.083333333333332,0.0,85,0.8906528571428589,84.99999999999991,23.0,1000.0,0.0,88.68949466879415,0.0
19.1,0.0,85,0.8906528571428589,84.99999999999991,23.0,1000.0,0.0,88.68947800212749,0.0
19.116666666666667,0.0,85,0.8906528571428589,84.99999999999991,23.0,1000.0,0.0,88.68946133546082,0.0
19.133333333333333,0.0,85,0.8906528571428589,84.99999999999991,23.0,1000.0,0.0,88.68944466879415,0.0
19.15,0.0,85,0.8906528571428589,84.99999999999991,23.0,1000.0,0.0,88.68942800212749,0.0
19.166666666666668,0.0,85,0.8906528571428589,84.99999999999991,23.0,1000.0,0.0,88.68941133546082,0.0
19.183333333333334,0.0,85,0.8906528571428589,84.99999999999991,23.0,1000.0,0.0,88.68939466879415,0.0
19.2,0.0,85,0.8906528571428589,84.99999999999991,23.0,1000.0,0.0,88.68937800212748,0.0
19.216666666666665,0.0,85,0.8906528571428589,84.99999999999991,23.0,1000.0,0.0,88.68936133546083,0.0
19.233333333333334,0.0,85,0.8906528571428589,84.99999999999991,23.0,1000.0,0.0,88.68934466879416,0.0
19.25,0.0,85,0.8906528571428589,84.99999999999991,23.0,1000.0,0.0,88.68932800212748,0.0
19.266666666666666,0.0,85,0.8906528571428589,84.99999999999991,23.0,1000.0,0.0,88.68931133546081,0.0
19.283333333333335,0.0,85,0.8906528571428589,84.99999999999991,23.0,1000.0,0.0,88.68929466879415,0.0
19.3,0.0,85,0.8906528571428589,84.99999999999991,23.0,1000.0,0.0,88.6892780021275,0.0
19.316666666666666,0.0,85,0.8906528571428589,84.99999999999991,23.0,1000.0,0.0,88.68926133546083,0.0
19.333333333333332,0.0,85,0.8906528571428589,84.99999999999991,23.0,1000.0,0.0,88.68924466879416,0.0
19.35,0.0,85,0.8906528571428589,84.99999999999991,23.0,1000.0,0.0,88.68922800212748,0.0
19.366666666666667,0.0,85,0.8906528571428589,84.99999999999991,23.0,1000.0,0.0,88.68921133546081,0.0
19.383333333333333,0.0,85,0.8906528571428589,84.99999999999991,23.0,1000.0,0.0,88.68919466879416,0.0
19.4,0.0,85,0.8906528571428589,84.99999999999991,23.0,1000.0,0.0,88.68917800212749,0.0
19.416666666666668,0.0,85,0.8906528571428589,84.99999999999991,23.0,1000.0,0.0,88.68916133546082,0.0
19.433333333333334,0.0,85,0.8906528571428589,84.99999999999991,23.0,1000.0,0.0,88.68914466879416,0.0
19.45,0.0,85,0.8906528571428589,84.99999999999991,23.0,1000.0,0.0,88.68912800212749,0.0
19.466666666666665,0.0,85,0.8906528571428589,84.99999999999991,23.0,1000.0,0.0,88.68911133546082,0.0
19.483333333333334,0.0,85,0.8906528571428589,84.99999999999991,23.0,1000.0,0.0,88.68909466879416,0.0
19.5,0.0,85,0.8906528571428589,84.99999999999991,23.0,1000.0,0.0,88.68907800212749,0.0
19.516666666666666,0.0,85,0.8906528571428589,84.99999999999991,23.0,1000.0,0.0,88.68906133546082,0.0
19.533333333333335,0.0,85,0.8906528571428589,84.99999999999991,23.0,1000.0,0.0,88.68904466879415,0.0
19.55,0.0,85,0.8906528571428589,84.99999999999991,23.0,1000.0,0.0,88.68902800212749,0.0
19.566666666666666,0.0,85,0.8906528571428589,84.99999999999991,23.0,1000.0,0.0,88.68901133546082,0.0
19.583333333333332,0.0,85,0.8906528571428589,84.99999999999991,23.0,1000.0,0.0,88.68899466879415,0.0
19.6,0.0,85,0.8906528571428589,84.99999999999991,23.0,1000.0,0.0,88.68897800212748,0.0
19.616666666666667,0.0,85,0.8906528571428589,84.99999999999991,23.0,1000.0,0.0,88.68896133546083,0.0
19.633333333333333,0.0,85,0.8906528571428589,84.99999999999991,23.0,1000.0,0.0,88.68894466879415,0.0
19.65,0.0,85,0.8906528571428589,84.99999999999991,23.0,1000.0,0.0,88.68892800212748,0.0
19.666666666666668,0.0,85,0.8906528571428589,84.99999999999991,23.0,1000.0,0.0,88.68891133546082,0.0
19.683333333333334,0.0,85,0.8906528571428589,84.99999999999991,23.0,1000.0,0.0,88.68889466879415,0.0
19.7,0.0,85,0.8906528571428589,84.99999999999991,23.0,1000.0,0.0,88.6888780021275,0.0
19.716666666666665,0.0,85,0.8906528571428589,84.99999999999991,23.0,1000.0,0.0,88.68886133546083,0.0
19.733333333333334,0.0,85,0.8906528571428589,84.99999999999991,23.0,1000.0,0.0,88.68884466879415,0.0
19.75,0.0,85,0.8906528571428589,84.99999999999991,23.0,1000.0,0.0,88.68882800212748,0.0
19.766666666666666,0.0,85,0.8906528571428589,84.99999999999991,23.0,1000.0,0.0,88.68881133546081,0.0
19.783333333333335,0.0,85,0.8906528571428589,84.99999999999991,23.0,1000.0,0.0,88.68879466879416,0.0
19.8,0.0,85,0.8906528571428589,84.99999999999991,23.0,1000.0,0.0,88.68877800212749,0.0
19.816666666666666,0.0,85,0.8906528571428589,84.99999999999991,23.0,1000.0,0.0,88.68876133546082,0.0
19.833333333333332,0.0,85,0.8906528571428589,84.99999999999991,23.0,1000.0,0.0,88.68874466879416,0.0
19.85,0.0,85,0.8906528571428589,84.99999999999991,23.0,1000.0,0.0,88.68872800212749,0.0
19.866666666666667,0.0,85,0.8906528571428589,84.99999999999991,23.0,1000.0,0.0,88.68871133546082,0.0
19.883333333333333,0.0,85,0.8906528571428589,84.99999999999991,23.0,1000.0,0.0,88.68869466879416,0.0
19.9,0.0,85,0.8906528571428589,84.99999999999991,23.0,1000.0,0.0,88.68867800212749,0.0
19.916666666666668,0.0,85,0.8906528571428589,84.99999999999991,23.0,1000.0,0.0,88.68866133546082,0.0
19.933333333333334,0.0,85,0.8906528571428589,84.99999999999991,23.0,1000.0,0.0,88.68864466879415,0.0
19.95,0.0,85,0.8906528571428589,84.99999999999991,23.0,1000.0,0.0,88.68862800212749,0.0
19.966666666666665,0.0,85,0.8906528571428589,84.99999999999991,23.0,1000.0,0.0,88.68861133546082,0.0
19.983333333333334,0.0,85,0.8906528571428589,84.99999999999991,23.0,1000.0,0.0,88.68859466879415,0.0
20.0,0.0,85,0.8906528571428589,84.99999999999991,23.0,1000.0,0.0,88.68857800212749,0.0
20.016666666666666,0.0,85,0.8906528571428589,84.99999999999991,23.0,1000.0,0.0,88.68856133546082,0.0
20.033333333333335,0.0,85,0.8906528571428589,84.99999999999991,23.0,1000.0,0.0,88.68854466879415,0.0
20.05,0.0,85,0.8906528571428589,84.99999999999991,23.0,1000.0,0.0,88.68852800212748,0.0
20.066666666666666,0.0,85,0.8906528571428589,84.99999999999991,23.0,1000.0,0.0,88.68851133546082,0.0
20.083333333333332,0.0,85,0.8906528571428589,84.99999999999991,23.0,1000.0,0.0,88.68849466879415,0.0
20.1,0.0,85,0.8906528571428589,84.99999999999991,23.0,1000.0,0.0,88.6884780021275,0.0
20.116666666666667,0.0,85,0.8906528571428589,84.99999999999991,23.0,1000.0,0.0,88.68846133546083,0.0
20.133333333333333,0.0,85,0.8906528571428589,84.99999999999991,23.0,1000.0,0.0,88.68844466879415,0.0
20.15,0.0,85,0.8906528571428589,84.99999999999991,23.0,1000.0,0.0,88.68842800212748,0.0
20.166666666666668,0.0,85,0.8906528571428589,84.99999999999991,23.0,1000.0,0.0,88.68841133546083,0.0
20.183333333333334,0.0,85,0.8906528571428589,84.99999999999991,23.0,1000.0,0.0,88.68839466879416,0.0
20.2,0.0,85,0.8906528571428589,84.99999999999991,23.0,1000.0,0.0,88.6883780021275,0.0
20.216666666666665,0.0,85,0.8906528571428589,84.99999999999991,23.0,1000.0,0.0,88.68836133546083,0.0
20.233333333333334,0.0,85,0.8906528571428589,84.99999999999991,23.0,1000.0,0.0,88.68834466879414,0.0
20.25,0.0,85,0.8906528571428589,84.99999999999991,23.0,1000.0,0.0,88.68832800212749,0.0
20.266666666666666,0.0,85,0.8906528571428589,84.99999999999991,23.0,1000.0,0.0,88.68831133546082,0.0
20.283333333333335,0.0,85,0.8906528571428589,84.99999999999991,23.0,1000.0,0.0,88.68829466879416,0.0
20.3,0.0,85,0.8906528571428589,84.99999999999991,23.0,1000.0,0.0,88.68827800212749,0.0
20.316666666666666,0.0,85,0.8906528571428589,84.99999999999991,23.0,1000.0,0.0,88.68826133546082,0.0
20.333333333333332,0.0,85,0.8906528571428589,84.99999999999991,23.0,1000.0,0.0,88.68824466879416,0.0
20.35,0.0,85,0.8906528571428589,84.99999999999991,23.0,1000.0,0.0,88.68822800212749,0.0
20.366666666666667,0.0,85,0.8906528571428589,84.99999999999991,23.0,1000.0,0.0,88.68821133546082,0.0
20.383333333333333,0.0,85,0.8906528571428589,84.99999999999991,23.0,1000.0,0.0,88.68819466879415,0.0
20.4,0.0,85,0.8906528571428589,84.99999999999991,23.0,1000.0,0.0,88.68817800212749,0.0
20.416666666666668,0.0,85,0.8906528571428589,84.99999999999991,23.0,1000.0,0.0,88.68816133546082,0.0
20.433333333333334,0.0,85,0.8906528571428589,84.99999999999991,23.0,1000.0,0.0,88.68814466879415,0.0
20.45,0.0,85,0.8906528571428589,84.99999999999991,23.0,1000.0,0.0,88.68812800212748,0.0
20.466666666666665,0.0,85,0.8906528571428589,84.99999999999991,23.0,1000.0,0.0,88.68811133546082,0.0
20.483333333333334,0.0,85,0.8906528571428589,84.99999999999991,23.0,1000.0,0.0,88.68809466879416,0.0
20.5,0.0,85,0.8906528571428589,84.99999999999991,23.0,1000.0,0.0,88.6880780021275,0.0
20.516666666666666,0.0,85,0.8906528571428589,84.99999999999991,23.0,1000.0,0.0,88.68806133546082,0.0
20.533333333333335,0.0,85,0.8906528571428589,84.99999999999991,23.0,1000.0,0.0,88.68804466879415,0.0
20.55,0.0,85,0.8906528571428589,84.99999999999991,23.0,1000.0,0.0,88.68802800212748,0.0
20.566666666666666,0.0,85,0.8906528571428589,84.99999999999991,23.0,1000.0,0.0,88.68801133546083,0.0
20.583333333333332,0.0,85,0.8906528571428589,84.99999999999991,23.0,1000.0,0.0,88.68799466879416,0.0
20.6,0.0,85,0.8906528571428589,84.99999999999991,23.0,1000.0,0.0,88.6879780021275,0.0
20.616666666666667,0.0,85,0.8906528571428589,84.99999999999991,23.0,1000.0,0.0,88.68796133546081,0.0
20.633333333333333,0.0,85,0.8906528571428589,84.99999999999991,23.0,1000.0,0.0,88.68794466879415,0.0
20.65,0.0,85,0.8906528571428589,84.99999999999991,23.0,1000.0,0.0,88.68792800212749,0.0
20.666666666666668,0.0,85,0.8906528571428589,84.99999999999991,23.0,1000.0,0.0,88.68791133546083,0.0
20.683333333333334,0.0,85,0.8906528571428589,84.99999999999991,23.0,1000.0,0.0,88.68789466879416,0.0
20.7,0.0,85,0.8906528571428589,84.99999999999991,23.0,1000.0,0.0,88.68787800212749,0.0
20.716666666666665,0.0,85,0.8906528571428589,84.99999999999991,23.0,1000.0,0.0,88.68786133546081,0.0
20.733333333333334,0.0,85,0.8906528571428589,84.99999999999991,23.0,1000.0,0.0,88.68784466879416,0.0
20.75,0.0,85,0.8906528571428589,84.99999999999991,23.0,1000.0,0.0,88.68782800212749,0.0
20.766666666666666,0.0,85,0.8906528571428589,84.99999999999991,23.0,1000.0,0.0,88.68781133546082,0.0
20.783333333333335,0.0,85,0.8906528571428589,84.99999999999991,23.0,1000.0,0.0,88.68779466879415,0.0
20.8,0.0,85,0.8906528571428589,84.99999999999991,23.0,1000.0,0.0,88.68777800212749,0.0
20.816666666666666,0.0,85,0.8906528571428589,84.99999999999991,23.0,1000.0,0.0,88.68776133546082,0.0
20.833333333333332,0.0,85,0.8906528571428589,84.99999999999991,23.0,1000.0,0.0,88.68774466879415,0.0
20.85,0.0,85,0.8906528571428589,84.99999999999991,23.0,1000.0,0.0,88.68772800212749,0.0
20.866666666666667,0.0,85,0.8906528571428589,84.99999999999991,23.0,1000.0,0.0,88.68771133546082,0.0
20.883333333333333,0.0,85,0.8906528571428589,84.99999999999991,23.0,1000.0,0.0,88.68769466879417,0.0
20.9,0.0,85,0.8906528571428589,84.99999999999991,23.0,1000.0,0.0,88.68767800212748,0.0
20.916666666666668,0.0,85,0.8906528571428589,84.99999999999991,23.0,1000.0,0.0,88.68766133546082,0.0
20.933333333333334,0.0,85,0.8906528571428589,84.99999999999991,23.0,1000.0,0.0,88.68764466879415,0.0
20.95,0.0,85,0.8906528571428589,84.99999999999991,23.0,1000.0,0.0,88.68762800212748,0.0
20.966666666666665,0.0,85,0.8906528571428589,84.99999999999991,23.0,1000.0,0.0,88.68761133546083,0.0
20.983333333333334,0.0,85,0.8906528571428589,84.99999999999991,23.0,1000.0,0.0,88.68759466879416,0.0
21.0,0.0,85,0.8906528571428589,84.99999999999991,23.0,1000.0,0.0,88.68757800212748,0.0
21.016666666666666,0.0,85,0.8906528571428589,84.99999999999991,23.0,1000.0,0.0,88.68756133546081,0.0
21.033333333333335,0.0,85,0.8906528571428589,84.99999999999991,23.0,1000.0,0.0,88.68754466879415,0.0
21.05,0.0,85,0.8906528571428589,84.99999999999991,23.0,1000.0,0.0,88.6875280021275,0.0
21.066666666666666,0.0,85,0.8906528571428589,84.99999999999991,23.0,1000.0,0.0,88.68751133546083,0.0
21.083333333333332,0.0,85,0.8906528571428589,84.99999999999991,23.0,1000.0,0.0,88.68749466879416,0.0
21.1,0.0,85,0.8906528571428589,84.99999999999991,23.0,1000.0,0.0,88.68747800212748,0.0
21.116666666666667,0.0,85,0.8906528571428589,84.99999999999991,23.0,1000.0,0.0,88.68746133546081,0.0
21.133333333333333,0.0,85,0.8906528571428589,84.99999999999991,23.0,1000.0,0.0,88.68744466879416,0.0
21.15,0.0,85,0.8906528571428589,84.99999999999991,23.0,1000.0,0.0,88.68742800212749,0.0
21.166666666666668,0.0,85,0.8906528571428589,84.99999999999991,23.0,1000.0,0.0,88.68741133546082,0.0
21.183333333333334,0.0,85,0.8906528571428589,84.99999999999991,23.0,1000.0,0.0,88.68739466879416,0.0
21.2,0.0,85,0.8906528571428589,84.99999999999991,23.0,1000.0,0.0,88.68737800212749,0.0
21.216666666666665,0.0,85,0.8906528571428589,84.99999999999991,23.0,1000.0,0.0,88.68736133546082,0.0
21.233333333333334,0.0,85,0.8906528571428589,84.99999999999991,23.0,1000.0,0.0,88.68734466879415,0.0
21.25,0.0,85,0.8906528571428589,84.99999999999991,23.0,1000.0,0.0,88.68732800212749,0.0
21.266666666666666,0.0,85,0.8906528571428589,84.99999999999991,23.0,1000.0,0.0,88.68731133546082,0.0
21.283333333333335,0.0,85,0.8906528571428589,84.99999999999991,23.0,1000.0,0.0,88.68729466879415,0.0
21.3,0.0,85,0.8906528571428589,84.99999999999991,23.0,1000.0,0.0,88.68727800212748,0.0
21.316666666666666,0.0,85,0.8906528571428589,84.99999999999991,23.0,1000.0,0.0,88.68726133546082,0.0
21.333333333333332,0.0,85,0.8906528571428589,84.99999999999991,23.0,1000.0,0.0,88.68724466879415,0.0
21.35,0.0,85,0.8906528571428589,84.99999999999991,23.0,1000.0,0.0,88.68722800212748,0.0
21.366666666666667,0.0,85,0.8906528571428589,84.99999999999991,23.0,1000.0,0.0,88.68721133546083,0.0
21.383333333333333,0.0,85,0.8906528571428589,84.99999999999991,23.0,1000.0,0.0,88.68719466879415,0.0
21.4,0.0,85,0.8906528571428589,84.99999999999991,23.0,1000.0,0.0,88.68717800212748,0.0
21.416666666666668,0.0,85,0.8906528571428589,84.99999999999991,23.0,1000.0,0.0,88.68716133546081,0.0
21.433333333333334,0.0,85,0.8906528571428589,84.99999999999991,23.0,1000.0,0.0,88.68714466879415,0.0
21.45,0.0,85,0.8906528571428589,84.99999999999991,23.0,1000.0,0.0,88.6871280021275,0.0
21.466666666666665,0.0,85,0.8906528571428589,84.99999999999991,23.0,1000.0,0.0,88.68711133546083,0.0
21.483333333333334,0.0,85,0.8906528571428589,84.99999999999991,23.0,1000.0,0.0,88.68709466879416,0.0
21.5,0.0,85,0.8906528571428589,84.99999999999991,23.0,1000.0,0.0,88.68707800212748,0.0
21.516666666666666,0.0,85,0.8906528571428589,84.99999999999991,23.0,1000.0,0.0,88.68706133546083,0.0
21.533333333333335,0.0,85,0.8906528571428589,84.99999999999991,23.0,1000.0,0.0,88.68704466879416,0.0
21.55,0.0,85,0.8906528571428589,84.99999999999991,23.0,1000.0,0.0,88.68702800212749,0.0
21.566666666666666,0.0,85,0.8906528571428589,84.99999999999991,23.0,1000.0,0.0,88.68701133546082,0.0
21.583333333333332,0.0,85,0.8906528571428589,84.99999999999991,23.0,1000.0,0.0,88.68699466879416,0.0
21.6,0.0,85,0.8906528571428589,84.99999999999991,23.0,1000.0,0.0,88.68697800212749,0.0
21.616666666666667,0.0,85,0.8906528571428589,84.99999999999991,23.0,1000.0,0.0,88.68696133546082,0.0
21.633333333333333,0.0,85,0.8906528571428589,84.99999999999991,23.0,1000.0,0.0,88.68694466879415,0.0
21.65,0.0,85,0.8906528571428589,84.99999999999991,23.0,1000.0,0.0,88.68692800212749,0.0
21.666666666666668,0.0,85,0.8906528571428589,84.99999999999991,23.0,1000.0,0.0,88.68691133546082,0.0
21.683333333333334,0.0,85,0.8906528571428589,84.99999999999991,23.0,1000.0,0.0,88.68689466879415,0.0
21.7,0.0,85,0.8906528571428589,84.99999999999991,23.0,1000.0,0.0,88.68687800212749,0.0
21.716666666666665,0.0,85,0.8906528571428589,84.99999999999991,23.0,1000.0,0.0,88.68686133546082,0.0
21.733333333333334,0.0,85,0.8906528571428589,84.99999999999991,23.0,1000.0,0.0,88.68684466879415,0.0
21.75,0.0,85,0.8906528571428589,84.99999999999991,23.0,1000.0,0.0,88.68682800212748,0.0
21.766666666666666,0.0,85,0.8906528571428589,84.99999999999991,23.0,1000.0,0.0,88.68681133546083,0.0
21.783333333333335,0.0,85,0.8906528571428589,84.99999999999991,23.0,1000.0,0.0,88.68679466879415,0.0
21.8,0.0,85,0.8906528571428589,84.99999999999991,23.0,1000.0,0.0,88.68677800212748,0.0
21.816666666666666,0.0,85,0.8906528571428589,84.99999999999991,23.0,1000.0,0.0,88.68676133546082,0.0
21.833333333333332,0.0,85,0.8906528571428589,84.99999999999991,23.0,1000.0,0.0,88.68674466879416,0.0
21.85,0.0,85,0.8906528571428589,84.99999999999991,23.0,1000.0,0.0,88.6867280021275,0.0
21.866666666666667,0.0,85,0.8906528571428589,84.99999999999991,23.0,1000.0,0.0,88.68671133546083,0.0
21.883333333333333,0.0,85,0.8906528571428589,84.99999999999991,23.0,1000.0,0.0,88.68669466879415,0.0
21.9,0.0,85,0.8906528571428589,84.99999999999991,23.0,1000.0,0.0,88.68667800212748,0.0
21.916666666666668,0.0,85,0.8906528571428589,84.99999999999991,23.0,1000.0,0.0,88.68666133546083,0.0
21.933333333333334,0.0,85,0.8906528571428589,84.99999999999991,23.0,1000.0,0.0,88.68664466879416,0.0
21.95,0.0,85,0.8906528571428589,84.99999999999991,23.0,1000.0,0.0,88.68662800212749,0.0
21.966666666666665,0.0,85,0.8906528571428589,84.99999999999991,23.0,1000.0,0.0,88.68661133546082,0.0
21.983333333333334,0.0,85,0.8906528571428589,84.99999999999991,23.0,1000.0,0.0,88.68659466879414,0.0
22.0,0.0,85,0.8906528571428589,84.99999999999991,23.0,1000.0,0.0,88.68657800212749,0.0
22.016666666666666,0.0,85,0.8906528571428589,84.99999999999991,23.0,1000.0,0.0,88.68656133546082,0.0
22.033333333333335,0.0,85,0.8906528571428589,84.99999999999991,23.0,1000.0,0.0,88.68654466879416,0.0
22.05,0.0,85,0.8906528571428589,84.99999999999991,23.0,1000.0,0.0,88.68652800212749,0.0
22.066666666666666,0.0,85,0.8906528571428589,84.99999999999991,23.0,1000.0,0.0,88.68651133546082,0.0
22.083333333333332,0.0,85,0.8906528571428589,84.99999999999991,23.0,1000.0,0.0,88.68649466879415,0.0
22.1,0.0,85,0.8906528571428589,84.99999999999991,23.0,1000.0,0.0,88.68647800212749,0.0
22.116666666666667,0.0,85,0.8906528571428589,84.99999999999991,23.0,1000.0,0.0,88.68646133546082,0.0
22.133333333333333,0.0,85,0.8906528571428589,84.99999999999991,23.0,1000.0,0.0,88.68644466879415,0.0
22.15,0.0,85,0.8906528571428589,84.99999999999991,23.0,1000.0,0.0,88.6864280021275,0.0
22.166666666666668,0.0,85,0.8906528571428589,84.99999999999991,23.0,1000.0,0.0,88.68641133546082,0.0
22.183333333333334,0.0,85,0.8906528571428589,84.99999999999991,23.0,1000.0,0.0,88.68639466879415,0.0
22.2,0.0,85,0.8906528571428589,84.99999999999991,23.0,1000.0,0.0,88.68637800212748,0.0
22.216666666666665,0.0,85,0.8906528571428589,84.99999999999991,23.0,1000.0,0.0,88.68636133546082,0.0
22.233333333333334,0.0,85,0.8906528571428589,84.99999999999991,23.0,1000.0,0.0,88.68634466879416,0.0
22.25,0.0,85,0.8906528571428589,84.99999999999991,23.0,1000.0,0.0,88.6863280021275,0.0
22.266666666666666,0.0,85,0.8906528571428589,84.99999999999991,23.0,1000.0,0.0,88.68631133546081,0.0
22.283333333333335,0.0,85,0.8906528571428589,84.99999999999991,23.0,1000.0,0.0,88.68629466879415,0.0
22.3,0.0,85,0.8906528571428589,84.99999999999991,23.0,1000.0,0.0,88.68627800212748,0.0
22.316666666666666,0.0,85,0.8906528571428589,84.99999999999991,23.0,1000.0,0.0,88.68626133546083,0.0
22.333333333333332,0.0,85,0.8906528571428589,84.99999999999991,23.0,1000.0,0.0,88.68624466879416,0.0
22.35,0.0,85,0.8906528571428589,84.99999999999991,23.0,1000.0,0.0,88.68622800212749,0.0
22.366666666666667,0.0,85,0.8906528571428589,84.99999999999991,23.0,1000.0,0.0,88.68621133546083,0.0
22.383333333333333,0.0,85,0.8906528571428589,84.99999999999991,23.0,1000.0,0.0,88.68619466879414,0.0
22.4,0.0,85,0.8906528571428589,84.99999999999991,23.0,1000.0,0.0,88.68617800212749,0.0
22.416666666666668,0.0,85,0.8906528571428589,84.99999999999991,23.0,1000.0,0.0,88.68616133546082,0.0
22.433333333333334,0.0,85,0.8906528571428589,84.99999999999991,23.0,1000.0,0.0,88.68614466879416,0.0
22.45,0.0,85,0.8906528571428589,84.99999999999991,23.0,1000.0,0.0,88.68612800212749,0.0
22.466666666666665,0.0,85,0.8906528571428589,84.99999999999991,23.0,1000.0,0.0,88.68611133546082,0.0
22.483333333333334,0.0,85,0.8906528571428589,84.99999999999991,23.0,1000.0,0.0,88.68609466879415,0.0
22.5,0.0,85,0.8906528571428589,84.99999999999991,23.0,1000.0,0.0,88.68607800212749,0.0
22.516666666666666,0.0,85,0.8906528571428589,84.99999999999991,23.0,1000.0,0.0,88.68606133546082,0.0
22.533333333333335,0.0,85,0.8906528571428589,84.99999999999991,23.0,1000.0,0.0,88.68604466879415,0.0
22.55,0.0,85,0.8906528571428589,84.99999999999991,23.0,1000.0,0.0,88.68602800212749,0.0
22.566666666666666,0.0,85,0.8906528571428589,84.99999999999991,23.0,1000.0,0.0,88.68601133546082,0.0
22.583333333333332,0.0,85,0.8906528571428589,84.99999999999991,23.0,1000.0,0.0,88.68599466879415,0.0
22.6,0.0,85,0.8906528571428589,84.99999999999991,23.0,1000.0,0.0,88.68597800212748,0.0
22.616666666666667,0.0,85,0.8906528571428589,84.99999999999991,23.0,1000.0,0.0,88.68596133546082,0.0
22.633333333333333,0.0,85,0.8906528571428589,84.99999999999991,23.0,1000.0,0.0,88.68594466879416,0.0
22.65,0.0,85,0.8906528571428589,84.99999999999991,23.0,1000.0,0.0,88.6859280021275,0.0
22.666666666666668,0.0,85,0.8906528571428589,84.99999999999991,23.0,1000.0,0.0,88.68591133546082,0.0
22.683333333333334,0.0,85,0.8906528571428589,84.99999999999991,23.0,1000.0,0.0,88.68589466879415,0.0
22.7,0.0,85,0.8906528571428589,84.99999999999991,23.0,1000.0,0.0,88.68587800212748,0.0
22.716666666666665,0.0,85,0.8906528571428589,84.99999999999991,23.0,1000.0,0.0,88.68586133546083,0.0
22.733333333333334,0.0,85,0.8906528571428589,84.99999999999991,23.0,1000.0,0.0,88.68584466879416,0.0
22.75,0.0,85,0.8906528571428589,84.99999999999991,23.0,1000.0,0.0,88.6858280021275,0.0
22.766666666666666,0.0,85,0.8906528571428589,84.99999999999991,23.0,1000.0,0.0,88.68581133546081,0.0
22.783333333333335,0.0,85,0.8906528571428589,84.99999999999991,23.0,1000.0,0.0,88.68579466879414,0.0
22.8,0.0,85,0.8906528571428589,84.99999999999991,23.0,1000.0,0.0,88.68577800212749,0.0
22.816666666666666,0.0,85,0.8906528571428589,84.99999999999991,23.0,1000.0,0.0,88.68576133546082,0.0
22.833333333333332,0.0,85,0.8906528571428589,84.99999999999991,23.0,1000.0,0.0,88.68574466879416,0.0
22.85,0.0,85,0.8906528571428589,84.99999999999991,23.0,1000.0,0.0,88.68572800212749,0.0
22.866666666666667,0.0,85,0.8906528571428589,84.99999999999991,23.0,1000.0,0.0,88.68571133546082,0.0
22.883333333333333,0.0,85,0.8906528571428589,84.99999999999991,23.0,1000.0,0.0,88.68569466879416,0.0
22.9,0.0,85,0.8906528571428589,84.99999999999991,23.0,1000.0,0.0,88.68567800212749,0.0
22.916666666666668,0.0,85,0.8906528571428589,84.99999999999991,23.0,1000.0,0.0,88.68566133546082,0.0
22.933333333333334,0.0,85,0.8906528571428589,84.99999999999991,23.0,1000.0,0.0,88.68564466879415,0.0
22.95,0.0,85,0.8906528571428589,84.99999999999991,23.0,1000.0,0.0,88.68562800212749,0.0
22.966666666666665,0.0,85,0.8906528571428589,84.99999999999991,23.0,1000.0,0.0,88.68561133546082,0.0
22.983333333333334,0.0,85,0.8906528571428589,84.99999999999991,23.0,1000.0,0.0,88.68559466879415,0.0
23.0,0.0,85,0.8906528571428589,84.99999999999991,23.0,1000.0,0.0,88.68557800212749,0.0
23.016666666666666,0.0,85,0.8906528571428589,84.99999999999991,23.0,1000.0,0.0,88.68556133546082,0.0
23.033333333333335,0.0,85,0.8906528571428589,84.99999999999991,23.0,1000.0,0.0,88.68554466879417,0.0
23.05,0.0,85,0.8906528571428589,84.99999999999991,23.0,1000.0,0.0,88.68552800212748,0.0
23.066666666666666,0.0,85,0.8906528571428589,84.99999999999991,23.0,1000.0,0.0,88.68551133546082,0.0
23.083333333333332,0.0,85,0.8906528571428589,84.99999999999991,23.0,1000.0,0.0,88.68549466879415,0.0
23.1,0.0,85,0.8906528571428589,84.99999999999991,23.0,1000.0,0.0,88.68547800212748,0.0
23.116666666666667,0.0,85,0.8906528571428589,84.99999999999991,23.0,1000.0,0.0,88.68546133546083,0.0
23.133333333333333,0.0,85,0.8906528571428589,84.99999999999991,23.0,1000.0,0.0,88.68544466879416,0.0
23.15,0.0,85,0.8906528571428589,84.99999999999991,23.0,1000.0,0.0,88.68542800212748,0.0
23.166666666666668,0.0,85,0.8906528571428589,84.99999999999991,23.0,1000.0,0.0,88.68541133546081,0.0
23.183333333333334,0.0,85,0.8906528571428589,84.99999999999991,23.0,1000.0,0.0,88.68539466879416,0.0
23.2,0.0,85,0.8906528571428589,84.99999999999991,23.0,1000.0,0.0,88.68537800212749,0.0
23.216666666666665,0.0,85,0.8906528571428589,84.99999999999991,23.0,1000.0,0.0,88.68536133546083,0.0
23.233333333333334,0.0,85,0.8906528571428589,84.99999999999991,23.0,1000.0,0.0,88.68534466879416,0.0
23.25,0.0,85,0.8906528571428589,84.99999999999991,23.0,1000.0,0.0,88.68532800212748,0.0
23.266666666666666,0.0,85,0.8906528571428589,84.99999999999991,23.0,1000.0,0.0,88.68531133546082,0.0
23.283333333333335,0.0,85,0.8906528571428589,84.99999999999991,23.0,1000.0,0.0,88.68529466879416,0.0
23.3,0.0,85,0.8906528571428589,84.99999999999991,23.0,1000.0,0.0,88.68527800212749,0.0
23.316666666666666,0.0,85,0.8906528571428589,84.99999999999991,23.0,1000.0,0.0,88.68526133546082,0.0
23.333333333333332,0.0,85,0.8906528571428589,84.99999999999991,23.0,1000.0,0.0,88.68524466879416,0.0
23.35,0.0,85,0.8906528571428589,84.99999999999991,23.0,1000.0,0.0,88.68522800212749,0.0
23.366666666666667,0.0,85,0.8906528571428589,84.99999999999991,23.0,1000.0,0.0,88.68521133546082,0.0
23.383333333333333,0.0,85,0.8906528571428589,84.99999999999991,23.0,1000.0,0.0,88.68519466879415,0.0
23.4,0.0,85,0.8906528571428589,84.99999999999991,23.0,1000.0,0.0,88.68517800212749,0.0
23.416666666666668,0.0,85,0.8906528571428589,84.99999999999991,23.0,1000.0,0.0,88.68516133546082,0.0
23.433333333333334,0.0,85,0.8906528571428589,84.99999999999991,23.0,1000.0,0.0,88.68514466879415,0.0
23.45,0.0,85,0.8906528571428589,84.99999999999991,23.0,1000.0,0.0,88.68512800212748,0.0
23.466666666666665,0.0,85,0.8906528571428589,84.99999999999991,23.0,1000.0,0.0,88.68511133546082,0.0
23.483333333333334,0.0,85,0.8906528571428589,84.99999999999991,23.0,1000.0,0.0,88.68509466879415,0.0
23.5,0.0,85,0.8906528571428589,84.99999999999991,23.0,1000.0,0.0,88.6850780021275,0.0
23.516666666666666,0.0,85,0.8906528571428589,84.99999999999991,23.0,1000.0,0.0,88.68506133546083,0.0
23.533333333333335,0.0,85,0.8906528571428589,84.99999999999991,23.0,1000.0,0.0,88.68504466879415,0.0
23.55,0.0,85,0.8906528571428589,84.99999999999991,23.0,1000.0,0.0,88.68502800212748,0.0
23.566666666666666,0.0,85,0.8906528571428589,84.99999999999991,23.0,1000.0,0.0,88.68501133546081,0.0
23.583333333333332,0.0,85,0.8906528571428589,84.99999999999991,23.0,1000.0,0.0,88.68499466879416,0.0
23.6,0.0,85,0.8906528571428589,84.99999999999991,23.0,1000.0,0.0,88.6849780021275,0.0
23.616666666666667,0.0,85,0.8906528571428589,84.99999999999991,23.0,1000.0,0.0,88.68496133546083,0.0
23.633333333333333,0.0,85,0.8906528571428589,84.99999999999991,23.0,1000.0,0.0,88.68494466879415,0.0
23.65,0.0,85,0.8906528571428589,84.99999999999991,23.0,1000.0,0.0,88.68492800212748,0.0
23.666666666666668,0.0,85,0.8906528571428589,84.99999999999991,23.0,1000.0,0.0,88.68491133546082,0.0
23.683333333333334,0.0,85,0.8906528571428589,84.99999999999991,23.0,1000.0,0.0,88.68489466879416,0.0
23.7,0.0,85,0.8906528571428589,84.99999999999991,23.0,1000.0,0.0,88.68487800212749,0.0
23.716666666666665,0.0,85,0.8906528571428589,84.99999999999991,23.0,1000.0,0.0,88.68486133546082,0.0
23.733333333333334,0.0,85,0.8906528571428589,84.99999999999991,23.0,1000.0,0.0,88.68484466879416,0.0
23.75,0.0,85,0.8906528571428589,84.99999999999991,23.0,1000.0,0.0,88.68482800212749,0.0
23.766666666666666,0.0,85,0.8906528571428589,84.99999999999991,23.0,1000.0,0.0,88.68481133546082,0.0
23.783333333333335,0.0,85,0.8906528571428589,84.99999999999991,23.0,1000.0,0.0,88.68479466879415,0.0
23.8,0.0,85,0.8906528571428589,84.99999999999991,23.0,1000.0,0.0,88.68477800212749,0.0
23.816666666666666,0.0,85,0.8906528571428589,84.99999999999991,23.0,1000.0,0.0,88.68476133546082,0.0
23.833333333333332,0.0,85,0.8906528571428589,84.99999999999991,23.0,1000.0,0.0,88.68474466879415,0.0
23.85,0.0,85,0.8906528571428589,84.99999999999991,23.0,1000.0,0.0,88.68472800212749,0.0
23.866666666666667,0.0,85,0.8906528571428589,84.99999999999991,23.0,1000.0,0.0,88.68471133546082,0.0
23.883333333333333,0.0,85,0.8906528571428589,84.99999999999991,23.0,1000.0,0.0,88.68469466879415,0.0
23.9,0.0,85,0.8906528571428589,84.99999999999991,23.0,1000.0,0.0,88.6846780021275,0.0
23.916666666666668,0.0,85,0.8906528571428589,84.99999999999991,23.0,1000.0,0.0,88.68466133546082,0.0
23.933333333333334,0.0,85,0.8906528571428589,84.99999999999991,23.0,1000.0,0.0,88.68464466879415,0.0
23.95,0.0,85,0.8906528571428589,84.99999999999991,23.0,1000.0,0.0,88.68462800212748,0.0
23.966666666666665,0.0,85,0.8906528571428589,84.99999999999991,23.0,1000.0,0.0,88.68461133546081,0.0
23.983333333333334,0.0,85,0.8906528571428589,84.99999999999991,23.0,1000.0,0.0,88.68459466879416,0.0
24.0,0.0,85,0.8906528571428589,84.99999999999991,23.0,1000.0,0.0,88.6845780021275,0.0
24.016666666666666,0.0,85,0.8906528571428589,84.99999999999991,23.0,1000.0,0.0,88.68456133546083,0.0
24.033333333333335,0.0,85,0.8906528571428589,84.99999999999991,23.0,1000.0,0.0,88.68454466879415,0.0
24.05,0.0,85,0.8906528571428589,84.99999999999991,23.0,1000.0,0.0,88.68452800212748,0.0
24.066666666666666,0.0,85,0.8906528571428589,84.99999999999991,23.0,1000.0,0.0,88.68451133546083,0.0
24.083333333333332,0.0,85,0.8906528571428589,84.99999999999991,23.0,1000.0,0.0,88.68449466879416,0.0
24.1,0.0,85,0.8906528571428589,84.99999999999991,23.0,1000.0,0.0,88.68447800212749,0.0
24.116666666666667,0.0,85,0.8906528571428589,84.99999999999991,23.0,1000.0,0.0,88.68446133546082,0.0
24.133333333333333,0.0,85,0.8906528571428589,84.99999999999991,23.0,1000.0,0.0,88.68444466879414,0.0
24.15,0.0,85,0.8906528571428589,84.99999999999991,23.0,1000.0,0.0,88.68442800212749,0.0
24.166666666666668,0.0,85,0.8906528571428589,84.99999999999991,23.0,1000.0,0.0,88.68441133546082,0.0
24.183333333333334,0.0,85,0.8906528571428589,84.99999999999991,23.0,1000.0,0.0,88.68439466879416,0.0
24.2,0.0,85,0.8906528571428589,84.99999999999991,23.0,1000.0,0.0,88.68437800212749,0.0
24.216666666666665,0.0,85,0.8906528571428589,84.99999999999991,23.0,1000.0,0.0,88.68436133546082,0.0
24.233333333333334,0.0,85,0.8906528571428589,84.99999999999991,23.0,1000.0,0.0,88.68434466879415,0.0
24.25,0.0,85,0.8906528571428589,84.99999999999991,23.0,1000.0,0.0,88.68432800212749,0.0
24.266666666666666,0.0,85,0.8906528571428589,84.99999999999991,23.0,1000.0,0.0,88.68431133546082,0.0
24.283333333333335,0.0,85,0.8906528571428589,84.99999999999991,23.0,1000.0,0.0,88.68429466879415,0.0
24.3,0.0,85,0.8906528571428589,84.99999999999991,23.0,1000.0,0.0,88.6842780021275,0.0
24.316666666666666,0.0,85,0.8906528571428589,84.99999999999991,23.0,1000.0,0.0,88.68426133546082,0.0
24.333333333333332,0.0,85,0.8906528571428589,84.99999999999991,23.0,1000.0,0.0,88.68424466879415,0.0
24.35,0.0,85,0.8906528571428589,84.99999999999991,23.0,1000.0,0.0,88.68422800212748,0.0
24.366666666666667,0.0,85,0.8906528571428589,84.99999999999991,23.0,1000.0,0.0,88.68421133546082,0.0
24.383333333333333,0.0,85,0.8906528571428589,84.99999999999991,23.0,1000.0,0.0,88.68419466879416,0.0
24.4,0.0,85,0.8906528571428589,84.99999999999991,23.0,1000.0,0.0,88.6841780021275,0.0
24.416666666666668,0.0,85,0.8906528571428589,84.99999999999991,23.0,1000.0,0.0,88.68416133546081,0.0
24.433333333333334,0.0,85,0.8906528571428589,84.99999999999991,23.0,1000.0,0.0,88.68414466879415,0.0
24.45,0.0,85,0.8906528571428589,84.99999999999991,23.0,1000.0,0.0,88.68412800212748,0.0
24.466666666666665,0.0,85,0.8906528571428589,84.99999999999991,23.0,1000.0,0.0,88.68411133546083,0.0
24.483333333333334,0.0,85,0.8906528571428589,84.99999999999991,23.0,1000.0,0.0,88.68409466879416,0.0
24.5,0.0,85,0.8906528571428589,84.99999999999991,23.0,1000.0,0.0,88.68407800212749,0.0
24.516666666666666,0.0,85,0.8906528571428589,84.99999999999991,23.0,1000.0,0.0,88.68406133546081,0.0
24.533333333333335,0.0,85,0.8906528571428589,84.99999999999991,23.0,1000.0,0.0,88.68404466879416,0.0
24.55,0.0,85,0.8906528571428589,84.99999999999991,23.0,1000.0,0.0,88.68402800212749,0.0
24.566666666666666,0.0,85,0.8906528571428589,84.99999999999991,23.0,1000.0,0.0,88.68401133546082,0.0
24.583333333333332,0.0,85,0.8906528571428589,84.99999999999991,23.0,1000.0,0.0,88.68399466879416,0.0
24.6,0.0,85,0.8906528571428589,84.99999999999991,23.0,1000.0,0.0,88.68397800212749,0.0
24.616666666666667,0.0,85,0.8906528571428589,84.99999999999991,23.0,1000.0,0.0,88.68396133546082,0.0
24.633333333333333,0.0,85,0.8906528571428589,84.99999999999991,23.0,1000.0,0.0,88.68394466879415,0.0
24.65,0.0,85,0.8906528571428589,84.99999999999991,23.0,1000.0,0.0,88.68392800212749,0.0
24.666666666666668,0.0,85,0.8906528571428589,84.99999999999991,23.0,1000.0,0.0,88.68391133546082,0.0
24.683333333333334,0.0,85,0.8906528571428589,84.99999999999991,23.0,1000.0,0.0,88.68389466879415,0.0
24.7,0.0,85,0.8906528571428589,84.99999999999991,23.0,1000.0,0.0,88.68387800212749,0.0
24.716666666666665,0.0,85,0.8906528571428589,84.99999999999991,23.0,1000.0,0.0,88.68386133546082,0.0
24.733333333333334,0.0,85,0.8906528571428589,84.99999999999991,23.0,1000.0,0.0,88.68384466879415,0.0
24.75,0.0,85,0.8906528571428589,84.99999999999991,23.0,1000.0,0.0,88.68382800212748,0.0
24.766666666666666,0.0,85,0.8906528571428589,84.99999999999991,23.0,1000.0,0.0,88.68381133546082,0.0
24.783333333333335,0.0,85,0.8906528571428589,84.99999999999991,23.0,1000.0,0.0,88.68379466879416,0.0
24.8,0.0,85,0.8906528571428589,84.99999999999991,23.0,1000.0,0.0,88.68377800212748,0.0
24.816666666666666,0.0,85,0.8906528571428589,84.99999999999991,23.0,1000.0,0.0,88.68376133546082,0.0
24.833333333333332,0.0,85,0.8906528571428589,84.99999999999991,23.0,1000.0,0.0,88.68374466879415,0.0
24.85,0.0,85,0.8906528571428589,84.99999999999991,23.0,1000.0,0.0,88.68372800212748,0.0
24.866666666666667,0.0,85,0.8906528571428589,84.99999999999991,23.0,1000.0,0.0,88.68371133546083,0.0
24.883333333333333,0.0,85,0.8906528571428589,84.99999999999991,23.0,1000.0,0.0,88.68369466879416,0.0
24.9,0.0,85,0.8906528571428589,84.99999999999991,23.0,1000.0,0.0,88.6836780021275,0.0
24.916666666666668,0.0,85,0.8906528571428589,84.99999999999991,23.0,1000.0,0.0,88.68366133546081,0.0
24.933333333333334,0.0,85,0.8906528571428589,84.99999999999991,23.0,1000.0,0.0,88.68364466879416,0.0
24.95,0.0,85,0.8906528571428589,84.99999999999991,23.0,1000.0,0.0,88.68362800212749,0.0
24.966666666666665,0.0,85,0.8906528571428589,84.99999999999991,23.0,1000.0,0.0,88.68361133546082,0.0
24.983333333333334,0.0,85,0.8906528571428589,84.99999999999991,23.0,1000.0,0.0,88.68359466879416,0.0
25.0,0.0,85,0.8906528571428589,84.99999999999991,23.0,1000.0,0.0,88.68357800212749,0.0
25.016666666666666,0.0,85,0.8906528571428589,84.99999999999991,23.0,1000.0,0.0,88.68356133546082,0.0
25.033333333333335,0.0,85,0.8906528571428589,84.99999999999991,23.0,1000.0,0.0,88.68354466879416,0.0
25.05,0.0,85,0.8906528571428589,84.99999999999991,23.0,1000.0,0.0,88.68352800212749,0.0
25.066666666666666,0.0,85,0.8906528571428589,84.99999999999991,23.0,1000.0,0.0,88.68351133546082,0.0
25.083333333333332,0.0,85,0.8906528571428589,84.99999999999991,23.0,1000.0,0.0,88.68349466879415,0.0
25.1,0.0,85,0.8906528571428589,84.99999999999991,23.0,1000.0,0.0,88.68347800212749,0.0
25.116666666666667,0.0,85,0.8906528571428589,84.99999999999991,23.0,1000.0,0.0,88.68346133546082,0.0
25.133333333333333,0.0,85,0.8906528571428589,84.99999999999991,23.0,1000.0,0.0,88.68344466879415,0.0
25.15,0.0,85,0.8906528571428589,84.99999999999991,23.0,1000.0,0.0,88.68342800212749,0.0
25.166666666666668,0.0,85,0.8906528571428589,84.99999999999991,23.0,1000.0,0.0,88.68341133546082,0.0
25.183333333333334,0.0,85,0.8906528571428589,84.99999999999991,23.0,1000.0,0.0,88.68339466879416,0.0
25.2,0.0,85,0.8906528571428589,84.99999999999991,23.0,1000.0,0.0,88.68337800212748,0.0
25.216666666666665,0.0,85,0.8906528571428589,84.99999999999991,23.0,1000.0,0.0,88.68336133546082,0.0
25.233333333333334,0.0,85,0.8906528571428589,84.99999999999991,23.0,1000.0,0.0,88.68334466879415,0.0
25.25,0.0,85,0.8906528571428589,84.99999999999991,23.0,1000.0,0.0,88.6833280021275,0.0
25.266666666666666,0.0,85,0.8906528571428589,84.99999999999991,23.0,1000.0,0.0,88.68331133546083,0.0
25.283333333333335,0.0,85,0.8906528571428589,84.99999999999991,23.0,1000.0,0.0,88.68329466879416,0.0
25.3,0.0,85,0.8906528571428589,84.99999999999991,23.0,1000.0,0.0,88.68327800212748,0.0
25.316666666666666,0.0,85,0.8906528571428589,84.99999999999991,23.0,1000.0,0.0,88.68326133546081,0.0
25.333333333333332,0.0,85,0.8906528571428589,84.99999999999991,23.0,1000.0,0.0,88.68324466879416,0.0
25.35,0.0,85,0.8906528571428589,84.99999999999991,23.0,1000.0,0.0,88.68322800212749,0.0
25.366666666666667,0.0,85,0.8906528571428589,84.99999999999991,23.0,1000.0,0.0,88.68321133546083,0.0
25.383333333333333,0.0,85,0.8906528571428589,84.99999999999991,23.0,1000.0,0.0,88.68319466879416,0.0
25.4,0.0,85,0.8906528571428589,84.99999999999991,23.0,1000.0,0.0,88.68317800212748,0.0
25.416666666666668,0.0,85,0.8906528571428589,84.99999999999991,23.0,1000.0,0.0,88.68316133546082,0.0
25.433333333333334,0.0,85,0.8906528571428589,84.99999999999991,23.0,1000.0,0.0,88.68314466879416,0.0
25.45,0.0,85,0.8906528571428589,84.99999999999991,23.0,1000.0,0.0,88.68312800212749,0.0
25.466666666666665,0.0,85,0.8906528571428589,84.99999999999991,23.0,1000.0,0.0,88.68311133546082,0.0
25.483333333333334,0.0,85,0.8906528571428589,84.99999999999991,23.0,1000.0,0.0,88.68309466879415,0.0
25.5,0.0,85,0.8906528571428589,84.99999999999991,23.0,1000.0,0.0,88.68307800212749,0.0
25.516666666666666,0.0,85,0.8906528571428589,84.99999999999991,23.0,1000.0,0.0,88.68306133546082,0.0
25.533333333333335,0.0,85,0.8906528571428589,84.99999999999991,23.0,1000.0,0.0,88.68304466879415,0.0
25.55,0.0,85,0.8906528571428589,84.99999999999991,23.0,1000.0,0.0,88.68302800212749,0.0
25.566666666666666,0.0,85,0.8906528571428589,84.99999999999991,23.0,1000.0,0.0,88.68301133546083,0.0
25.583333333333332,0.0,85,0.8906528571428589,84.99999999999991,23.0,1000.0,0.0,88.68299466879415,0.0
25.6,0.0,85,0.8906528571428589,84.99999999999991,23.0,1000.0,0.0,88.68297800212748,0.0
25.616666666666667,0.0,85,0.8906528571428589,84.99999999999991,23.0,1000.0,0.0,88.68296133546082,0.0
25.633333333333333,0.0,85,0.8906528571428589,84.99999999999991,23.0,1000.0,0.0,88.68294466879415,0.0
25.65,0.0,85,0.8906528571428589,84.99999999999991,23.0,1000.0,0.0,88.6829280021275,0.0
25.666666666666668,0.0,85,0.8906528571428589,84.99999999999991,23.0,1000.0,0.0,88.68291133546083,0.0
25.683333333333334,0.0,85,0.8906528571428589,84.99999999999991,23.0,1000.0,0.0,88.68289466879415,0.0
25.7,0.0,85,0.8906528571428589,84.99999999999991,23.0,1000.0,0.0,88.68287800212748,0.0
25.716666666666665,0.0,85,0.8906528571428589,84.99999999999991,23.0,1000.0,0.0,88.68286133546081,0.0
25.733333333333334,0.0,85,0.8906528571428589,84.99999999999991,23.0,1000.0,0.0,88.68284466879416,0.0
25.75,0.0,85,0.8906528571428589,84.99999999999991,23.0,1000.0,0.0,88.6828280021275,0.0
25.766666666666666,0.0,85,0.8906528571428589,84.99999999999991,23.0,1000.0,0.0,88.68281133546083,0.0
25.783333333333335,0.0,85,0.8906528571428589,84.99999999999991,23.0,1000.0,0.0,88.68279466879414,0.0
25.8,0.0,85,0.8906528571428589,84.99999999999991,23.0,1000.0,0.0,88.68277800212748,0.0
25.816666666666666,0.0,85,0.8906528571428589,84.99999999999991,23.0,1000.0,0.0,88.68276133546082,0.0
25.833333333333332,0.0,85,0.8906528571428589,84.99999999999991,23.0,1000.0,0.0,88.68274466879416,0.0
25.85,0.0,85,0.8906528571428589,84.99999999999991,23.0,1000.0,0.0,88.68272800212749,0.0
25.866666666666667,0.0,85,0.8906528571428589,84.99999999999991,23.0,1000.0,0.0,88.68271133546082,0.0
25.883333333333333,0.0,85,0.8906528571428589,84.99999999999991,23.0,1000.0,0.0,88.68269466879416,0.0
25.9,0.0,85,0.8906528571428589,84.99999999999991,23.0,1000.0,0.0,88.68267800212749,0.0
25.916666666666668,0.0,85,0.8906528571428589,84.99999999999991,23.0,1000.0,0.0,88.68266133546082,0.0
25.933333333333334,0.0,85,0.8906528571428589,84.99999999999991,23.0,1000.0,0.0,88.68264466879415,0.0
25.95,0.0,85,0.8906528571428589,84.99999999999991,23.0,1000.0,0.0,88.68262800212749,0.0
25.966666666666665,0.0,85,0.8906528571428589,84.99999999999991,23.0,1000.0,0.0,88.68261133546082,0.0
25.983333333333334,0.0,85,0.8906528571428589,84.99999999999991,23.0,1000.0,0.0,88.68259466879415,0.0
26.0,0.0,85,0.8906528571428589,84.99999999999991,23.0,1000.0,0.0,88.68257800212749,0.0
26.016666666666666,0.0,85,0.8906528571428589,84.99999999999991,23.0,1000.0,0.0,88.68256133546082,0.0
26.033333333333335,0.0,85,0.8906528571428589,84.99999999999991,23.0,1000.0,0.0,88.68254466879415,0.0
26.05,0.0,85,0.8906528571428589,84.99999999999991,23.0,1000.0,0.0,88.6825280021275,0.0
26.066666666666666,0.0,85,0.8906528571428589,84.99999999999991,23.0,1000.0,0.0,88.68251133546082,0.0
26.083333333333332,0.0,85,0.8906528571428589,84.99999999999991,23.0,1000.0,0.0,88.68249466879415,0.0
26.1,0.0,85,0.8906528571428589,84.99999999999991,23.0,1000.0,0.0,88.68247800212748,0.0
26.116666666666667,0.0,85,0.8906528571428589,84.99999999999991,23.0,1000.0,0.0,88.68246133546081,0.0
26.133333333333333,0.0,85,0.8906528571428589,84.99999999999991,23.0,1000.0,0.0,88.68244466879416,0.0
26.15,0.0,85,0.8906528571428589,84.99999999999991,23.0,1000.0,0.0,88.6824280021275,0.0
26.166666666666668,0.0,85,0.8906528571428589,84.99999999999991,23.0,1000.0,0.0,88.68241133546081,0.0
26.183333333333334,0.0,85,0.8906528571428589,84.99999999999991,23.0,1000.0,0.0,88.68239466879415,0.0
26.2,0.0,85,0.8906528571428589,84.99999999999991,23.0,1000.0,0.0,88.68237800212748,0.0
26.216666666666665,0.0,85,0.8906528571428589,84.99999999999991,23.0,1000.0,0.0,88.68236133546083,0.0
26.233333333333334,0.0,85,0.8906528571428589,84.99999999999991,23.0,1000.0,0.0,88.68234466879416,0.0
26.25,0.0,85,0.8906528571428589,84.99999999999991,23.0,1000.0,0.0,88.68232800212749,0.0
26.266666666666666,0.0,85,0.8906528571428589,84.99999999999991,23.0,1000.0,0.0,88.68231133546082,0.0
26.283333333333335,0.0,85,0.8906528571428589,84.99999999999991,23.0,1000.0,0.0,88.68229466879416,0.0
26.3,0.0,85,0.8906528571428589,84.99999999999991,23.0,1000.0,0.0,88.68227800212749,0.0
26.316666666666666,0.0,85,0.8906528571428589,84.99999999999991,23.0,1000.0,0.0,88.68226133546082,0.0
26.333333333333332,0.0,85,0.8906528571428589,84.99999999999991,23.0,1000.0,0.0,88.68224466879416,0.0
26.35,0.0,85,0.8906528571428589,84.99999999999991,23.0,1000.0,0.0,88.68222800212749,0.0
26.366666666666667,0.0,85,0.8906528571428589,84.99999999999991,23.0,1000.0,0.0,88.68221133546082,0.0
26.383333333333333,0.0,85,0.8906528571428589,84.99999999999991,23.0,1000.0,0.0,88.68219466879415,0.0
26.4,0.0,85,0.8906528571428589,84.99999999999991,23.0,1000.0,0.0,88.68217800212749,0.0
26.416666666666668,0.0,85,0.8906528571428589,84.99999999999991,23.0,1000.0,0.0,88.68216133546082,0.0
26.433333333333334,0.0,85,0.8906528571428589,84.99999999999991,23.0,1000.0,0.0,88.68214466879415,0.0
26.45,0.0,85,0.8906528571428589,84.99999999999991,23.0,1000.0,0.0,88.68212800212748,0.0
26.466666666666665,0.0,85,0.8906528571428589,84.99999999999991,23.0,1000.0,0.0,88.68211133546082,0.0
26.483333333333334,0.0,85,0.8906528571428589,84.99999999999991,23.0,1000.0,0.0,88.68209466879415,0.0
26.5,0.0,85,0.8906528571428589,84.99999999999991,23.0,1000.0,0.0,88.68207800212748,0.0
26.516666666666666,0.0,85,0.8906528571428589,84.99999999999991,23.0,1000.0,0.0,88.68206133546082,0.0
26.533333333333335,0.0,85,0.8906528571428589,84.99999999999991,23.0,1000.0,0.0,88.68204466879416,0.0
26.55,0.0,85,0.8906528571428589,84.99999999999991,23.0,1000.0,0.0,88.6820280021275,0.0
26.566666666666666,0.0,85,0.8906528571428589,84.99999999999991,23.0,1000.0,0.0,88.68201133546081,0.0
26.583333333333332,0.0,85,0.8906528571428589,84.99999999999991,23.0,1000.0,0.0,88.68199466879415,0.0
26.6,0.0,85,0.8906528571428589,84.99999999999991,23.0,1000.0,0.0,88.6819780021275,0.0
26.616666666666667,0.0,85,0.8906528571428589,84.99999999999991,23.0,1000.0,0.0,88.68196133546083,0.0
26.633333333333333,0.0,85,0.8906528571428589,84.99999999999991,23.0,1000.0,0.0,88.68194466879416,0.0
26.65,0.0,85,0.8906528571428589,84.99999999999991,23.0,1000.0,0.0,88.68192800212749,0.0
26.666666666666668,0.0,85,0.8906528571428589,84.99999999999991,23.0,1000.0,0.0,88.68191133546081,0.0
26.683333333333334,0.0,85,0.8906528571428589,84.99999999999991,23.0,1000.0,0.0,88.68189466879416,0.0
26.7,0.0,85,0.8906528571428589,84.99999999999991,23.0,1000.0,0.0,88.68187800212749,0.0
26.716666666666665,0.0,85,0.8906528571428589,84.99999999999991,23.0,1000.0,0.0,88.68186133546082,0.0
26.733333333333334,0.0,85,0.8906528571428589,84.99999999999991,23.0,1000.0,0.0,88.68184466879416,0.0
26.75,0.0,85,0.8906528571428589,84.99999999999991,23.0,1000.0,0.0,88.68182800212749,0.0
26.766666666666666,0.0,85,0.8906528571428589,84.99999999999991,23.0,1000.0,0.0,88.68181133546082,0.0
26.783333333333335,0.0,85,0.8906528571428589,84.99999999999991,23.0,1000.0,0.0,88.68179466879415,0.0
26.8,0.0,85,0.8906528571428589,84.99999999999991,23.0,1000.0,0.0,88.68177800212749,0.0
26.816666666666666,0.0,85,0.8906528571428589,84.99999999999991,23.0,1000.0,0.0,88.68176133546082,0.0
26.833333333333332,0.0,85,0.8906528571428589,84.99999999999991,23.0,1000.0,0.0,88.68174466879415,0.0
26.85,0.0,85,0.8906528571428589,84.99999999999991,23.0,1000.0,0.0,88.68172800212749,0.0
26.866666666666667,0.0,85,0.8906528571428589,84.99999999999991,23.0,1000.0,0.0,88.68171133546082,0.0
26.883333333333333,0.0,85,0.8906528571428589,84.99999999999991,23.0,1000.0,0.0,88.68169466879415,0.0
26.9,0.0,85,0.8906528571428589,84.99999999999991,23.0,1000.0,0.0,88.68167800212748,0.0
26.916666666666668,0.0,85,0.8906528571428589,84.99999999999991,23.0,1000.0,0.0,88.68166133546083,0.0
26.933333333333334,0.0,85,0.8906528571428589,84.99999999999991,23.0,1000.0,0.0,88.68164466879416,0.0
26.95,0.0,85,0.8906528571428589,84.99999999999991,23.0,1000.0,0.0,88.68162800212748,0.0
26.966666666666665,0.0,85,0.8906528571428589,84.99999999999991,23.0,1000.0,0.0,88.68161133546081,0.0
26.983333333333334,0.0,85,0.8906528571428589,84.99999999999991,23.0,1000.0,0.0,88.68159466879415,0.0
27.0,0.0,85,0.8906528571428589,84.99999999999991,23.0,1000.0,0.0,88.6815780021275,0.0
27.016666666666666,0.0,85,0.8906528571428589,84.99999999999991,23.0,1000.0,0.0,88.68156133546083,0.0
27.033333333333335,0.0,85,0.8906528571428589,84.99999999999991,23.0,1000.0,0.0,88.68154466879416,0.0
27.05,0.0,85,0.8906528571428589,84.99999999999991,23.0,1000.0,0.0,88.68152800212748,0.0
27.066666666666666,0.0,85,0.8906528571428589,84.99999999999991,23.0,1000.0,0.0,88.68151133546081,0.0
27.083333333333332,0.0,85,0.8906528571428589,84.99999999999991,23.0,1000.0,0.0,88.68149466879416,0.0
27.1,0.0,85,0.8906528571428589,84.99999999999991,23.0,1000.0,0.0,88.68147800212749,0.0
27.116666666666667,0.0,85,0.8906528571428589,84.99999999999991,23.0,1000.0,0.0,88.68146133546082,0.0
27.133333333333333,0.0,85,0.8906528571428589,84.99999999999991,23.0,1000.0,0.0,88.68144466879416,0.0
27.15,0.0,85,0.8906528571428589,84.99999999999991,23.0,1000.0,0.0,88.68142800212749,0.0
27.166666666666668,0.0,85,0.8906528571428589,84.99999999999991,23.0,1000.0,0.0,88.68141133546082,0.0
27.183333333333334,0.0,85,0.8906528571428589,84.99999999999991,23.0,1000.0,0.0,88.68139466879416,0.0
27.2,0.0,85,0.8906528571428589,84.99999999999991,23.0,1000.0,0.0,88.68137800212749,0.0
27.216666666666665,0.0,85,0.8906528571428589,84.99999999999991,23.0,1000.0,0.0,88.68136133546082,0.0
27.233333333333334,0.0,85,0.8906528571428589,84.99999999999991,23.0,1000.0,0.0,88.68134466879415,0.0
27.25,0.0,85,0.8906528571428589,84.99999999999991,23.0,1000.0,0.0,88.68132800212749,0.0
27.266666666666666,0.0,85,0.8906528571428589,84.99999999999991,23.0,1000.0,0.0,88.68131133546082,0.0
27.283333333333335,0.0,85,0.8906528571428589,84.99999999999991,23.0,1000.0,0.0,88.68129466879415,0.0
27.3,0.0,85,0.8906528571428589,84.99999999999991,23.0,1000.0,0.0,88.68127800212748,0.0
27.316666666666666,0.0,85,0.8906528571428589,84.99999999999991,23.0,1000.0,0.0,88.68126133546083,0.0
27.333333333333332,0.0,85,0.8906528571428589,84.99999999999991,23.0,1000.0,0.0,88.68124466879415,0.0
27.35,0.0,85,0.8906528571428589,84.99999999999991,23.0,1000.0,0.0,88.68122800212748,0.0
27.366666666666667,0.0,85,0.8906528571428589,84.99999999999991,23.0,1000.0,0.0,88.68121133546082,0.0
27.383333333333333,0.0,85,0.8906528571428589,84.99999999999991,23.0,1000.0,0.0,88.68119466879415,0.0
27.4,0.0,85,0.8906528571428589,84.99999999999991,23.0,1000.0,0.0,88.6811780021275,0.0
27.416666666666668,0.0,85,0.8906528571428589,84.99999999999991,23.0,1000.0,0.0,88.68116133546083,0.0
27.433333333333334,0.0,85,0.8906528571428589,84.99999999999991,23.0,1000.0,0.0,88.68114466879416,0.0
27.45,0.0,85,0.8906528571428589,84.99999999999991,23.0,1000.0,0.0,88.68112800212748,0.0
27.466666666666665,0.0,85,0.8906528571428589,84.99999999999991,23.0,1000.0,0.0,88.68111133546081,0.0
27.483333333333334,0.0,85,0.8906528571428589,84.99999999999991,23.0,1000.0,0.0,88.68109466879416,0.0
27.5,0.0,85,0.8906528571428589,84.99999999999991,23.0,1000.0,0.0,88.68107800212749,0.0
27.516666666666666,0.0,85,0.8906528571428589,84.99999999999991,23.0,1000.0,0.0,88.68106133546083,0.0
27.533333333333335,0.0,85,0.8906528571428589,84.99999999999991,23.0,1000.0,0.0,88.68104466879416,0.0
27.55,0.0,85,0.8906528571428589,84.99999999999991,23.0,1000.0,0.0,88.68102800212748,0.0
27.566666666666666,0.0,85,0.8906528571428589,84.99999999999991,23.0,1000.0,0.0,88.68101133546082,0.0
27.583333333333332,0.0,85,0.8906528571428589,84.99999999999991,23.0,1000.0,0.0,88.68099466879416,0.0
27.6,0.0,85,0.8906528571428589,84.99999999999991,23.0,1000.0,0.0,88.68097800212749,0.0
27.616666666666667,0.0,85,0.8906528571428589,84.99999999999991,23.0,1000.0,0.0,88.68096133546082,0.0
27.633333333333333,0.0,85,0.8906528571428589,84.99999999999991,23.0,1000.0,0.0,88.68094466879415,0.0
27.65,0.0,85,0.8906528571428589,84.99999999999991,23.0,1000.0,0.0,88.68092800212749,0.0
27.666666666666668,0.0,85,0.8906528571428589,84.99999999999991,23.0,1000.0,0.0,88.68091133546082,0.0
27.683333333333334,0.0,85,0.8906528571428589,84.99999999999991,23.0,1000.0,0.0,88.68089466879415,0.0
27.7,0.0,85,0.8906528571428589,84.99999999999991,23.0,1000.0,0.0,88.68087800212749,0.0
27.716666666666665,0.0,85,0.8906528571428589,84.99999999999991,23.0,1000.0,0.0,88.68086133546083,0.0
27.733333333333334,0.0,85,0.8906528571428589,84.99999999999991,23.0,1000.0,0.0,88.68084466879415,0.0
27.75,0.0,85,0.8906528571428589,84.99999999999991,23.0,1000.0,0.0,88.68082800212748,0.0
27.766666666666666,0.0,85,0.8906528571428589,84.99999999999991,23.0,1000.0,0.0,88.68081133546082,0.0
27.783333333333335,0.0,85,0.8906528571428589,84.99999999999991,23.0,1000.0,0.0,88.68079466879415,0.0
27.8,0.0,85,0.8906528571428589,84.99999999999991,23.0,1000.0,0.0,88.6807780021275,0.0
27.816666666666666,0.0,85,0.8906528571428589,84.99999999999991,23.0,1000.0,0.0,88.68076133546083,0.0
27.833333333333332,0.0,85,0.8906528571428589,84.99999999999991,23.0,1000.0,0.0,88.68074466879415,0.0
27.85,0.0,85,0.8906528571428589,84.99999999999991,23.0,1000.0,0.0,88.68072800212748,0.0
27.866666666666667,0.0,85,0.8906528571428589,84.99999999999991,23.0,1000.0,0.0,88.68071133546081,0.0
27.883333333333333,0.0,85,0.8906528571428589,84.99999999999991,23.0,1000.0,0.0,88.68069466879416,0.0
27.9,0.0,85,0.8906528571428589,84.99999999999991,23.0,1000.0,0.0,88.6806780021275,0.0
27.916666666666668,0.0,85,0.8906528571428589,84.99999999999991,23.0,1000.0,0.0,88.68066133546083,0.0
27.933333333333334,0.0,85,0.8906528571428589,84.99999999999991,23.0,1000.0,0.0,88.68064466879414,0.0
27.95,0.0,85,0.8906528571428589,84.99999999999991,23.0,1000.0,0.0,88.68062800212749,0.0
27.966666666666665,0.0,85,0.8906528571428589,84.99999999999991,23.0,1000.0,0.0,88.68061133546082,0.0
27.983333333333334,0.0,85,0.8906528571428589,84.99999999999991,23.0,1000.0,0.0,88.68059466879416,0.0
28.0,0.0,85,0.8906528571428589,84.99999999999991,23.0,1000.0,0.0,88.68057800212749,0.0
28.016666666666666,0.0,85,0.8906528571428589,84.99999999999991,23.0,1000.0,0.0,88.68056133546082,0.0
28.033333333333335,0.0,85,0.8906528571428589,84.99999999999991,23.0,1000.0,0.0,88.68054466879416,0.0
28.05,0.0,85,0.8906528571428589,84.99999999999991,23.0,1000.0,0.0,88.68052800212749,0.0
28.066666666666666,0.0,85,0.8906528571428589,84.99999999999991,23.0,1000.0,0.0,88.68051133546082,0.0
28.083333333333332,0.0,85,0.8906528571428589,84.99999999999991,23.0,1000.0,0.0,88.68049466879415,0.0
28.1,0.0,85,0.8906528571428589,84.99999999999991,23.0,1000.0,0.0,88.68047800212749,0.0
28.116666666666667,0.0,85,0.8906528571428589,84.99999999999991,23.0,1000.0,0.0,88.68046133546082,0.0
28.133333333333333,0.0,85,0.8906528571428589,84.99999999999991,23.0,1000.0,0.0,88.68044466879415,0.0
28.15,0.0,85,0.8906528571428589,84.99999999999991,23.0,1000.0,0.0,88.68042800212748,0.0
28.166666666666668,0.0,85,0.8906528571428589,84.99999999999991,23.0,1000.0,0.0,88.68041133546082,0.0
28.183333333333334,0.0,85,0.8906528571428589,84.99999999999991,23.0,1000.0,0.0,88.68039466879415,0.0
28.2,0.0,85,0.8906528571428589,84.99999999999991,23.0,1000.0,0.0,88.6803780021275,0.0
28.216666666666665,0.0,85,0.8906528571428589,84.99999999999991,23.0,1000.0,0.0,88.68036133546082,0.0
28.233333333333334,0.0,85,0.8906528571428589,84.99999999999991,23.0,1000.0,0.0,88.68034466879415,0.0
28.25,0.0,85,0.8906528571428589,84.99999999999991,23.0,1000.0,0.0,88.68032800212748,0.0
28.266666666666666,0.0,85,0.8906528571428589,84.99999999999991,23.0,1000.0,0.0,88.68031133546083,0.0
28.283333333333335,0.0,85,0.8906528571428589,84.99999999999991,23.0,1000.0,0.0,88.68029466879416,0.0
28.3,0.0,85,0.8906528571428589,84.99999999999991,23.0,1000.0,0.0,88.6802780021275,0.0
28.316666666666666,0.0,85,0.8906528571428589,84.99999999999991,23.0,1000.0,0.0,88.68026133546081,0.0
28.333333333333332,0.0,85,0.8906528571428589,84.99999999999991,23.0,1000.0,0.0,88.68024466879415,0.0
28.35,0.0,85,0.8906528571428589,84.99999999999991,23.0,1000.0,0.0,88.68022800212749,0.0
28.366666666666667,0.0,85,0.8906528571428589,84.99999999999991,23.0,1000.0,0.0,88.68021133546083,0.0
28.383333333333333,0.0,85,0.8906528571428589,84.99999999999991,23.0,1000.0,0.0,88.68019466879416,0.0
28.4,0.0,85,0.8906528571428589,84.99999999999991,23.0,1000.0,0.0,88.68017800212749,0.0
28.416666666666668,0.0,85,0.8906528571428589,84.99999999999991,23.0,1000.0,0.0,88.68016133546081,0.0
28.433333333333334,0.0,85,0.8906528571428589,84.99999999999991,23.0,1000.0,0.0,88.68014466879416,0.0
28.45,0.0,85,0.8906528571428589,84.99999999999991,23.0,1000.0,0.0,88.68012800212749,0.0
28.466666666666665,0.0,85,0.8906528571428589,84.99999999999991,23.0,1000.0,0.0,88.68011133546082,0.0
28.483333333333334,0.0,85,0.8906528571428589,84.99999999999991,23.0,1000.0,0.0,88.68009466879415,0.0
28.5,0.0,85,0.8906528571428589,84.99999999999991,23.0,1000.0,0.0,88.68007800212749,0.0
28.516666666666666,0.0,85,0.8906528571428589,84.99999999999991,23.0,1000.0,0.0,88.68006133546082,0.0
28.533333333333335,0.0,85,0.8906528571428589,84.99999999999991,23.0,1000.0,0.0,88.68004466879415,0.0
28.55,0.0,85,0.8906528571428589,84.99999999999991,23.0,1000.0,0.0,88.68002800212749,0.0
28.566666666666666,0.0,85,0.8906528571428589,84.99999999999991,23.0,1000.0,0.0,88.68001133546082,0.0
28.583333333333332,0.0,85,0.8906528571428589,84.99999999999991,23.0,1000.0,0.0,88.67999466879417,0.0
28.6,0.0,85,0.8906528571428589,84.99999999999991,23.0,1000.0,0.0,88.67997800212748,0.0
28.616666666666667,0.0,85,0.8906528571428589,84.99999999999991,23.0,1000.0,0.0,88.67996133546082,0.0
28.633333333333333,0.0,85,0.8906528571428589,84.99999999999991,23.0,1000.0,0.0,88.67994466879415,0.0
28.65,0.0,85,0.8906528571428589,84.99999999999991,23.0,1000.0,0.0,88.67992800212748,0.0
28.666666666666668,0.0,85,0.8906528571428589,84.99999999999991,23.0,1000.0,0.0,88.67991133546083,0.0
28.683333333333334,0.0,85,0.8906528571428589,84.99999999999991,23.0,1000.0,0.0,88.67989466879416,0.0
28.7,0.0,85,0.8906528571428589,84.99999999999991,23.0,1000.0,0.0,88.67987800212748,0.0
28.716666666666665,0.0,85,0.8906528571428589,84.99999999999991,23.0,1000.0,0.0,88.67986133546081,0.0
28.733333333333334,0.0,85,0.8906528571428589,84.99999999999991,23.0,1000.0,0.0,88.67984466879415,0.0
28.75,0.0,85,0.8906528571428589,84.99999999999991,23.0,1000.0,0.0,88.6798280021275,0.0
28.766666666666666,0.0,85,0.8906528571428589,84.99999999999991,23.0,1000.0,0.0,88.67981133546083,0.0
28.783333333333335,0.0,85,0.8906528571428589,84.99999999999991,23.0,1000.0,0.0,88.67979466879416,0.0
28.8,0.0,85,0.8906528571428589,84.99999999999991,23.0,1000.0,0.0,88.67977800212749,0.0
28.816666666666666,0.0,85,0.8906528571428589,84.99999999999991,23.0,1000.0,0.0,88.67976133546081,0.0
28.833333333333332,0.0,85,0.8906528571428589,84.99999999999991,23.0,1000.0,0.0,88.67974466879416,0.0
28.85,0.0,85,0.8906528571428589,84.99999999999991,23.0,1000.0,0.0,88.67972800212749,0.0
28.866666666666667,0.0,85,0.8906528571428589,84.99999999999991,23.0,1000.0,0.0,88.67971133546082,0.0
28.883333333333333,0.0,85,0.8906528571428589,84.99999999999991,23.0,1000.0,0.0,88.67969466879416,0.0
28.9,0.0,85,0.8906528571428589,84.99999999999991,23.0,1000.0,0.0,88.67967800212749,0.0
28.916666666666668,0.0,85,0.8906528571428589,84.99999999999991,23.0,1000.0,0.0,88.67966133546082,0.0
28.933333333333334,0.0,85,0.8906528571428589,84.99999999999991,23.0,1000.0,0.0,88.67964466879415,0.0
28.95,0.0,85,0.8906528571428589,84.99999999999991,23.0,1000.0,0.0,88.67962800212749,0.0
28.966666666666665,0.0,85,0.8906528571428589,84.99999999999991,23.0,1000.0,0.0,88.67961133546082,0.0
28.983333333333334,0.0,85,0.8906528571428589,84.99999999999991,23.0,1000.0,0.0,88.67959466879415,0.0
29.0,0.0,85,0.8906528571428589,84.99999999999991,23.0,1000.0,0.0,88.67957800212749,0.0
29.016666666666666,0.0,85,0.8906528571428589,84.99999999999991,23.0,1000.0,0.0,88.67956133546082,0.0
29.033333333333335,0.0,85,0.8906528571428589,84.99999999999991,23.0,1000.0,0.0,88.67954466879415,0.0
29.05,0.0,85,0.8906528571428589,84.99999999999991,23.0,1000.0,0.0,88.67952800212748,0.0
29.066666666666666,0.0,85,0.8906528571428589,84.99999999999991,23.0,1000.0,0.0,88.67951133546083,0.0
29.083333333333332,0.0,85,0.8906528571428589,84.99999999999991,23.0,1000.0,0.0,88.67949466879416,0.0
29.1,0.0,85,0.8906528571428589,84.99999999999991,23.0,1000.0,0.0,88.67947800212748,0.0
29.116666666666667,0.0,85,0.8906528571428589,84.99999999999991,23.0,1000.0,0.0,88.67946133546081,0.0
29.133333333333333,0.0,85,0.8906528571428589,84.99999999999991,23.0,1000.0,0.0,88.67944466879415,0.0
29.15,0.0,85,0.8906528571428589,84.99999999999991,23.0,1000.0,0.0,88.6794280021275,0.0
29.166666666666668,0.0,85,0.8906528571428589,84.99999999999991,23.0,1000.0,0.0,88.67941133546083,0.0
29.183333333333334,0.0,85,0.8906528571428589,84.99999999999991,23.0,1000.0,0.0,88.67939466879416,0.0
29.2,0.0,85,0.8906528571428589,84.99999999999991,23.0,1000.0,0.0,88.67937800212748,0.0
29.216666666666665,0.0,85,0.8906528571428589,84.99999999999991,23.0,1000.0,0.0,88.67936133546081,0.0
29.233333333333334,0.0,85,0.8906528571428589,84.99999999999991,23.0,1000.0,0.0,88.67934466879416,0.0
29.25,0.0,85,0.8906528571428589,84.99999999999991,23.0,1000.0,0.0,88.67932800212749,0.0
29.266666666666666,0.0,85,0.8906528571428589,84.99999999999991,23.0,1000.0,0.0,88.67931133546082,0.0
29.283333333333335,0.0,85,0.8906528571428589,84.99999999999991,23.0,1000.0,0.0,88.67929466879416,0.0
29.3,0.0,85,0.8906528571428589,84.99999999999991,23.0,1000.0,0.0,88.67927800212749,0.0
29.316666666666666,0.0,85,0.8906528571428589,84.99999999999991,23.0,1000.0,0.0,88.67926133546082,0.0
29.333333333333332,0.0,85,0.8906528571428589,84.99999999999991,23.0,1000.0,0.0,88.67924466879415,0.0
29.35,0.0,85,0.8906528571428589,84.99999999999991,23.0,1000.0,0.0,88.67922800212749,0.0
29.366666666666667,0.0,85,0.8906528571428589,84.99999999999991,23.0,1000.0,0.0,88.67921133546082,0.0
29.383333333333333,0.0,85,0.8906528571428589,84.99999999999991,23.0,1000.0,0.0,88.67919466879415,0.0
29.4,0.0,85,0.8906528571428589,84.99999999999991,23.0,1000.0,0.0,88.67917800212749,0.0
29.416666666666668,0.0,85,0.8906528571428589,84.99999999999991,23.0,1000.0,0.0,88.67916133546082,0.0
29.433333333333334,0.0,85,0.8906528571428589,84.99999999999991,23.0,1000.0,0.0,88.67914466879415,0.0
29.45,0.0,85,0.8906528571428589,84.99999999999991,23.0,1000.0,0.0,88.67912800212748,0.0
29.466666666666665,0.0,85,0.8906528571428589,84.99999999999991,23.0,1000.0,0.0,88.67911133546083,0.0
29.483333333333334,0.0,85,0.8906528571428589,84.99999999999991,23.0,1000.0,0.0,88.67909466879415,0.0
29.5,0.0,85,0.8906528571428589,84.99999999999991,23.0,1000.0,0.0,88.67907800212748,0.0
29.516666666666666,0.0,85,0.8906528571428589,84.99999999999991,23.0,1000.0,0.0,88.67906133546082,0.0
29.533333333333335,0.0,85,0.8906528571428589,84.99999999999991,23.0,1000.0,0.0,88.67904466879415,0.0
29.55,0.0,85,0.8906528571428589,84.99999999999991,23.0,1000.0,0.0,88.6790280021275,0.0
29.566666666666666,0.0,85,0.8906528571428589,84.99999999999991,23.0,1000.0,0.0,88.67901133546083,0.0
29.583333333333332,0.0,85,0.8906528571428589,84.99999999999991,23.0,1000.0,0.0,88.67899466879415,0.0
29.6,0.0,85,0.8906528571428589,84.99999999999991,23.0,1000.0,0.0,88.67897800212748,0.0
29.616666666666667,0.0,85,0.8906528571428589,84.99999999999991,23.0,1000.0,0.0,88.67896133546083,0.0
29.633333333333333,0.0,85,0.8906528571428589,84.99999999999991,23.0,1000.0,0.0,88.67894466879416,0.0
29.65,0.0,85,0.8906528571428589,84.99999999999991,23.0,1000.0,0.0,88.67892800212749,0.0
29.666666666666668,0.0,85,0.8906528571428589,84.99999999999991,23.0,1000.0,0.0,88.67891133546082,0.0
29.683333333333334,0.0,85,0.8906528571428589,84.99999999999991,23.0,1000.0,0.0,88.67889466879416,0.0
29.7,0.0,85,0.8906528571428589,84.99999999999991,23.0,1000.0,0.0,88.67887800212749,0.0
29.716666666666665,0.0,85,0.8906528571428589,84.99999999999991,23.0,1000.0,0.0,88.67886133546082,0.0
29.733333333333334,0.0,85,0.8906528571428589,84.99999999999991,23.0,1000.0,0.0,88.67884466879416,0.0
29.75,0.0,85,0.8906528571428589,84.99999999999991,23.0,1000.0,0.0,88.67882800212749,0.0
29.766666666666666,0.0,85,0.8906528571428589,84.99999999999991,23.0,1000.0,0.0,88.67881133546082,0.0
29.783333333333335,0.0,85,0.8906528571428589,84.99999999999991,23.0,1000.0,0.0,88.67879466879415,0.0
29.8,0.0,85,0.8906528571428589,84.99999999999991,23.0,1000.0,0.0,88.67877800212749,0.0
29.816666666666666,0.0,85,0.8906528571428589,84.99999999999991,23.0,1000.0,0.0,88.67876133546082,0.0
29.833333333333332,0.0,85,0.8906528571428589,84.99999999999991,23.0,1000.0,0.0,88.67874466879415,0.0
29.85,0.0,85,0.8906528571428589,84.99999999999991,23.0,1000.0,0.0,88.67872800212749,0.0
29.866666666666667,0.0,85,0.8906528571428589,84.99999999999991,23.0,1000.0,0.0,88.67871133546082,0.0
29.883333333333333,0.0,85,0.8906528571428589,84.99999999999991,23.0,1000.0,0.0,88.67869466879415,0.0
29.9,0.0,85,0.8906528571428589,84.99999999999991,23.0,1000.0,0.0,88.67867800212748,0.0
29.916666666666668,0.0,85,0.8906528571428589,84.99999999999991,23.0,1000.0,0.0,88.67866133546082,0.0
29.933333333333334,0.0,85,0.8906528571428589,84.99999999999991,23.0,1000.0,0.0,88.67864466879415,0.0
29.95,0.0,85,0.8906528571428589,84.99999999999991,23.0,1000.0,0.0,88.6786280021275,0.0
29.966666666666665,0.0,85,0.8906528571428589,84.99999999999991,23.0,1000.0,0.0,88.67861133546083,0.0
29.983333333333334,0.0,85,0.8906528571428589,84.99999999999991,23.0,1000.0,0.0,88.67859466879415,0.0
30.0,0.0,85,0.8906528571428589,84.99999999999991,23.0,1000.0,0.0,88.67857800212748,0.0
30.016666666666666,0.0,85,0.8906528571428589,84.99999999999991,23.0,1000.0,0.0,88.67864423833723,0.0
30.033333333333335,0.0,85,0.8906528571428589,84.99999999999991,23.0,1000.0,0.0,88.67879337584503,0.0
30.05,0.0,85,0.8906528571428589,84.99999999999991,23.0,1000.0,0.0,88.67902541149422,0.0
30.066666666666666,0.0,85,0.8906528571428589,84.99999999999991,23.0,1000.0,0.0,88.67934034054986,0.0
30.083333333333332,0.0,85,0.8906528571428589,84.99999999999991,23.0,1000.0,0.0,88.67973815669885,0.0
30.1,0.0,85,0.8906528571428589,84.99999999999991,23.0,1000.0,0.0,88.68021885205003,0.0
30.116666666666667,0.0,85,0.8906528571428589,84.99999999999991,23.0,1000.0,0.0,88.68078241713435,0.0
30.133333333333333,0.0,85,0.8906528571428589,84.99999999999991,23.0,1000.0,0.0,88.68142884090503,0.0
30.15,0.0,85,0.8906528571428589,84.99999999999991,23.0,1000.0,0.0,88.68215811073779,0.0
30.166666666666668,0.0,85,0.8906528571428589,84.99999999999991,23.0,1000.0,0.0,88.68297021243107,0.0
30.183333333333334,0.0,85,0.8906528571428589,84.99999999999991,23.0,1000.0,0.0,88.6838651302063,0.0
30.2,0.0,85,0.8906528571428589,84.99999999999991,23.0,1000.0,0.0,88.68484284670825,0.0
30.216666666666665,0.0,85,0.8906528571428589,84.99999999999991,23.0,1000.0,0.0,88.68590334300528,0.0
30.233333333333334,0.0,85,0.8906528571428589,84.99999999999991,23.0,1000.0,0.0,88.68704659858977,0.0
30.25,0.0,85,0.8906528571428589,84.99999999999991,23.0,1000.0,0.0,88.68827259137849,0.0
30.266666666666666,0.0,85,0.8906528571428589,84.99999999999991,23.0,1000.0,0.0,88.68958129771296,0.0
30.283333333333335,0.0,85,0.8906528571428589,84.99999999999991,23.0,1000.0,0.0,88.69097269236,0.0
30.3,0.0,85,0.8906528571428589,84.99999999999991,23.0,1000.0,0.0,88.69244674851217,0.0
30.316666666666666,0.0,85,0.8906528571428589,84.99999999999991,23.0,1000.0,0.0,88.69400343778824,0.0
30.333333333333332,0.0,85,0.8906528571428589,84.99999999999991,23.0,1000.0,0.0,88.69564273023379,0.0
30.35,0.0,85,0.8906528571428589,84.99999999999991,23.0,1000.0,0.0,88.69736459432171,0.0
30.366666666666667,0.0,85,0.8906528571428589,84.99999999999991,23.0,1000.0,0.0,88.69916899695293,0.0
30.383333333333333,0.0,85,0.8906528571428589,84.99999999999991,23.0,1000.0,0.0,88.70105590345689,0.0
30.4,0.0,85,0.8906528571428589,84.99999999999991,23.0,1000.0,0.0,88.70302527759232,0.0
30.416666666666668,0.0,85,0.8906528571428589,84.99999999999991,23.0,1000.0,0.0,88.70507708154783,0.0
30.433333333333334,0.0,85,0.8906528571428589,84.99999999999991,23.0,1000.0,0.0,88.70721127594275,0.0
30.45,0.0,85,0.8906528571428589,84.99999999999991,23.0,1000.0,0.0,88.7094278198278,0.0
30.466666666666665,0.0,85,0.8906528571428589,84.99999999999991,23.0,1000.0,0.0,88.71172667068582,0.0
30.483333333333334,0.0,85,0.8906528571428589,84.99999999999991,23.0,1000.0,0.0,88.71410778443274,0.0
30.5,6.46,85,0.8929600000000018,84.99999999999991,23.0,1000.0,0.0,88.71657111541825,0.0
30.516666666666666,6.46,85,0.8952671428571446,84.99999999999991,23.0,1000.0,0.0,88.7191166164268,0.0
30.533333333333335,6.46,85,0.8975742857142874,84.99999999999991,23.0,1000.0,0.0,88.72174423867837,0.0
30.55,6.46,85,0.8998814285714303,84.99999999999991,23.0,1000.0,0.0,88.72445393182953,0.0
30.566666666666666,6.46,85,0.9021885714285731,84.99999999999991,23.0,1000.0,0.0,88.72724564397433,0.0
30.583333333333332,6.46,85,0.904495714285716,84.99999999999991,23.0,1000.0,0.0,88.73011932164528,0.0
30.6,6.46,85,0.9068028571428588,84.99999999999991,23.0,1000.0,0.0,88.73307490981436,0.0
30.616666666666667,6.46,85,0.9091100000000016,84.99999999999991,23.0,1000.0,0.0,88.73611235189416,0.0
30.633333333333333,6.46,85,0.9114171428571445,84.99999999999991,23.0,1000.0,0.0,88.73923158973885,0.0
30.65,6.46,85,0.9137242857142873,84.99999999999991,23.0,1000.0,0.0,88.74243256364532,0.0
30.666666666666668,6.46,85,0.9160314285714302,84.99999999999991,23.0,1000.0,0.0,88.74571521235433,0.0
30.683333333333334,6.46,85,0.918338571428573,84.99999999999991,23.0,1000.0,0.0,88.74907947305167,0.0
30.7,6.46,85,0.9206457142857158,84.99999999999991,23.0,1000.0,0.0,88.75252528136934,0.0
30.716666666666665,6.46,85,0.9229528571428587,84.99999999999991,23.0,1000.0,0.0,88.75605257138685,0.0
30.733333333333334,6.46,85,0.9252600000000015,84.99999999999991,23.0,1000.0,0.0,88.75966127563233,0.0
30.75,6.46,85,0.9275671428571444,84.99999999999991,23.0,1000.0,0.0,88.76335132508397,0.0
30.766666666666666,6.46,85,0.9298742857142872,84.99999999999991,23.0,1000.0,0.0,88.76712264917123,0.0
30.783333333333335,6.46,85,0.93218142857143,84.99999999999991,23.0,1000.0,0.0,88.77097517577623,0.0
30.8,6.46,85,0.9344885714285729,84.99999999999991,23.0,1000.0,0.0,88.7749088312351,0.0
30.816666666666666,6.46,85,0.9367957142857157,84.99999999999991,23.0,1000.0,0.0,88.7789235403394,0.0
30.833333333333332,6.46,85,0.9391028571428586,84.99999999999991,23.0,1000.0,0.0,88.78301922633756,0.0
30.85,6.46,85,0.9414100000000014,84.99999999999991,23.0,1000.0,0.0,88.78719581093631,0.0
30.866666666666667,6.46,85,0.9437171428571443,84.99999999999991,23.0,1000.0,0.0,88.79145321430217,0.0
30.883333333333333,6.46,85,0.9460242857142871,84.99999999999991,23.0,1000.0,0.0,88.79579135506303,0.0
30.9,6.46,85,0.9483314285714299,84.99999999999991,23.0,1000.0,0.0,88.80021015030962,0.0
30.916666666666668,6.46,85,0.9506385714285728,84.99999999999991,23.0,1000.0,0.0,88.80470951559715,0.0
30.933333333333334,6.46,85,0.9529457142857156,84.99999999999991,23.0,1000.0,0.0,88.80928936494689,0.0
30.95,6.46,85,0.9552528571428585,84.99999999999991,23.0,1000.0,0.0,88.81394961084777,0.0
30.966666666666665,6.46,85,0.9575600000000013,84.99999999999991,23.0,1000.0,0.0,88.81869016425813,0.0
30.983333333333334,6.46,85,0.9598671428571441,84.99999999999991,23.0,1000.0,0.0,88.82351093460737,0.0
31.0,6.46,85,0.962174285714287,84.99999999999991,23.0,1000.0,0.0,88.82841182979766,0.0
31.016666666666666,6.46,85,0.9644814285714298,84.99999999999991,23.0,1000.0,0.0,88.8333927562057,0.0
31.033333333333335,6.46,85,0.9667885714285727,84.99999999999991,23.0,1000.0,0.0,88.83845361868451,0.0
31.05,6.46,85,0.9690957142857155,84.99999999999991,23.0,1000.0,0.0,88.84359432056529,0.0
31.066666666666666,6.46,85,0.9714028571428583,84.99999999999991,23.0,1000.0,0.0,88.84881476365915,0.0
31.083333333333332,6.46,85,0.9737100000000012,84.99999999999991,23.0,1000.0,0.0,88.85411484825907,0.0
31.1,6.46,85,0.976017142857144,84.99999999999991,23.0,1000.0,0.0,88.85949447314178,0.0
31.116666666666667,6.46,85,0.9783242857142869,84.99999999999991,23.0,1000.0,0.0,88.86495353556967,0.0
31.133333333333333,6.46,85,0.9806314285714297,84.99999999999991,23.0,1000.0,0.0,88.87049193129273,0.0
31.15,6.46,85,0.9829385714285725,84.99999999999991,23.0,1000.0,0.0,88.8761095545506,0.0
31.166666666666668,6.46,85,0.9852457142857154,84.99999999999991,23.0,1000.0,0.0,88.88180629807452,0.0
31.183333333333334,6.46,85,0.9875528571428582,84.99999999999991,23.0,1000.0,0.0,88.88758205308937,0.0
31.2,6.46,85,0.9898600000000011,84.99999999999991,23.0,1000.0,0.0,88.89343670931584,0.0
31.216666666666665,6.46,85,0.9921671428571439,84.99999999999991,23.0,1000.0,0.0,88.89937015497237,0.0
31.233333333333334,6.46,85,0.9944742857142868,84.99999999999991,23.0,1000.0,0.0,88.9053822767774,0.0
31.25,6.46,85,0.9967814285714296,84.99999999999991,23.0,1000.0,0.0,88.91147295995148,0.0
31.266666666666666,6.46,85,0.9990885714285724,84.99999999999991,23.0,1000.0,0.0,88.91764208821951,0.0
31.283333333333335,6.46,85.12212500000008,1.0,84.99999999999991,23.0,1000.0,0.0,88.92388954381283,0.0
31.3,6.46,85.32354203125008,1.0,85.00913729320801,23.0,1000.0,0.0,88.9302152074716,0.0
31.316666666666666,6.46,85.52423801348243,1.0,85.03266080008622,23.0,1000.0,0.0,88.936618958447,0.0
31.333333333333332,6.46,85.7242695989322,1.0,85.06944020752296,23.0,1000.0,0.0,88.94310067450353,0.0
31.35,6.46,85.92368898871442,1.0,85.11843401018888,23.0,1000.0,0.0,88.94966023192133,0.0
31.366666666666667,6.46,86.12254428254495,1.0,85.17868253298154,23.0,1000.0,0.0,88.95629750549858,0.0
31.383333333333333,6.46,86.32087980098409,1.0,85.24930150169108,23.0,1000.0,0.0,88.96301236855388,0.0
31.4,6.46,86.51873638236174,1.0,85.32947611881335,23.0,1000.0,0.0,88.96980469292858,0.0
31.416666666666668,6.46,86.71615165637343,1.0,85.41845560482162,23.0,1000.0,0.0,88.97667434898929,0.0
31.433333333333334,6.46,86.91316029618011,1.0,85.5155481683262,23.0,1000.0,0.0,88.98362120563039,0.0
31.45,6.46,87.10979425070066,1.0,85.62011637142443,23.0,1000.0,0.0,88.99064513027642,0.0
31.466666666666665,6.46,87.30608295865338,1.0,85.73157285919137,23.0,1000.0,0.0,88.99774598888465,0.0
31.483333333333334,6.46,87.5020535457804,1.0,85.84937642470105,23.0,1000.0,0.0,89.00492364594767,0.0
31.5,6.46,87.69773100657635,1.0,85.97302838321559,23.0,1000.0,0.0,89.01217796449595,0.0
31.516666666666666,6.46,87.89313837173874,1.0,86.10206923125156,23.0,1000.0,0.0,89.01950880610039,0.0
31.533333333333335,6.46,88.08829686246192,1.0,86.23607556814062,23.0,1000.0,0.0,89.02691603087501,0.0
31.55,6.46,88.28322603260821,1.0,86.37465725946069,23.0,1000.0,0.0,89.03439949747964,0.0
31.566666666666666,6.46,88.4779438997089,1.0,86.51745482333406,23.0,1000.0,0.0,89.04195906312256,0.0
31.583333333333332,6.46,88.67246706567249,1.0,86.66413702208187,23.0,1000.0,0.0,89.0495945835632,0.0
31.6,6.46,88.86681082800902,1.0,86.81439864310038,23.0,1000.0,0.0,89.05730591311499,0.0
31.616666666666667,6.46,89.06098928231562,1.0,86.96795845409196,23.0,1000.0,0.0,89.06509290464797,0.0
31.633333333333333,6.46,89.25501541670978,1.0,87.12455731895199,23.0,1000.0,0.0,89.07295540959177,0.0
31.65,6.46,89.44890119884319,1.0,87.28395646168887,23.0,1000.0,0.0,89.08089327793832,0.0
31.666666666666668,6.46,89.64265765607885,1.0,87.44593586674655,23.0,1000.0,0.0,89.08890635824471,0.0
31.683333333333334,6.46,89.83629494936886,1.0,87.61029280501234,23.0,1000.0,0.0,89.09699449763617,0.0
31.7,6.46,90.02982244132752,1.0,87.77684047563507,23.0,1000.0,0.0,89.10515754180886,0.0
31.716666666666665,6.46,90.22324875895617,1.0,87.94540675455461,23.0,1000.0,0.0,89.11339533503289,0.0
31.733333333333334,6.46,90.41658185143967,1.0,88.11583304135829,23.0,1000.0,0.0,89.12170772015521,0.0
31.75,6.46,90.60982904340187,1.0,88.28797319673889,23.0,1000.0,0.0,89.1300945386027,0.0
31.766666666666666,6.46,90.80299708397689,1.0,88.46169256343576,23.0,1000.0,0.0,89.13855563038511,0.0
31.783333333333335,6.46,90.99609219202486,1.0,88.63686706409975,23.0,1000.0,0.0,89.14709083409817,0.0
31.8,6.46,91.18912009779514,1.0,88.81338237003811,23.0,1000.0,0.0,89.15569998692655,0.0
31.816666666666666,6.46,91.38208608131605,1.0,88.99113313527057,23.0,1000.0,0.0,89.1643829246471,0.0
31.833333333333332,6.46,91.57499500776838,1.0,89.17002229076488,23.0,1000.0,0.0,89.1731394816319,0.0
31.85,6.46,91.76785136007962,1.0,89.34996039412368,23.0,1000.0,0.0,89.18196949085142,0.0
31.866666666666667,6.46,91.96065926895729,1.0,89.53086503036613,23.0,1000.0,0.0,89.19087278387768,0.0
31.883333333333333,6.46,92.15342254056257,1.0,89.71266025978936,23.0,1000.0,0.0,89.19984919088752,0.0
31.9,6.46,92.34614468200968,1.0,89.89527610921125,23.0,1000.0,0.0,89.2088985406658,0.0
31.916666666666668,6.46,92.53882892486169,1.0,90.0786481031857,23.0,1000.0,0.0,89.2180206606086,0.0
31.933333333333334,6.46,92.7314782467804,1.0,90.26271683204997,23.0,1000.0,0.0,89.22721537672662,0.0
31.95,6.46,92.92409539147516,1.0,90.44742755391026,23.0,1000.0,0.0,89.2364825136484,0.0
31.966666666666665,6.46,93.1166828870843,1.0,90.63272982789883,23.0,1000.0,0.0,89.24582189462369,0.0
31.983333333333334,6.46,93.30924306311235,1.0,90.8185771762459,23.0,1000.0,0.0,89.25523334152685,0.0
32.0,6.46,93.5017780660366,1.0,91.0049267729023,23.0,1000.0,0.0,89.2647166748602,0.0
32.016666666666666,6.46,93.69428987368734,1.0,91.1917391566267,23.0,1000.0,0.0,89.27427171375739,0.0
32.03333333333333,6.46,93.88678030849836,1.0,91.37897796661544,23.0,1000.0,0.0,89.28389827598696,0.0
32.05,6.46,94.0792510497163,1.0,91.56660969890363,23.0,1000.0,0.0,89.29359617795576,0.0
32.06666666666667,6.46,94.27170364465076,1.0,91.75460348190566,23.0,1000.0,0.0,89.30336523471239,0.0
32.083333333333336,6.46,94.46413951904046,1.0,91.94293086959131,23.0,1000.0,0.0,89.31320525995076,0.0
32.1,6.46,94.65655998660502,1.0,92.13156565091181,23.0,1000.0,0.0,89.3231160660137,0.0
32.11666666666667,6.46,94.84896625784617,1.0,92.3204836741992,23.0,1000.0,0.0,89.33309746389642,0.0
32.13333333333333,6.46,95.0413594481575,1.0,92.50966268536241,23.0,1000.0,0.0,89.34314926325018,0.0
32.15,6.46,95.23374058529701,1.0,92.69908217879625,23.0,1000.0,0.0,89.35327127238591,0.0
32.166666666666664,6.46,95.42611061627264,1.0,92.88872326000421,23.0,1000.0,0.0,89.36346329827782,0.0
32.18333333333333,6.46,95.61847041368664,1.0,93.07856851901506,23.0,1000.0,0.0,89.37372514656715,0.0
32.2,6.46,95.81082078158163,1.0,93.26860191374483,23.0,1000.0,0.0,89.38405662156576,0.0
32.21666666666667,6.46,96.00316246082724,1.0,93.45880866252304,23.0,1000.0,0.0,89.39445752625997,0.0
32.233333333333334,6.46,96.1954961340836,1.0,93.64917514506305,23.0,1000.0,0.0,89.40492766231424,0.0
32.25,6.46,96.38782243037477,1.0,93.83968881121307,23.0,1000.0,0.0,89.41546683007495,0.0
32.266666666666666,6.46,96.58014192930291,1.0,94.0303380968765,23.0,1000.0,0.0,89.42607482857422,0.0
32.28333333333333,6.46,96.77245516493132,1.0,94.22111234653848,23.0,1000.0,0.0,89.43675145553375,0.0
32.3,6.46,96.96476262936234,1.0,94.4120017418792,23.0,1000.0,0.0,89.44749650736867,0.0
32.31666666666667,6.46,97.15706477603428,1.0,94.60299723599631,23.0,1000.0,0.0,89.45830977919132,0.0
32.333333333333336,6.46,97.34936202275914,1.0,94.79409049279523,23.0,1000.0,0.0,89.46919106481532,0.0
32.35,6.46,97.54165475452177,1.0,94.98527383114153,23.0,1000.0,0.0,89.48014015675936,0.0
32.36666666666667,6.46,97.73394332605909,1.0,95.17654017340125,23.0,1000.0,0.0,89.4911568462512,0.0
32.38333333333333,6.46,97.92622806423662,1.0,95.36788299802441,23.0,1000.0,0.0,89.50224092323165,0.0
32.4,6.46,98.11850927023833,1.0,95.55929629585391,23.0,1000.0,0.0,89.51339217635854,0.0
32.416666666666664,6.46,98.31078722158439,1.0,95.75077452986721,23.0,1000.0,0.0,89.52461039301079,0.0
32.43333333333333,6.46,98.50306217399046,1.0,95.94231259808116,23.0,1000.0,0.0,89.53589535929238,0.0
32.45,6.46,98.6953343630808,1.0,96.13390579937123,23.0,1000.0,0.0,89.54724686003657,0.0
32.46666666666667,6.46,98.88760400596689,1.0,96.32554980197649,23.0,1000.0,0.0,89.55866467880979,0.0
32.483333333333334,6.46,99.07987130270193,1.0,96.5172406144789,23.0,1000.0,0.0,89.57014859791593,0.0
32.5,6.46,99.2721364376211,1.0,96.70897455906288,23.0,1000.0,0.0,89.58169839840045,0.0
32.516666666666666,6.46,99.46439958057651,1.0,96.90074824687586,23.0,1000.0,0.0,89.59331386005442,0.0
32.53333333333333,6.46,99.65666088807514,1.0,97.09255855532466,23.0,1000.0,0.0,89.60499476141894,0.0
32.55,6.46,99.84892050432732,1.0,97.28440260715568,23.0,1000.0,0.0,89.61674087978916,0.0
32.56666666666667,6.46,100.04117856221293,1.0,97.47627775117884,23.0,1000.0,0.0,89.62855199121861,0.0
32.583333333333336,6.46,100.23343518417155,1.0,97.66818154450586,23.0,1000.0,0.0,89.64042787052344,0.0
32.6,6.46,100.4256904830228,1.0,97.86011173618422,23.0,1000.0,0.0,89.65236829128672,0.0
32.61666666666667,6.46,100.61794456272216,1.0,98.05206625211694,23.0,1000.0,0.0,89.66437302586274,0.0
32.63333333333333,6.46,100.81019751905738,1.0,98.24404318116713,23.0,1000.0,0.0,89.67644184538135,0.0
32.65,6.46,101.00244944029029,1.0,98.43604076235437,23.0,1000.0,0.0,89.68857451975232,0.0
32.666666666666664,6.46,101.19470040774803,1.0,98.62805737305703,23.0,1000.0,0.0,89.70077081766969,0.0
32.68333333333333,6.46,101.38695049636794,1.0,98.82009151814157,23.0,1000.0,0.0,89.71303050661625,0.0
32.7,6.46,101.5791997751996,1.0,99.01214181994585,23.0,1000.0,0.0,89.72535335286786,0.0
32.71666666666667,6.46,101.7714483078674,1.0,99.20420700904955,23.0,1000.0,0.0,89.73773912149798,0.0
32.733333333333334,6.46,101.96369615299683,1.0,99.39628591576965,23.0,1000.0,0.0,89.75018757638213,0.0
32.75,6.46,102.15594336460723,1.0,99.58837746232419,23.0,1000.0,0.0,89.76269848020236,0.0
32.766666666666666,6.46,102.34818999247366,1.0,99.78048065561164,23.0,1000.0,0.0,89.7752715944518,0.0
32.78333333333333,6.46,102.54043608246043,1.0,99.97259458055767,23.0,1000.0,0.0,89.78790667943915,0.0
32.8,6.46,102.73268167682829,1.0,100.0,22.992986203323042,1000.3050407030621,0.0,89.8006034942933,0.0
32.81666666666667,6.46,102.92430912054019,1.0,100.0,22.984280314795093,1000.6839320174314,0.008705888527948506,89.81336179696788,50.0
32.833333333333336,6.46,103.11521796133816,1.0,100.0,22.974963931756204,1001.0897108834713,0.018022271566837847,89.82618134424591,50.0
32.85,6.46,103.30541089398314,1.0,100.0,22.96503934356079,1001.5223425449525,0.02794685976225117,89.83906189174436,50.0
32.86666666666667,6.46,103.4948906031307,1.0,100.0,22.954508830978188,1001.9817966638615,0.038477372344852406,89.85200319391889,50.0
32.88333333333333,6.46,103.68365976336896,1.0,100.0,22.94337466622485,1002.4680472946513,0.04961153709818919,89.86500500406842,50.0
32.9,6.46,103.87172103925633,1.0,100.0,22.931639112996418,1002.9810728603712,0.06134709032662101,89.87806707433994,50.0
32.916666666666664,6.46,104.05907708535912,1.0,100.0,22.91930442649967,1003.5208561306523,0.07368177682336671,89.89118915573314,50.0
32.93333333333333,6.46,104.24573054628902,1.0,100.0,22.906372853484367,1004.0873842015276,0.08661334983866982,89.9043709981052,50.0
32.95,6.46,104.43168405674044,1.0,100.0,22.89284663227495,1004.6806484770655,0.10013957104808643,89.91761235017552,50.0
32.96666666666667,6.46,104.61694024152766,1.0,100.0,22.878727992802148,1005.3006446527974,0.11425821052088792,89.93091295953054,50.0
32.983333333333334,6.46,104.80150171562192,1.0,100.0,22.86401915663445,1005.9473727009231,0.12896704668858686,89.94427257262856,50.0
33.0,6.46,104.98537108418834,1.0,100.0,22.84872233700946,1006.6208368572761,0.14426386631357718,89.95769093480443,50.0
33.016666666666666,6.46,105.16855094262264,1.0,100.0,22.832839738865143,1007.3210456100352,0.16014646445789432,89.9711677902746,50.0
33.03333333333333,6.46,105.35104387658781,1.0,100.0,22.816373558870946,1008.0480116901689,0.16014646445789432,89.98470288214187,0.0
33.05,6.46,105.5328524620506,1.0,100.0,22.799325985458808,1008.8017520635996,0.16014646445789432,89.99829595240027,0.0
33.06666666666667,6.46,105.7139792653179,1.0,100.0,22.781699198854046,1009.5822879250787,0.16014646445789432,90.01194674194004,0.0
33.083333333333336,6.46,105.89442684307296,1.0,100.0,22.76349537110613,1010.3896446937612,0.16014646445789432,90.02565499055251,0.0
33.1,6.46,106.07419774241144,1.0,100.0,22.74471666611935,1011.2238520104726,0.1789251694446757,90.03942043693507,50.0
33.11666666666667,6.46,106.2532945008774,1.0,100.0,22.72536523968335,1012.0849437366613,0.19827659588067695,90.05324281869618,50.0
33.13333333333333,6.46,106.43171964649912,1.0,100.0,22.705443239503563,1012.9729579550317,0.2181985960604636,90.06712187236026,50.0
33.15,6.46,106.60947569782475,1.0,100.0,22.68495280523153,1013.8879369718511,0.2386890303324962,90.08105733337288,50.0
33.166666666666664,6.46,106.7865651639579,1.0,100.0,22.663896068495095,1014.8299273209306,0.25974576706892916,90.09504893610561,50.0
33.18333333333333,6.46,106.96299054459305,1.0,100.0,22.642275152928505,1015.7989797692759,0.28136668263552095,90.1090964138612,50.0
33.2,6.46,107.13875433005083,1.0,100.0,22.62009217420237,1016.7951493244093,0.3035496613616583,90.12319949887859,50.0
33.21666666666667,6.46,107.31385900131313,1.0,100.0,22.597349240053536,1017.8184952433611,0.326292595510493,90.1373579223381,50.0
33.233333333333334,6.46,107.48830703005821,1.0,100.0,22.574048450314837,1018.8690810433351,0.34959338524918965,90.15157141436643,50.0
33.25,6.46,107.6621008786955,1.0,100.0,22.55019189694474,1019.9469745140484,0.3734499386192864,90.16583970404184,50.0
33.266666666666666,6.46,107.8352430004004,1.0,100.0,22.525781664056858,1021.0522477317545,0.39786017150716574,90.18016251939942,50.0
33.28333333333333,6.46,108.00773583914889,1.0,100.0,22.50081982794939,1022.1849770749486,0.4228220076146359,90.19453958743605,50.0
33.3,6.46,108.17958182975208,1.0,100.0,22.4753084571344,1023.3452432417693,0.44833337842962345,90.20897063411579,50.0
33.31666666666667,6.46,108.35078339789051,1.0,100.0,22.449249612367048,1024.533131269098,0.47439222319697494,90.22345538437499,50.0
33.333333333333336,6.46,108.52134296014842,1.0,100.0,22.422645346674653,1025.7487305533718,0.5009964888893694,90.23799356212757,50.0
33.35,6.46,108.69126292404786,1.0,100.0,22.395497705385683,1026.9921348731152,0.528144130178338,90.2525848902703,50.0
33.36666666666667,6.46,108.86054568808268,1.0,100.0,22.36780872615863,1028.263442413205,0.5558331094053931,90.267229090688,50.0
33.38333333333333,6.46,109.02919364175237,1.0,100.0,22.339580439010753,1029.5627557908822,0.5840613965532673,90.28192588425891,50.0
33.4,6.46,109.1972091655958,1.0,100.0,22.310814866346764,1030.8901820835233,0.612826969217257,90.29667499085991,50.0
33.416666666666664,6.46,109.3645946312248,1.0,100.0,22.281514022987345,1032.2458328581893,0.6421278125766774,90.31147612937201,50.0
33.43333333333333,6.46,109.53135240135771,1.0,100.0,22.251679916197602,1033.629824202966,0.67196191936642,90.32632901768554,50.0
33.45,6.46,109.69748482985261,1.0,100.0,22.2213145457154,1035.042276760118,0.7023272898486214,90.3412333727056,50.0
33.46666666666667,6.46,109.86299426174067,1.0,100.0,22.19041990377959,1036.4833157610738,0.7332219317844351,90.35618891035747,50.0
33.483333333333334,6.46,110.02788303325914,1.0,100.0,22.158997975158115,1037.9530710632632,0.7646438604059096,90.37119534559193,50.0
33.5,6.46,110.19215347188442,1.0,100.0,22.127050737176052,1039.4516771888304,0.7965910983879742,90.3862523923908,50.0
33.516666666666666,6.46,110.35580789636485,1.0,100.0,22.0945801597435,1040.979273365247,0.8290616758205261,90.40135976377229,50.0
33.53333333333333,6.46,110.51884861675349,1.0,100.0,22.0615882053834,1042.5360035678484,0.8620536301806263,90.41651717179653,50.0
33.55,6.46,110.68127793444066,1.0,100.0,22.02807682925923,1044.1220165643233,0.8955650063047964,90.43172432757099,50.0
33.56666666666667,6.46,110.8430981421865,1.0,100.0,21.994047979202605,1045.7374659611821,0.9295938563614214,90.44698094125604,50.0
33.583333333333336,6.46,111.00431152415331,1.0,100.0,21.95950359574077,1047.382510252237,0.9641382398232549,90.46228672207044,50.0
33.6,6.46,111.16492035593774,1.0,100.0,21.924445612124,1049.0573128691208,0.9991962234400263,90.47764137829691,50.0
33.61666666666667,6.46,111.32492690460298,1.0,100.0,21.888875954352873,1050.7620422338844,1.034765881211155,90.49304461728758,50.0
33.63333333333333,6.46,111.48433342871071,1.0,100.0,21.852796541205464,1052.4968718136997,1.0708452943585627,90.50849614546969,50.0
33.65,6.46,111.64314217835305,1.0,100.0,21.81620928426444,1054.261980177711,1.1074325512995882,90.52399566835109,50.0
33.666666666666664,6.46,111.80135539518422,1.0,100.0,21.779116087944022,1056.0575510560686,1.1445257476200053,90.53954289052591,50.0
33.68333333333333,6.46,111.95897531245228,1.0,100.0,21.741518849516886,1057.8837734011884,1.182122986047141,90.55513751568014,50.0
33.7,6.46,112.11600415503058,1.0,100.0,21.70341945914093,1059.7408414512752,1.220222376423095,90.5707792465973,50.0
33.71666666666667,6.46,112.27244413944922,1.0,100.0,21.66481979988597,1061.628954796155,1.2588220356780597,90.58646778516405,50.0
33.733333333333334,6.46,112.42829747392629,1.0,100.0,21.625721747760288,1063.5483184454654,1.297920087803739,90.60220283237594,50.0
33.75,6.46,112.58356635839907,1.0,100.0,21.58612717173716,1065.499142899242,1.3375146638268671,90.61798408834301,50.0
33.766666666666666,6.46,112.73825298455507,1.0,100.0,21.5460379337812,1067.4816442209626,1.3776039017828285,90.63381125229562,50.0
33.78333333333333,6.46,112.892359535863,1.0,100.0,21.505455888874653,1069.4960441130895,1.4181859466893758,90.64968402259007,50.0
33.8,6.46,113.04588818760351,1.0,100.0,21.464382885043584,1071.542569995172,1.4592589505204439,90.66560209671437,50.0
33.81666666666667,6.46,113.19884110689999,1.0,100.0,21.422820763383964,1073.6214550845586,1.5008210721800654,90.68156517129403,50.0
33.833333333333336,6.46,113.35122045274912,1.0,100.0,21.380771358087646,1075.7329384797822,1.5428704774763837,90.69757294209779,50.0
33.85,6.46,113.5030283760513,1.0,100.0,21.33823649646827,1077.877265246674,1.5854053390957616,90.7136251040435,50.0
33.86666666666667,6.46,113.65426701964111,1.0,100.0,21.295217998987045,1080.0546865072727,1.6284238365769872,90.72972135120382,50.0
33.88333333333333,6.46,113.80493851831746,1.0,100.0,21.251717679278453,1082.2654595315933,1.6719241562855784,90.74586137681207,50.0
33.9,6.46,113.95504499887376,1.0,100.0,21.20773734417585,1084.5098478323207,1.7159044913881825,90.76204487326814,50.0
33.916666666666664,6.46,114.10458858012798,1.0,100.0,21.16327879373696,1086.7881212625039,1.7603630418270722,90.77827153214425,50.0
33.93333333333333,6.46,114.2535713729525,1.0,100.0,21.118343821269296,1089.1005561163172,1.8052980142947364,90.79454104419094,50.0
33.95,6.46,114.40199548030394,1.0,100.0,21.072934213355463,1091.4474352329728,1.8507076222085672,90.8108530993428,50.0
33.96666666666667,6.46,114.5498629972528,1.0,100.0,21.02705174987839,1093.8290481038553,1.896590085685642,90.82720738672451,50.0
33.983333333333334,6.46,114.6971760110131,1.0,100.0,20.980698204046433,1096.2456909829673,1.9429436315175979,90.84360359465671,50.0
34.0,6.46,114.8439366009718,1.0,100.0,20.93387534241843,1098.6976670007657,1.9897664931456043,90.86004141066196,50.0
34.016666666666666,6.46,114.99014683871816,1.0,100.0,20.886584924928606,1101.1852862814815,2.037056910635426,90.8765205214706,50.0
34.03333333333333,6.46,115.13580878807296,1.0,100.0,20.83882870491145,1103.708866064011,2.037056910635426,90.89304061302678,0.0
34.05,6.46,115.2809245051177,1.0,100.0,20.79060842912644,1106.268730826478,2.037056910635426,90.9096013704945,0.0
34.06666666666667,6.46,115.4254960382235,1.0,100.0,20.741925837782702,1108.865212414561,2.037056910635426,90.92620247826349,0.0
34.083333333333336,6.46,115.56952542808015,1.0,100.0,20.692782664563584,1111.4986501736917,2.037056910635426,90.94284361995526,0.0
34.1,6.46,115.71301470772485,1.0,100.0,20.643180636651117,1114.1693910852302,2.0866589385478935,90.95952447842917,50.0
34.11666666666667,6.46,115.85596590257089,1.0,100.0,20.5931214747504,1116.8777899067272,2.13671810044861,90.97624473578841,50.0
34.13333333333333,6.46,115.99838103043625,1.0,100.0,20.54260689311389,1119.6242093163864,2.187232682085119,90.99300407338606,50.0
34.15,6.46,116.14026210157212,1.0,100.0,20.4916385995656,1122.409020061849,2.238200975633411,91.0098021718312,50.0
34.166666666666664,6.46,116.28161111869123,1.0,100.0,20.440218295525195,1125.2326011134228,2.289621279673818,91.02663871099492,50.0
34.18333333333333,6.46,116.42243007699614,1.0,100.0,20.38834767603202,1128.0953398218805,2.3414918991669933,91.04351337001647,50.0
34.2,6.46,116.5627209642074,1.0,100.0,20.336028429769023,1130.997632080967,2.39381114542999,91.06042582730939,50.0
34.21666666666667,6.46,116.70248576059163,1.0,100.0,20.283262239086593,1133.939882494747,2.446577336112421,91.07737576056752,50.0
34.233333333333334,6.46,116.84172643898941,1.0,100.0,20.2300507800263,1136.9225045499413,2.4997887951727127,91.09436284677129,50.0
34.25,6.46,116.9804449648432,1.0,100.0,20.176395722344562,1139.9459207933953,2.553443852854449,91.11138676219376,50.0
34.266666666666666,6.46,117.11864329622504,1.0,100.0,20.12229872953621,1143.0105630148403,2.607540845662799,91.12844718240677,50.0
34.28333333333333,6.46,117.2563233838642,1.0,100.0,20.067761458857973,1146.1168724351026,2.662078116341038,91.14554378228723,50.0
34.3,6.46,117.39348717117471,1.0,100.0,20.01278556135186,1149.2652998999279,2.717054013847154,91.16267623602322,50.0
34.31666666666667,6.46,117.53013659428281,1.0,100.0,19.95737268186847,1152.4563060795965,2.772466893330543,91.17984421712019,50.0
34.333333333333336,6.46,117.66627358205425,1.0,100.0,19.901524459090226,1155.6903616745049,2.828315116108789,91.19704739840721,50.0
34.35,6.46,117.80190005612154,1.0,100.0,19.84524252555448,1158.9679476269018,2.8845970496445372,91.21428545204321,50.0
34.36666666666667,6.46,117.93701793091108,1.0,100.0,19.78852850767657,1162.2895553389728,2.9413110675224465,91.23155804952322,50.0
34.38333333333333,6.46,118.07162911367017,1.0,100.0,19.731384025772783,1165.6556868974724,2.998455549426234,91.24886486168451,50.0
34.4,6.46,118.2057355044939,1.0,100.0,19.673810694083215,1169.0668553051141,3.0560288811158025,91.26620555871305,50.0
34.416666666666664,6.46,118.33933899635205,1.0,100.0,19.615810120794563,1172.523584718934,3.1140294544044558,91.28357981014966,50.0
34.43333333333333,6.46,118.47244147511573,1.0,100.0,19.55738390806282,1176.0264106958546,3.1724556671361968,91.30098728489631,50.0
34.45,6.46,118.60504481958405,1.0,100.0,19.498533652035903,1179.5758804456807,3.2313059231631143,91.31842765122246,50.0
34.46666666666667,6.46,118.73715090151062,1.0,100.0,19.439260942876167,1183.1725530917731,3.290578632322851,91.3359005767714,50.0
34.483333333333334,6.46,118.86876158562995,1.0,100.0,19.379567364782858,1186.8169999396523,3.350272210416159,91.35340572856646,50.0
34.5,6.46,118.99987872968384,1.0,100.0,19.31945449601448,1190.5098047537929,3.410385079184538,91.3709427730175,50.0
34.516666666666666,6.46,119.13050418444753,1.0,100.0,19.25892390891106,1194.251564042887,3.4709156662879557,91.38851137592717,50.0
34.53333333333333,6.46,119.26063979375586,1.0,100.0,19.19797716991636,1198.042887353855,3.5318624052826557,91.40611120249727,50.0
34.55,6.46,119.39028739452927,1.0,100.0,19.13661583959997,1201.8843975749044,3.593223735599046,91.42374191733516,50.0
34.56666666666667,6.46,119.51944881679978,1.0,100.0,19.074841472679346,1205.776731247942,3.6549981025196705,91.44140318446017,50.0
34.583333333333336,6.46,119.64812588373678,1.0,100.0,19.01265561804175,1209.7205388906589,3.7171839571572627,91.45909466730987,50.0
34.6,6.46,119.77632041167277,1.0,100.0,18.950059818766128,1213.7164853286226,3.7797797564328843,91.47681602874665,50.0
34.61666666666667,6.46,119.904034210129,1.0,100.0,18.88705561214487,1217.7652500377233,3.8427839630541425,91.49456693106403,50.0
34.63333333333333,6.46,120.03126908184102,1.0,100.0,18.823644529705522,1221.867527497333,3.9061950454934915,91.51234703599307,50.0
34.65,6.46,120.15802682278411,1.0,100.0,18.7598280972324,1226.0240275545555,3.9700114779666134,91.53015600470893,50.0
34.666666666666664,6.46,120.28430922219867,1.0,100.0,18.69560783478813,1230.2354757999572,4.034231740410881,91.5479934978372,50.0
34.68333333333333,6.46,120.41011806261542,1.0,100.0,18.63098525673511,1234.5026139551837,4.0988543184639035,91.5658591754604,50.0
34.7,6.46,120.53545511988062,1.0,100.0,18.565961871756866,1238.8262002728939,4.1638777034421475,91.58375269712448,50.0
34.71666666666667,6.46,120.66032216318106,1.0,100.0,18.50053918287937,1243.2070099494435,4.229300392319643,91.60167372184527,50.0
34.733333333333334,6.46,120.78472095506913,1.0,100.0,18.434718687492243,1247.6458355507878,4.295120887706768,91.61962190811501,50.0
34.75,6.46,120.90865325148762,1.0,100.0,18.368501877369898,1252.1434874520778,4.3613376978291125,91.63759691390875,50.0
34.766666666666666,6.46,121.03212080179455,1.0,100.0,18.301890238692593,1256.7007942914536,4.427949336506418,91.65559839669099,50.0
34.78333333333333,6.46,121.15512534878782,1.0,100.0,18.234885252067407,1261.318603438556,4.494954323131604,91.67362601342217,50.0
34.8,6.46,121.27766862872987,1.0,100.0,18.167488392549146,1265.9977814782999,4.562351182649866,91.69167942056511,50.0
34.81666666666667,6.46,121.39975237137213,1.0,100.0,18.099701129661156,1270.7392147104788,4.630138445537855,91.70975827409167,50.0
34.833333333333336,6.46,121.52137829997949,1.0,100.0,18.031524927416076,1275.5438096657913,4.698314647782935,91.7278622294892,50.0
34.85,6.46,121.64254813135456,1.0,100.0,17.962961244336494,1280.4124936389096,4.766878330862515,91.74599094176725,50.0
34.86666666666667,6.46,121.76326357586198,1.0,100.0,17.894011533475542,1285.3462152392335,4.835828041723468,91.76414406546387,50.0
34.88333333333333,6.46,121.88352633745251,1.0,100.0,17.824677242437396,1290.3459449600052,4.905162332761612,91.7823212546525,50.0
34.9,6.46,122.00333811368706,1.0,100.0,17.754959813397726,1295.4126757664862,4.974879761801284,91.80052216294833,50.0
34.916666666666664,6.46,122.12270059576073,1.0,100.0,17.684860683124032,1300.5474237039355,5.044978892074977,91.818746443515,50.0
34.93333333333333,6.46,122.24161546852663,1.0,100.0,17.614381282995947,1305.75122852615,5.115458292203065,91.83699374907115,50.0
34.95,6.46,122.36008441051966,1.0,100.0,17.54352303902542,1311.0251543453771,5.1863165361735915,91.85526373189713,50.0
34.96666666666667,6.46,122.47810909398021,1.0,100.0,17.472287371876863,1316.3702903044305,5.25755220332215,91.8735560438414,50.0
34.983333333333334,6.46,122.59569118487778,1.0,100.0,17.40067569688719,1321.787751271892,5.329163878311822,91.8918703363275,50.0
35.0,6.46,122.71283234293449,1.0,100.0,17.32868942408581,1327.2786785613112,5.401150151113202,91.91020626036033,50.0
35.016666666666666,6.46,122.82953422164849,1.0,100.0,17.256329958214515,1332.8442406753652,5.473509616984498,91.92856346653302,50.0
35.03333333333333,6.46,122.9457984683173,1.0,100.0,17.183598698747318,1338.4856340759795,5.473509616984498,91.94694160503354,0.0
35.05,6.46,123.06162672406111,1.0,100.0,17.1104970399102,1344.2040839814606,5.473509616984498,91.9653403256513,0.0
35.06666666666667,6.46,123.17702062384589,1.0,100.0,17.0370263707008,1350.0008451917363,5.473509616984498,91.98375927778388,0.0
35.083333333333336,6.46,123.29198179650646,1.0,100.0,16.963188074908018,1355.8772029428612,5.473509616984498,92.00219811044366,0.0
35.1,6.46,123.40651186476957,1.0,100.0,16.888983531131537,1361.8344737919829,5.547714160760979,92.02065647226453,50.0
35.11666666666667,6.46,123.52061244527668,1.0,100.0,16.8144141128013,1367.8740065340378,5.622283579091218,92.03913401150862,50.0
35.13333333333333,6.46,123.63428514860689,1.0,100.0,16.739481188196876,1373.997183151497,5.697216503695639,92.05763037607288,50.0
35.15,6.46,123.74753157929962,1.0,100.0,16.664186120466802,1380.2054197985458,5.7725115714257145,92.07614521349586,50.0
35.166666666666664,6.46,123.86035333587725,1.0,100.0,16.588530267647794,1386.5001678211554,5.848167424244722,92.09467817096449,50.0
35.18333333333333,6.46,123.97275201086771,1.0,100.0,16.51251498268394,1392.882914814565,5.924182709208579,92.1132288953206,50.0
35.2,6.46,124.08472919082695,1.0,100.0,16.436141613445777,1399.3551857197776,6.000556078446742,92.13179703306788,50.0
35.21666666666667,6.46,124.19628645636135,1.0,100.0,16.35941150274934,1405.9185439607431,6.077286189143182,92.15038223037843,50.0
35.233333333333334,6.46,124.30742538215,1.0,100.0,16.282325988375092,1412.574592623992,6.15437170351743,92.16898413309956,50.0
35.25,6.46,124.41814753696694,1.0,100.0,16.204886403086828,1419.3249756825676,6.231811288805696,92.18760238676056,50.0
35.266666666666666,6.46,124.52845448370331,1.0,100.0,16.127094074650472,1426.1713792661974,6.309603617242051,92.20623663657939,50.0
35.28333333333333,6.46,124.63834777938942,1.0,100.0,16.048950325852832,1433.1155329797418,6.38774736603969,92.22488652746952,50.0
35.3,6.46,124.7478289752167,1.0,100.0,15.970456474520264,1440.1592112720673,6.466241217372258,92.24355170404657,50.0
35.31666666666667,6.46,124.85689961655964,1.0,100.0,15.891613833537273,1447.3042348575916,6.545083858355249,92.26223181063517,50.0
35.333333333333336,6.46,124.96556124299755,1.0,100.0,15.812423710865048,1454.5524721928746,6.624273981027474,92.28092649127574,50.0
35.35,6.46,125.07381538833631,1.0,100.0,15.732887409559922,1461.90584101074,6.703810282332599,92.29963538973116,50.0
35.36666666666667,6.46,125.18166358063006,1.0,100.0,15.65300622779177,1469.3663099145574,6.78369146410075,92.31835814949372,50.0
35.38333333333333,6.46,125.2891073422027,1.0,100.0,15.57278145886233,1476.9359000354357,6.86391623303019,92.33709441379169,50.0
35.4,6.46,125.39614818966943,1.0,100.0,15.492214391223454,1484.616686755238,6.9444833006690665,92.35584382559632,50.0
35.416666666666664,6.46,125.50278763395818,1.0,100.0,15.411306308495304,1492.4108014984752,7.025391383397217,92.37460602762856,50.0
35.43333333333333,6.46,125.60902718033084,1.0,100.0,15.330058489484463,1500.3204335963007,7.106639202408058,92.39338066236577,50.0
35.45,6.46,125.7148683284046,1.0,100.0,15.248472208201992,1508.3478322260066,7.188225483690528,92.41216737204867,50.0
35.46666666666667,6.46,125.8203125721731,1.0,100.0,15.166548733881411,1516.4953084295955,7.2701489580111085,92.43096579868809,50.0
35.483333333333334,6.46,125.92536140002744,1.0,100.0,15.084289330996612,1524.7652372152147,7.352408360895907,92.44977558407177,50.0
35.5,6.46,126.03001629477734,1.0,100.0,15.00169525927971,1533.1600597454278,7.435002432612809,92.4685963697712,50.0
35.516666666666666,6.46,126.13427873367192,1.0,100.0,14.918767773738827,1541.6822856165352,7.517929918153692,92.48742779714844,50.0
35.53333333333333,6.46,126.23815018842065,1.0,100.0,14.835508124675801,1550.334495233381,7.601189567216718,92.50626950736296,50.0
35.55,6.46,126.34163212521408,1.0,100.0,14.751917557703841,1559.1193422843373,7.684780134188678,92.52512114137843,50.0
35.56666666666667,6.46,126.44472600474452,1.0,100.0,14.667997313765106,1568.0395563214176,7.768700378127413,92.54398233996963,50.0
35.583333333333336,6.46,126.54743328222673,1.0,100.0,14.583748629148221,1577.097945450759,7.852949062744298,92.56285274372918,50.0
35.6,6.46,126.64975540741838,1.0,100.0,14.499172735505729,1586.29739913901,7.937524956386791,92.58173199307453,50.0
35.61666666666667,6.46,126.75169382464057,1.0,100.0,14.414270859871475,1595.6408911414796,8.022426832021043,92.60061972825461,50.0
35.63333333333333,6.46,126.85324997279817,1.0,100.0,14.329044224677931,1605.1314825582476,8.107653467214588,92.61951558935692,50.0
35.65,6.46,126.95442528540018,1.0,100.0,14.243494047773442,1614.7723250247973,8.193203644119077,92.63841921631418,50.0
35.666666666666664,6.46,127.05522119057993,1.0,100.0,14.157621542439424,1624.56666404412,8.279076149453095,92.65733024891126,50.0
35.68333333333333,6.46,127.15563911111525,1.0,100.0,14.071427917407489,1634.5178424676526,8.36526977448503,92.67624832679205,50.0
35.7,6.46,127.25568046444857,1.0,100.0,13.984914376876501,1644.6293041328565,8.451783315016018,92.69517308946632,50.0
35.71666666666667,6.46,127.35534666270689,1.0,100.0,13.898082120529585,1654.904597665708,8.538615571362934,92.71410417631655,50.0
35.733333333333334,6.46,127.45463911272174,1.0,100.0,13.81093234355105,1665.347380456883,8.625765348341469,92.73304122660481,50.0
35.75,6.46,127.55355921604902,1.0,100.0,13.723466236643263,1675.961422820955,8.713231455249256,92.75198387947968,50.0
35.766666666666666,6.46,127.65210836898883,1.0,100.0,13.635684986043461,1686.7506123484945,8.801012705849057,92.77093177398304,50.0
35.78333333333333,6.46,127.75028796260513,1.0,100.0,13.547589773540489,1697.7189584615853,8.88910791835203,92.78988454905695,50.0
35.8,6.46,127.84809938274536,1.0,100.0,13.459181776491482,1708.8705971839238,8.977515915401037,92.80884184355061,50.0
35.81666666666667,6.46,127.94554401006006,1.0,100.0,13.370462167838488,1720.2097961373788,9.066235524054031,92.82780329622717,50.0
35.833333333333336,6.46,128.04262322002234,1.0,100.0,13.281432116125023,1731.7409597776448,9.155265575767496,92.84676854577056,50.0
35.85,6.46,128.13933838294724,1.0,100.0,13.192092785512562,1743.4686348824332,9.244604906379957,92.86573723079246,50.0
35.86666666666667,6.46,128.2356908640112,1.0,100.0,13.102445335796977,1755.3975163065215,9.334252356095542,92.88470898983915,50.0
35.88333333333333,6.46,128.33168202327116,1.0,100.0,13.012490922424906,1767.532453018909,9.424206769467613,92.90368346139839,50.0
35.9,6.46,128.42731321568388,1.0,100.0,12.92223069651006,1779.8784544383388,9.51446699538246,92.92266028390627,50.0
35.916666666666664,6.46,128.52258579112507,1.0,100.0,12.831665804849473,1792.4406970845196,9.605031887043046,92.94163909575411,50.0
35.93333333333333,6.46,128.61750109440834,1.0,100.0,12.740797389939695,1805.2245315635496,9.695900301952824,92.96061953529542,50.0
35.95,6.46,128.71206046530432,1.0,100.0,12.649626589992907,1818.2354899072857,9.787071101899611,92.97960124085266,50.0
35.96666666666667,6.46,128.80626523855943,1.0,100.0,12.558154538953,1831.4792932877494,9.87854315293952,92.99858385072422,50.0
35.983333333333334,6.46,128.90011674391482,1.0,100.0,12.46638236651157,1844.9618601291147,9.970315325380948,93.01756700319123,50.0
36.0,6.46,128.99361630612515,1.0,100.0,12.374311198123877,1858.6893146413768,10.062386493768642,93.03655033652457,50.0
36.016666666666666,6.46,129.0867652449772,1.0,100.0,12.281942155024717,1872.6679958014909,10.154755536867802,93.0555334889916,50.0
36.03333333333333,6.46,129.17956487530853,1.0,100.0,12.189276354244258,1886.904466809588,10.154755536867802,93.07451609886316,0.0
36.05,6.46,129.2720165070261,1.0,100.0,12.096314908623807,1901.4055250498338,10.154755536867802,93.0934978044204,0.0
36.06666666666667,6.46,129.36412144512477,1.0,100.0,12.00305892683151,1916.1782125876284,10.154755536867802,93.1124782439617,0.0
36.083333333333336,6.46,129.45588098970555,1.0,100.0,11.909509513378016,1931.2298272371302,10.154755536867802,93.13145705580955,0.0
36.1,6.46,129.54729643599416,1.0,100.0,11.815667768632052,1946.567934235577,10.248597281613765,93.15043387831743,50.0
36.11666666666667,6.46,129.6383690743592,1.0,100.0,11.721534788835964,1962.2003785635698,10.342730261409853,93.16940834987666,50.0
36.13333333333333,6.46,129.72910019033034,1.0,100.0,11.627111666121191,1978.1352979533901,10.437153384124626,93.18838010892335,50.0
36.15,6.46,129.8194910646166,1.0,100.0,11.532399488523678,1994.3811366305981,10.531865561722139,93.20734879394526,50.0
36.166666666666664,6.46,129.9095429731243,1.0,100.0,11.437399339999235,2010.9466598375782,10.626865710246582,93.22631404348864,50.0
36.18333333333333,6.46,129.9992571869751,1.0,100.0,11.342112300438838,2027.8409691914342,10.722152749806979,93.24527549616518,50.0
36.2,6.46,130.08863497252392,1.0,100.0,11.246539445683874,2045.073518932686,10.817725604561943,93.26423279065885,50.0
36.21666666666667,6.46,130.17767759137695,1.0,100.0,11.15068184754132,2062.654133125625,10.913583202704498,93.28318556573278,50.0
36.233333333333334,6.46,130.2663863004093,1.0,100.0,11.05454057379888,2080.593023875985,11.009724476446937,93.30213346023612,50.0
36.25,6.46,130.35476235178277,1.0,100.0,10.958116688240054,2098.900810636826,11.106148362005763,93.32107611311099,50.0
36.266666666666666,6.46,130.44280699296357,1.0,100.0,10.861411250659152,2117.588540679202,11.202853799586665,93.34001316339926,50.0
36.28333333333333,6.46,130.53052146673994,1.0,100.0,10.76442531687626,2136.6677108104436,11.299839733369557,93.3589442502495,50.0
36.3,6.46,130.61790701123968,1.0,100.0,10.667159938752132,2156.1502904296544,11.397105111493685,93.37786901292374,50.0
36.31666666666667,6.46,130.70496485994752,1.0,100.0,10.56961616420305,2176.048746017466,11.494648886042768,93.39678709080454,50.0
36.333333333333336,6.46,130.79169624172272,1.0,100.0,10.471795037215607,2196.3760671652294,11.59247001303021,93.41569812340161,50.0
36.35,6.46,130.87810238081624,1.0,100.0,10.373697597861446,2217.1457942577263,11.690567452384371,93.43460175035887,50.0
36.36666666666667,6.46,130.96418449688818,1.0,100.0,10.275324882311942,2238.372047933242,11.788940167933875,93.45349761146117,50.0
36.38333333333333,6.46,131.04994380502484,1.0,100.0,10.176677922852829,2260.069560455578,11.887587127392989,93.47238534664126,50.0
36.4,6.46,131.135381515756,1.0,100.0,10.077757747898767,2282.2537091443305,11.98650730234705,93.49126459598659,50.0
36.416666666666664,6.46,131.2204988350719,1.0,100.0,9.978565382007863,2304.9405520227165,12.085699668237954,93.51013499974614,50.0
36.43333333333333,6.46,131.3052969644404,1.0,100.0,9.87910184589613,2328.146865856473,12.185163204349687,93.52899619833734,50.0
36.45,6.46,131.38977710082375,1.0,100.0,9.779368156451895,2351.8901867730406,12.284896893793922,93.54784783235282,50.0
36.46666666666667,6.46,131.47394043669567,1.0,100.0,9.679365326750155,2376.188853667559,12.384899723495662,93.56668954256733,50.0
36.483333333333334,6.46,131.55778816005807,1.0,100.0,9.579094366066876,2401.062054621312,12.485170684178941,93.5855209699446,50.0
36.5,6.46,131.64132145445785,1.0,100.0,9.47855627989324,2426.5298765793714,12.585708770352577,93.60434175564403,50.0
36.516666666666666,6.46,131.72454149900364,1.0,100.0,9.377752069949835,2452.613358557581,12.686512980295982,93.62315154102771,50.0
36.53333333333333,6.46,131.80744946838237,1.0,100.0,9.276682734200797,2479.3345486749,12.78758231604502,93.64194996766713,50.0
36.55,6.46,131.89004653287594,1.0,100.0,9.175349266867897,2506.716565335857,12.88891578337792,93.66073667735004,50.0
36.56666666666667,6.46,131.97233385837765,1.0,100.0,9.073752658444576,2534.783662919751,12.990512391801241,93.67951131208724,50.0
36.583333333333336,6.46,132.05431260640873,1.0,100.0,8.971893895709922,2563.561302368706,13.092371154535895,93.69827351411948,50.0
36.6,6.46,132.13598393413469,1.0,100.0,8.869773961742602,2593.076227106161,13.194491088503215,93.71702292592413,50.0
36.61666666666667,6.46,132.2173489943817,1.0,100.0,8.76739383593474,2623.3565447613787,13.296871214311077,93.7357591902221,50.0
36.63333333333333,6.46,132.29840893565276,1.0,100.0,8.664754494005736,2654.4318152246938,13.399510556240081,93.75448194998464,50.0
36.65,6.46,132.37916490214405,1.0,100.0,8.561856908016045,2686.3331456130973,13.502408142229772,93.77319084844008,50.0
36.666666666666664,6.46,132.45961803376102,1.0,100.0,8.458702046380896,2719.093292787237,13.605563003864921,93.79188552908063,50.0
36.68333333333333,6.46,132.5397694661344,1.0,100.0,8.355290873883959,2752.7467741297696,13.708974176361858,93.81056563566925,50.0
36.7,6.46,132.6196203306364,1.0,100.0,8.251624351690964,2787.329987372328,13.812640698554853,93.8292308122463,50.0
36.71666666666667,6.46,132.6991717543965,1.0,100.0,8.147703437363273,2822.881340345291,13.916561612882544,93.84788070313641,50.0
36.733333333333334,6.46,132.77842486031753,1.0,100.0,8.04352908487139,2859.4413916224094,14.020735965374428,93.86651495295524,50.0
36.75,6.46,132.85738076709134,1.0,100.0,7.9391022446084305,2897.053003142721,14.125162805637386,93.88513320661623,50.0
36.766666666666666,6.46,132.93604058921474,1.0,100.0,7.834423863403538,2935.7615060168564,14.229841186842279,93.90373510933739,50.0
36.78333333333333,6.46,133.0144054370052,1.0,100.0,7.729494884535243,2975.6148808659063,14.334770165710573,93.92232030664792,50.0
36.8,6.46,133.09247641661642,1.0,100.0,7.624316247744784,3016.663954200903,14.439948802501032,93.9408884443952,50.0
36.81666666666667,6.46,133.1702546300541,1.0,100.0,7.518888889249369,3058.962612532518,14.545376160996447,93.95943916875133,50.0
36.833333333333336,6.46,133.2477411751914,1.0,100.0,7.413213741755391,3102.5680361070704,14.651051308490425,93.97797212621994,50.0
36.85,6.46,133.32493714578445,1.0,100.0,7.307291734471596,3147.5409544002755,14.756973315774221,93.99648696364292,50.0
36.86666666666667,6.46,133.40184363148776,1.0,100.0,7.201123793122194,3193.9459257688795,14.863141257123623,94.0149833282072,50.0
36.88333333333333,6.46,133.4784617178697,1.0,100.0,7.094710839959932,3241.851643967757,14.969554210285885,94.03346086745128,50.0
36.9,6.46,133.5547924864277,1.0,100.0,6.988053793779108,3291.3312745925036,15.076211256466708,94.05191922927217,50.0
36.916666666666664,6.46,133.63083701460357,1.0,100.0,6.881153569928542,3342.462824912483,15.183111480317274,94.07035806193197,50.0
36.93333333333333,6.46,133.7065963757988,1.0,100.0,6.774011080324495,3395.329551025506,15.29025396992132,94.08877701406453,50.0
36.95,6.46,133.78207163938956,1.0,100.0,6.666627233463544,3450.0204068033177,15.397637816782272,94.1071757346823,50.0
36.96666666666667,6.46,133.85726387074183,1.0,100.0,6.5590029344354,3506.6305397193446,15.505262115810416,94.12555387318281,50.0
36.983333333333334,6.46,133.93217413122656,1.0,100.0,6.451139084935692,3565.2618393716193,15.613125965310124,94.14391107935552,50.0
37.0,6.46,134.00680347823447,1.0,100.0,6.343036583278687,3626.02354535237,15.721228466967128,94.16224700338834,50.0
37.016666666666666,6.46,134.0811529651911,1.0,100.0,6.234696324409976,3689.032922092896,15.82956872583584,94.18056129587443,50.0
37.03333333333333,6.46,134.15522364157164,1.0,100.0,6.126119199919102,3754.416009454027,15.82956872583584,94.1988536078187,0.0
37.05,6.46,134.22901655291574,1.0,100.0,6.017306098052148,3822.308459170003,15.82956872583584,94.21712359064466,0.0
37.06666666666667,6.46,134.3025327408423,1.0,100.0,5.908257903724275,3892.8564688250835,15.82956872583584,94.2353708962008,0.0
37.083333333333336,6.46,134.37577324306415,1.0,100.0,5.798975498532211,3966.2178268939992,15.82956872583584,94.25359517676748,0.0
37.1,6.46,134.44873909340265,1.0,100.0,5.689459760766696,4042.563084566144,15.939084463601354,94.27179608506331,50.0
37.11666666666667,6.46,134.5214313218024,1.0,100.0,5.579711565424883,4122.076872668699,16.04883265894317,94.28997327425192,50.0
37.13333333333333,6.46,134.59385095434564,1.0,100.0,5.46973178422268,4204.959385091415,16.158812440145372,94.30812639794854,50.0
37.15,6.46,134.66599901326686,1.0,100.0,5.359521285607066,4291.428053801412,16.269022938760987,94.32625511022657,50.0
37.166666666666664,6.46,134.7378765169671,1.0,100.0,5.249080934768339,4381.719444951756,16.379463289599713,94.34435906562412,50.0
37.18333333333333,6.46,134.8094844800285,1.0,100.0,5.138411593652338,4476.09141089684,16.490132630715713,94.36243791915066,50.0
37.2,6.46,134.88082391322837,1.0,100.0,5.027514120972601,4574.825539336425,16.601030103395452,94.38049132629361,50.0
37.21666666666667,6.46,134.95189582355377,1.0,100.0,4.9163893722224925,4678.229948577617,16.71215485214556,94.39851894302475,50.0
37.233333333333334,6.46,135.02270121421543,1.0,100.0,7.867520500572232,3304.7260567174753,16.76102372379582,94.41652042580701,50.0
37.25,6.46,135.0932410846621,1.0,86.90645917588563,10.867520500572233,2668.5019824414376,16.76102372379582,94.43444543160075,0.0
37.266666666666666,6.46,135.1144156525042,1.0,79.4936290963133,13.867520500572233,2307.5502213016025,16.76102372379582,94.45234361787045,0.0
37.28333333333333,6.46,135.10771270291846,1.0,75.4760652444343,16.867520500572233,2074.9937727250776,16.76102372379582,94.47021464259126,0.0
37.3,6.46,135.08596902494915,1.0,73.01921140668965,19.867520500572233,1912.6694747291428,16.76102372379582,94.48805816425534,0.0
37.31666666666667,6.46,135.05509368388067,1.0,71.39023749407508,22.867520500572233,1792.9359678052542,16.76102372379582,94.50587384187854,0.0
37.333333333333336,6.46,135.0182254731689,1.0,76.18118603173615,22.867520500572233,1792.9359678052542,16.76102372379582,94.52366133500682,0.0
37.35,6.46,134.99946157526355,1.0,80.6088286110557,22.867520500572233,1792.9359678052542,16.76102372379582,94.54147030372268,0.0
37.36666666666667,6.46,134.99737170164778,1.0,84.70186736206536,22.867520500572233,1792.9359678052542,16.76102372379582,94.55925040865172,0.0
37.38333333333333,6.46,135.01063856037433,1.0,88.48673687073524,22.867520500572233,1792.9359678052542,16.76102372379582,94.57700131096908,0.0
37.4,6.46,135.03804892903818,1.0,91.98778332094233,22.867520500572233,1792.9359678052542,16.76102372379582,94.59472267240587,0.0
37.416666666666664,6.46,135.0784854330078,1.0,95.22742948375034,22.867520500572233,1792.9359678052542,16.76102372379582,94.61241415525556,0.0
37.43333333333333,6.46,135.1309189731981,1.0,98.22632667210081,22.867520500572233,1792.9359678052542,16.76102372379582,94.63007542238056,0.0
37.45,6.46,135.19440175206898,1.0,100.0,22.825037283863708,1796.2730789923028,16.76102372379582,94.64770613721845,0.0
37.46666666666667,6.46,135.26429774549874,1.0,100.0,22.712913526069507,1805.1404965259455,16.87314748159002,94.66530596378855,50.0
37.483333333333334,6.46,135.3339316289531,1.0,100.0,22.600567090774113,1814.1137713635858,16.985493916885414,94.68287456669822,50.0
37.5,6.46,135.40330438534454,1.0,100.0,22.487998813018155,1823.1946889051478,17.098062194641372,94.70041161114928,50.0
37.516666666666666,6.46,135.4724169938995,1.0,100.0,22.37520952471086,1832.385075756281,17.210851482948666,94.71791676294436,50.0
37.53333333333333,6.46,135.54127043017237,1.0,100.0,22.262200054641802,1841.6868009166608,17.323860953017725,94.73538968849329,50.0
37.55,6.46,135.60986566605922,1.0,100.0,22.14897122849258,1851.1017770097287,17.437089779166946,94.75283005481946,50.0
37.56666666666667,6.46,135.6782036698115,1.0,100.0,22.0355238688485,1860.631961555561,17.550537138811027,94.77023752956612,50.0
37.583333333333336,6.46,135.7462854060497,1.0,100.0,21.921858795210163,1870.2793582886459,17.664202212449364,94.78761178100272,50.0
37.6,6.46,135.81411183577703,1.0,100.0,21.80797682400505,1880.046018522423,17.778084183654478,94.80495247803128,50.0
37.61666666666667,6.46,135.88168391639286,1.0,100.0,21.693878768599035,1889.9340425625371,17.892182239060492,94.82225929019256,50.0
37.63333333333333,6.46,135.94900260170638,1.0,100.0,21.57956543930787,1899.9455811708403,18.006495568351657,94.83953188767256,50.0
37.65,6.46,136.01606884195,1.0,100.0,21.46503764340863,1910.0828370822837,18.1210233642509,94.85676994130856,50.0
37.666666666666664,6.46,136.08288358379266,1.0,100.0,21.350296185151088,1920.348066576943,18.23576482250844,94.87397312259557,50.0
37.68333333333333,6.46,136.14944777035345,1.0,100.0,21.235341865769094,1930.7435811095215,18.350719141890433,94.89114110369255,50.0
37.7,6.46,136.21576234121463,1.0,100.0,21.120175483491863,1941.271748998807,18.465885524167664,94.90827355742853,50.0
37.71666666666667,6.46,136.28182823243506,1.0,100.0,21.00479783355525,1951.9349971796587,18.581263174104276,94.92537015730898,50.0
37.733333333333334,6.46,136.34764637656343,1.0,100.0,20.88920970821298,1962.735813020253,18.696851299446546,94.942430577522,50.0
37.75,6.46,136.4132177026513,1.0,100.0,20.773411896747824,1973.6767462074304,18.812649110911703,94.95945449294446,50.0
37.766666666666666,6.46,136.47854313626635,1.0,100.0,20.65740518548274,1984.7604107031434,18.928655822176786,94.97644157914824,50.0
37.78333333333333,6.46,136.54362359950537,1.0,100.0,20.54119035779198,1995.9894867751548,19.044870649867548,94.99339151240639,50.0
37.8,6.46,136.60846001100722,1.0,100.0,20.42476819411214,2007.3667231052866,19.161292813547387,95.01030396969931,50.0
37.81666666666667,6.46,136.67305328596595,1.0,100.0,20.30813947195318,2018.8949389787063,19.277921535706348,95.02717862872088,50.0
37.833333333333336,6.46,136.73740433614358,1.0,100.0,20.191304965909396,2030.5770265578956,19.39475604175013,95.0440151678846,50.0
37.85,6.46,136.80151406988304,1.0,100.0,20.074265447670353,2042.4159532451574,19.511795559989174,95.06081326632972,50.0
37.86666666666667,6.46,136.86538339212098,1.0,100.0,19.957021686031787,2054.414764137701,19.62903932162774,95.07757260392736,50.0
37.88333333333333,6.46,136.92901320440052,1.0,100.0,19.839574446906447,2066.5765845795668,19.74648656075308,95.09429286128659,50.0
37.9,6.46,136.992404404884,1.0,100.0,19.721924493334907,2078.9046228148813,19.86413651432462,95.11097371976051,50.0
37.916666666666664,6.46,137.0555578883657,1.0,100.0,19.60407258549634,2091.4021727471545,19.981988422163187,95.12761486145229,50.0
37.93333333333333,6.46,137.11847454628435,1.0,100.0,19.486019480719246,2104.0726168096094,20.10004152694028,95.14421596922126,50.0
37.95,6.46,137.18115526673577,1.0,100.0,19.367765933492144,2116.9194289517823,20.218295074167383,95.16077672668898,50.0
37.96666666666667,6.46,137.2436009344855,1.0,100.0,19.249312695474224,2129.9461777479273,20.336748312185303,95.17729681824518,50.0
37.983333333333334,6.46,137.30581243098118,1.0,100.0,19.13066051550595,2143.156529633062,20.455400492153576,95.19377592905381,50.0
38.0,6.46,137.367790634365,1.0,100.0,19.01181013961964,2156.5542522728056,20.574250868039886,95.21021374505905,50.0
38.016666666666666,6.46,137.42953641948614,1.0,100.0,18.89276231104998,2170.1432180735123,20.693298696609546,95.22660995299127,50.0
38.03333333333333,6.46,137.49105065791306,1.0,100.0,18.77351777024454,2183.927407839555,20.693298696609546,95.24296424037298,0.0
38.05,6.46,137.55233421794588,1.0,100.0,18.654077254874196,2197.9109145850102,20.693298696609546,95.25927629552486,0.0
38.06666666666667,6.46,137.6133879646286,1.0,100.0,18.53444149984357,2212.0979475074023,20.693298696609546,95.27554580757153,0.0
38.083333333333336,6.46,137.67421275976125,1.0,100.0,18.41461123730139,2226.492836131599,20.693298696609546,95.29177246644764,0.0
38.1,6.46,137.73480946191214,1.0,100.0,18.294587196650824,2241.1000346324195,20.813322737260112,95.30795596290369,50.0
38.11666666666667,6.46,137.79517892642997,1.0,100.0,18.174370104559777,2255.9241263450153,20.933539829351158,95.32409598851194,50.0
38.13333333333333,6.46,137.85532200545586,1.0,100.0,18.053960684971152,2270.9698284725987,21.053949248939784,95.34019223567225,50.0
38.15,6.46,137.9152395479354,1.0,100.0,17.933359659113062,2286.241997001678,21.174550274797873,95.35624439761796,50.0
38.166666666666664,6.46,137.97493239963066,1.0,100.0,17.81256774550902,2301.7456318355376,21.295342188401914,95.37225216842174,50.0
38.18333333333333,6.46,138.03440140313205,1.0,100.0,17.691585659988075,2317.4858821573607,21.41632427392286,95.38821524300138,50.0
38.2,6.46,138.0936473978703,1.0,100.0,17.57041411569491,2333.4680520350635,21.537495818216026,95.4041333171257,50.0
38.21666666666667,6.46,138.1526712201283,1.0,100.0,17.449053823099923,2349.6976062806425,21.658856110811012,95.42000608742013,50.0
38.233333333333334,6.46,138.2114737030528,1.0,100.0,17.327505490009248,2366.180176577633,21.780404443901688,95.43583325137274,50.0
38.25,6.46,138.27005567666635,1.0,100.0,17.205769821574744,2382.9215678910846,21.90214011233619,95.45161450733983,50.0
38.266666666666666,6.46,138.32841796787883,1.0,100.0,17.083847520303948,2399.927765175379,22.024062413606988,95.4673495545517,50.0
38.28333333333333,6.46,138.3865614004993,1.0,100.0,16.961739286069996,2417.204940396158,22.14617064784094,95.48303809311845,50.0
38.3,6.46,138.44448679524743,1.0,100.0,16.839445816121504,2434.7594598836504,22.26846411778943,95.49867982403559,50.0
38.31666666666667,6.46,138.50219496976524,1.0,100.0,16.7169678050924,2452.5978920358025,22.390942128818537,95.51427444918984,50.0
38.333333333333336,6.46,138.5596867386286,1.0,100.0,16.59430594501173,2470.727015390761,22.513603988899206,95.52982167136467,50.0
38.35,6.46,138.61696291335875,1.0,100.0,16.471460925313444,2489.153827089553,22.63644900859749,95.54532119424606,50.0
38.36666666666667,6.46,138.67402430243365,1.0,100.0,16.348433432846107,2507.885551751137,22.759476501064828,95.56077272242817,50.0
38.38333333333333,6.46,138.73087171129953,1.0,100.0,16.225224151882603,2526.9296507834556,22.882685782028332,95.57617596141884,50.0
38.4,6.46,138.78750594238215,1.0,100.0,16.10183376412979,2546.2938321556944,23.006076169781146,95.5915306176453,50.0
38.416666666666664,6.46,138.8439277950982,1.0,100.0,15.978262948738129,2565.9860606586108,23.129646985172805,95.60683639845973,50.0
38.43333333333333,6.46,138.9001380658666,1.0,100.0,15.854512382311267,2586.014568681615,23.253397551599665,95.62209301214479,50.0
38.45,6.46,138.9561375481196,1.0,100.0,15.730582738915585,2606.38786753722,23.377327194995345,95.63730016791926,50.0
38.46666666666667,6.46,139.01192703231416,1.0,100.0,15.606474690089717,2627.1147593655755,23.501435243821213,95.65245757594349,50.0
38.483333333333334,6.46,139.067507305943,1.0,100.0,15.482188904854027,2648.2043496540427,23.625721029056905,95.66756494732496,50.0
38.5,6.46,139.1228791535457,1.0,100.0,15.35772604972005,2669.666060409208,23.750183884190882,95.68262199412383,50.0
38.516666666666666,6.46,139.1780433567199,1.0,100.0,15.233086788699904,2691.5096440213492,23.874823145211028,95.6976284293583,50.0
38.53333333333333,6.46,139.23300069413222,1.0,100.0,15.108271783315663,2713.745197864195,23.99963815059527,95.71258396701016,50.0
38.55,6.46,139.28775194152922,1.0,100.0,14.983281692608694,2736.383179675881,24.12462824130224,95.72748832203024,50.0
38.56666666666667,6.46,139.34229787174849,1.0,100.0,14.858117173148955,2759.434423770307,24.249792760761977,95.74234121034377,50.0
38.583333333333336,6.46,139.39663925472942,1.0,100.0,14.73277887904427,2782.910158131668,24.375131054866664,95.75714234885588,50.0
38.6,6.46,139.45077685752418,1.0,100.0,14.607267461949556,2806.822022448813,24.500642471961378,95.77189145545691,50.0
38.61666666666667,6.46,139.50471144430847,1.0,100.0,14.481583571076028,2831.182087150263,24.626326362834906,95.78658824902779,50.0
38.63333333333333,6.46,139.55844377639232,1.0,100.0,14.355727853200355,2856.0028735052797,24.75218208071058,95.80123244944551,50.0
38.65,6.46,139.61197461223085,1.0,100.0,14.229700952673795,2881.2973748612753,24.87820898123714,95.81582377758822,50.0
38.666666666666664,6.46,139.66530470743498,1.0,100.0,14.10350351143129,2907.079079093243,25.004406422479647,95.83036195534082,50.0
38.68333333333333,6.46,139.7184348147821,1.0,100.0,13.977136169000524,2933.361992346664,25.130773764910412,95.84484670560002,50.0
38.7,6.46,139.77136568422668,1.0,100.0,13.850599562510952,2960.1606641616872,25.257310371399985,95.85927775227975,50.0
38.71666666666667,6.46,139.82409806291082,1.0,100.0,13.723894326702796,2987.4902140732497,25.38401560720814,95.87365482031639,50.0
38.733333333333334,6.46,139.87663269517492,1.0,100.0,13.597021093936,3015.3663597892905,25.510888839974935,95.88797763567395,50.0
38.75,6.46,139.928970322568,1.0,100.0,13.46998049419916,3043.8054470573747,25.637929439711776,95.90224592534939,50.0
38.766666666666666,6.46,139.9811116838584,1.0,100.0,13.342773155118412,3072.8244813389497,25.765136778792524,95.91645941737772,50.0
38.78333333333333,6.46,140.0330575150439,1.0,100.0,13.215399701966296,3102.441161420163,25.892510231944637,95.93061784083723,50.0
38.8,6.46,140.0848085493625,1.0,100.0,13.087860757670581,3132.673915098811,26.020049176240352,95.94472092585464,50.0
38.81666666666667,6.46,140.13636551730238,1.0,100.0,12.960156942823055,3163.541937098575,26.147752991087877,95.95876840361024,50.0
38.833333333333336,6.46,140.1877291466125,1.0,100.0,12.832288875688286,3195.065229374434,26.275621058222647,95.97276000634295,50.0
38.85,6.46,140.2389001623127,1.0,100.0,12.704257172212353,3227.264643987063,26.40365276169858,95.98669546735556,50.0
38.86666666666667,6.46,140.289879286704,1.0,100.0,12.576062446031534,3260.161928739296,26.5318474878794,96.00057452101967,50.0
38.88333333333333,6.46,140.34066723937886,1.0,100.0,12.447705308480971,3293.7797757845005,26.660204625429962,96.01439690278075,50.0
38.9,6.46,140.39126473723118,1.0,100.0,12.319186368603305,3328.141873435136,26.78872356530763,96.02816234916332,50.0
38.916666666666664,6.46,140.44167249446656,1.0,100.0,12.190506233157258,3363.2729614200175,26.917403700753677,96.0418705977758,50.0
38.93333333333333,6.46,140.4918912226123,1.0,100.0,12.061665506626214,3399.1988898611203,27.046244427284723,96.05552138731555,50.0
38.95,6.46,140.54192163052753,1.0,100.0,11.932664791226742,3435.9466822653426,27.175245142684197,96.06911445757397,50.0
38.96666666666667,6.46,140.59176442441304,1.0,100.0,11.803504686917096,3473.5446028537644,27.30440524699384,96.08264954944123,50.0
38.983333333333334,6.46,140.6414203078215,1.0,100.0,11.67418579140569,3512.0222285808914,27.433724142505245,96.0961264049114,50.0
39.0,6.46,140.69088998166717,1.0,100.0,11.544708700159534,3551.4105262295116,27.563201233751403,96.10954476708729,50.0
39.016666666666666,6.46,140.7401741442359,1.0,100.0,11.41507400641263,3591.7419350034424,27.692835927498308,96.12290438018528,50.0
39.03333333333333,6.46,140.78927349119502,1.0,100.0,11.285282301174355,3633.050455081084,27.692835927498308,96.1362049895403,0.0
39.05,6.46,140.83818871560302,1.0,100.0,11.155334173237804,3675.3717426377966,27.692835927498308,96.14944634161063,0.0
39.06666666666667,6.46,140.8869205079195,1.0,100.0,11.025230209188095,3718.7432118951883,27.692835927498308,96.16262818398269,0.0
39.083333333333336,6.46,140.93546955601482,1.0,100.0,10.894970993410652,3763.204144811129,27.692835927498308,96.17575026537588,0.0
39.1,6.46,140.98383654517977,1.0,100.0,10.764557108099455,3808.7958090863604,27.823249812809507,96.18881233564738,50.0
39.11666666666667,6.46,141.03202215813533,1.0,100.0,10.633989133265253,3855.5615852327473,27.953817787643708,96.20181414579693,50.0
39.13333333333333,6.46,141.08002707504232,1.0,100.0,10.50326764674376,3903.5471035255273,28.084539274165202,96.21475544797144,50.0
39.15,6.46,141.12785197351093,1.0,100.0,10.372393224203803,3952.800391748279,28.21541369670516,96.22763599546991,50.0
39.166666666666664,6.46,141.17549752861026,1.0,100.0,10.241366439155449,4003.3720347361223,28.34644048175351,96.24045554274795,50.0
39.18333333333333,6.46,141.22296441287799,1.0,100.0,10.110187862958107,4055.315346831145,28.477619057950854,96.25321384542254,50.0
39.2,6.46,141.27025329632968,1.0,100.0,9.978858064828584,4108.686558485916,28.608948856080378,96.26591066027669,50.0
39.21666666666667,6.46,141.31736484646845,1.0,100.0,9.847377611849128,4163.545018388003,28.740429309059834,96.27854574526403,50.0
39.233333333333334,6.46,141.36429972829418,1.0,100.0,9.715747068975423,4219.953412632803,28.87205985193354,96.29111885951347,50.0
39.25,6.46,141.41105860431307,1.0,100.0,9.583966999044573,4277.9780026462195,29.003839921864387,96.3036297633337,50.0
39.266666666666666,6.46,141.4576421345469,1.0,100.0,9.452037962783045,4337.688883755604,29.135768958125915,96.31607821821785,50.0
39.28333333333333,6.46,141.50405097654235,1.0,100.0,9.319960518814577,4399.160266530276,29.267846402094385,96.32846398684799,50.0
39.3,6.46,141.5502857853803,1.0,100.0,9.18773522366807,4462.470783265708,29.400071697240893,96.34078683309959,50.0
39.31666666666667,6.46,141.59634721368514,1.0,100.0,9.055362631785442,4527.703822272662,29.53244428912352,96.35304652204613,50.0
39.333333333333336,6.46,141.6422359116338,1.0,100.0,8.922843295529454,4594.9478929594015,29.66496362537951,96.3652428199635,50.0
39.35,6.46,141.68795252696518,1.0,100.0,8.790177765191505,4664.2970250678145,29.79762915571746,96.37737549433444,50.0
39.36666666666667,6.46,141.73349770498905,1.0,100.0,8.657366588999404,4735.851205850192,29.930440331909562,96.38944431385306,50.0
39.38333333333333,6.46,141.77887208859534,1.0,100.0,8.524410313125102,4809.7168594608775,30.063396607783865,96.40144904842909,50.0
39.4,6.46,141.8240763182631,1.0,100.0,8.39130948169241,4886.00737339637,30.196497439216557,96.41338946919237,50.0
39.416666666666664,6.46,141.8691110320696,1.0,100.0,8.258064636784669,4964.843677460437,30.329742284124297,96.4252653484972,50.0
39.43333333333333,6.46,141.91397686569934,1.0,100.0,8.124676318452412,5046.354881471717,30.463130602456555,96.43707645992666,50.0
39.45,6.46,141.95867445245295,1.0,100.0,7.991145064720981,5130.678978786821,30.596661856187986,96.44882257829688,50.0
39.46666666666667,6.46,142.00320442325625,1.0,100.0,7.857471411598122,5217.963623702328,30.730335509310844,96.4605034796614,50.0
39.483333333333334,6.46,142.04756740666903,1.0,100.0,7.7236558930815535,5308.366991948157,30.864151027827415,96.47211894131539,50.0
39.5,6.46,142.09176402889403,1.0,100.0,7.589699041166502,5402.058734821516,30.998107879742467,96.48366874179989,50.0
39.516666666666666,6.46,142.13579491378567,1.0,100.0,7.455601385853211,5499.221039069538,31.132205535055757,96.49515266090604,50.0
39.53333333333333,6.46,142.17966068285898,1.0,100.0,7.321363455154425,5600.049806451686,31.266443465754545,96.50657047967928,50.0
39.55,6.46,142.22336195529826,1.0,100.0,7.186985775102839,5704.755969050643,31.40082114580613,96.51792198042344,50.0
39.56666666666667,6.46,142.2668993479659,1.0,100.0,7.052468869758526,5813.56695891432,31.535338051150443,96.52920694670506,50.0
39.583333333333336,6.46,142.31027347541104,1.0,100.0,6.917813261216334,5926.728353576735,31.669993659692636,96.54042516335728,50.0
39.6,6.46,142.35348494987824,1.0,100.0,6.783019469613254,6044.505722513822,31.804787451295716,96.55157641648418,50.0
39.61666666666667,6.46,142.3965343813162,1.0,100.0,6.648088013135766,6167.1867037544125,31.939718907773205,96.56266049346462,50.0
39.63333333333333,6.46,142.43942237738628,1.0,100.0,6.513019408027148,6295.083344825968,32.07478751288183,96.57367718295647,50.0
39.65,6.46,142.48214954347108,1.0,100.0,6.377814168594767,6428.5347481413955,32.20999275231421,96.58462627490051,50.0
39.666666666666664,6.46,142.52471648268306,1.0,100.0,6.242472807217338,6567.910068041812,32.345334113691635,96.59550756052451,50.0
39.68333333333333,6.46,142.567123795873,1.0,100.0,6.106995834352152,6713.611915268219,32.48081108655682,96.60632083234717,50.0
39.7,6.46,142.60937208163847,1.0,100.0,5.9713837585422915,6866.080234978689,32.61642316236668,96.61706588418207,50.0
39.71666666666667,6.46,142.6514619363323,1.0,100.0,5.835637086423797,7025.796736980719,32.75216983448517,96.6277425111416,50.0
39.733333333333334,6.46,142.69339395407107,1.0,100.0,5.699756322732827,7193.289972147786,32.88805059817614,96.63835050964089,50.0
39.75,6.46,142.7351687267433,1.0,100.0,5.563741970312777,7369.141167719374,33.02406495059619,96.6488896774016,50.0
39.766666666666666,6.46,142.776786844018,1.0,100.0,5.427594530121382,7553.990957221166,33.160212390787585,96.65935981345585,50.0
39.78333333333333,6.46,142.81824889335294,1.0,100.0,5.291314501237785,7748.547169216448,33.29649241967118,96.66976071815007,50.0
39.8,6.46,142.85955546000287,1.0,100.0,5.154902380869581,7953.593874474824,33.43290454003939,96.68009219314868,50.0
39.81666666666667,6.46,142.90070712702786,1.0,100.0,5.0183586643598375,8170.001935330008,33.56944825654913,96.69035404143801,50.0
39.833333333333336,6.46,142.9417044753015,1.0,100.0,4.881683845194085,8398.741356502147,33.706123075714885,96.70054606732992,50.0
39.85,6.46,142.9825480835191,1.0,100.0,7.80736071589224,5635.707328141759,33.78044620501673,96.71066807646565,50.0
39.86666666666667,6.46,143.02323852820592,1.0,89.18238417627153,10.80736071589224,4348.88787702685,33.78044620501673,96.72066987581942,0.0
39.88333333333333,6.46,143.02321032438616,1.0,81.94743256039558,13.80736071589224,3621.2568809367094,33.78044620501673,96.73060127370215,0.0
39.9,6.46,142.9960511577712,1.0,78.03601672450822,16.80736071589224,3153.380289499333,33.78044620501673,96.7404620797651,0.0
39.916666666666664,6.46,142.95432602864648,1.0,75.64689781373104,19.80736071589224,2827.2317954541486,33.78044620501673,96.75025210500348,0.0
39.93333333333333,6.46,142.90379817284054,1.0,74.06340502781887,22.80736071589224,2586.8841526625483,33.78044620501673,96.7599711617601,0.0
39.95,6.46,142.8475216985467,1.0,79.25749096880226,22.80736071589224,2586.8841526625483,33.78044620501673,96.76961906372891,0.0
39.96666666666667,6.46,142.81093408331014,1.0,84.05543109538263,22.80736071589224,2586.8841526625483,33.78044620501673,96.77924562595848,0.0
39.983333333333334,6.46,142.79247594710543,1.0,88.48860060651683,22.80736071589224,2586.8841526625483,33.78044620501673,96.78880066485569,0.0
40.0,6.46,142.79071141457823,1.0,92.5858897497277,22.80736071589224,2586.8841526625483,33.78044620501673,96.79828399818902,0.0
40.016666666666666,6.46,142.80431833333503,1.0,96.37390063208328,22.80736071589224,2586.8841526625483,33.78044620501673,96.8076954450922,0.0
40.03333333333333,6.46,142.83207926695533,1.0,99.87712844352262,22.80736071589224,2586.8841526625483,33.78044620501673,96.81703482606748,0.0
40.05,6.46,142.87287320136747,1.0,100.0,22.675701200352414,2601.9041033704857,33.78044620501673,96.82630196298926,0.0
40.06666666666667,6.46,142.91397492686235,1.0,100.0,22.539115055640092,2617.67153920429,33.78044620501673,96.83549667910727,0.0
40.083333333333336,6.46,142.9549225208866,1.0,100.0,22.40239796737752,2633.6466339860613,33.78044620501673,96.84461879905007,0.0
40.1,6.46,142.99571656143328,1.0,100.0,22.265550426603014,2649.8334363881895,33.917293745791234,96.85366814882835,50.0
40.11666666666667,6.46,143.0363576243279,1.0,100.0,22.12857292251349,2666.2361014692324,34.054271249880756,96.86264455583817,50.0
40.13333333333333,6.46,143.07684628323668,1.0,100.0,21.991465942471386,2682.8588941883704,34.19137822992286,96.87154784886444,50.0
40.15,6.46,143.11718310967453,1.0,100.0,21.854229972011517,2699.7061930601385,34.32861420038273,96.88037785808395,50.0
40.166666666666664,6.46,143.15736867301325,1.0,100.0,21.71686549484795,2716.7824939559982,34.465978677546296,96.88913441506874,50.0
40.18333333333333,6.46,143.19740354048946,1.0,100.0,21.57937299288083,2734.0924140596876,34.60347117951342,96.8978173527893,50.0
40.2,6.46,143.23728827721263,1.0,100.0,21.441752946203167,2751.640695983651,34.74109122619109,96.90642650561769,50.0
40.21666666666667,6.46,143.27702344617308,1.0,100.0,21.30400583310762,2769.4322120542547,34.87883833928663,96.91496170933075,50.0
40.233333333333334,6.46,143.31660960824993,1.0,100.0,21.166132130093263,2787.47196877392,35.01671204230099,96.92342280111316,50.0
40.25,6.46,143.35604732221898,1.0,100.0,21.02813231187229,2805.7651114687505,35.154711860521964,96.93180961956067,50.0
40.266666666666666,6.46,143.39533714476067,1.0,100.0,20.890006851376725,2824.316929130719,35.29283732101753,96.940122004683,50.0
40.28333333333333,6.46,143.43447963046782,1.0,100.0,20.7517562197651,2843.1328594639713,35.431087952629156,96.94835979790703,50.0
40.3,6.46,143.47347533185356,1.0,100.0,20.613380886429095,2862.2184941453684,35.569463285965156,96.9565228420797,50.0
40.31666666666667,6.46,143.5123247993591,1.0,100.0,20.47488131900018,2881.5795843099454,35.70796285339407,96.96461098147118,50.0
40.333333333333336,6.46,143.55102858136152,1.0,100.0,20.3362579833562,2901.2220462725913,35.84658618903805,96.9726240617776,50.0
40.35,6.46,143.58958722418143,1.0,100.0,20.19751134362797,2921.1519674979004,35.98533282876628,96.98056193012413,50.0
40.36666666666667,6.46,143.62800127209076,1.0,100.0,20.0586418622058,2941.375612830844,36.12420231018845,96.98842443506794,50.0
40.38333333333333,6.46,143.6662712673204,1.0,100.0,19.919649999746042,2961.899431001659,36.26319417264821,96.99621142660094,50.0
40.4,6.46,143.70439775006795,1.0,100.0,19.780536215177587,2982.7300614191313,36.402307957216664,97.0039227561527,50.0
40.416666666666664,6.46,143.7423812585052,1.0,100.0,19.641300965708343,3003.874341267303,36.54154320668591,97.01155827659336,50.0
40.43333333333333,6.46,143.78022232878578,1.0,100.0,19.50194470683169,3025.339312921537,36.68089946556256,97.01911784223627,50.0
40.45,6.46,143.81792149505284,1.0,100.0,19.362467892332905,3047.1322317008276,36.820376280061346,97.02660130884091,50.0
40.46666666666667,6.46,143.8554792894464,1.0,100.0,19.222870974295567,3069.2605739742826,36.95997319809868,97.03400853361553,50.0
40.483333333333334,6.46,143.892896242111,1.0,100.0,19.08315440310795,3091.73204564079,37.0996897692863,97.04133937521998,50.0
40.5,6.46,143.93017288120308,1.0,100.0,18.943318627469367,3114.5545910020833,37.23952554492488,97.04859369376824,50.0
40.516666666666666,6.46,143.96730973289857,1.0,100.0,18.803364094396507,3137.736402050646,37.37948007799774,97.05577135083126,50.0
40.53333333333333,6.46,144.0043073214002,1.0,100.0,18.66329124922975,3161.2859281952738,37.5195529231645,97.0628722094395,50.0
40.55,6.46,144.04116616894495,1.0,100.0,18.52310053563945,3185.2118864485346,37.6597436367548,97.06989613408554,50.0
40.56666666666667,6.46,144.07788679581142,1.0,100.0,18.382792395632194,3209.5232721019347,37.800051776762054,97.07684299072663,50.0
40.583333333333336,6.46,144.11446972032712,1.0,100.0,18.242367269557043,3234.2293699162337,37.940476902837204,97.08371264678735,50.0
40.6,6.46,144.1509154588759,1.0,100.0,18.101825596111752,3259.3397658561644,38.081018576282496,97.09050497116203,50.0
40.61666666666667,6.46,144.1872245259051,1.0,100.0,17.96116781234896,3284.864359400692,38.22167636004529,97.09721983421733,50.0
40.63333333333333,6.46,144.22339743393294,1.0,100.0,17.82039435368236,3310.8133764620306,38.36244981871189,97.1038571077946,50.0
40.65,6.46,144.2594346935557,1.0,100.0,17.67950565389284,3337.197382948817,38.50333851850141,97.1104166652124,50.0
40.666666666666664,6.46,144.29533681345487,1.0,100.0,17.538502145134608,3364.0272990112394,38.64434202725964,97.11689838126891,50.0
40.68333333333333,6.46,144.3311043004044,1.0,100.0,17.3973842579413,3391.314414008448,38.78545991445295,97.1233021322443,50.0
40.7,6.46,144.3667376592779,1.0,100.0,17.25615242123205,3419.0704022413556,38.9266917511622,97.12962779590308,50.0
40.71666666666667,6.46,144.4022373930556,1.0,100.0,17.114807062317535,3447.307339496864,39.068037110076716,97.1358752514964,50.0
40.733333333333334,6.46,144.43760400283165,1.0,100.0,16.97334860690603,3476.03772045278,39.20949556548822,97.14204437976443,50.0
40.75,6.46,144.47283798782104,1.0,100.0,16.831777479109398,3505.274476996104,39.35106669328485,97.14813506293851,50.0
40.766666666666666,6.46,144.5079398453667,1.0,100.0,16.690094101449084,3535.030997511119,39.49275007094516,97.15414718474355,50.0
40.78333333333333,6.46,144.5429100709466,1.0,100.0,16.548298894862075,3565.3211471976947,39.63454527753217,97.16008063040007,50.0
40.8,6.46,144.57774915818055,1.0,100.0,16.406392278706846,3596.1592894845976,39.776451893687394,97.16593528662652,50.0
40.81666666666667,6.46,144.61245759883738,1.0,100.0,16.26437467076928,3627.5603086072656,39.91846950162496,97.1717110416414,50.0
40.833333333333336,6.46,144.64703588284175,1.0,100.0,16.12224648726856,3659.5396334246107,40.060597685125686,97.17740778516531,50.0
40.85,6.46,144.6814844982811,1.0,100.0,15.980008142863046,3692.1132625549035,40.2028360295312,97.18302540842318,50.0
40.86666666666667,6.46,144.71580393141255,1.0,100.0,15.837660050656133,3725.2977909167653,40.345184121738114,97.18856380414623,50.0
40.88333333333333,6.46,144.74999466666975,1.0,100.0,15.695202622202075,3759.1104377677766,40.48764155019217,97.19402286657412,50.0
40.9,6.46,144.78405718666974,1.0,100.0,15.552636267511799,3793.569076340211,40.63020790488245,97.19940249145684,50.0
40.916666666666664,6.46,144.81799197221974,1.0,100.0,15.409961395058692,3828.6922651810632,40.77288277733555,97.20470257605675,50.0
40.93333333333333,6.46,144.85179950232393,1.0,100.0,15.267178411784364,3864.4992813118192,40.91566576060988,97.20992301915061,50.0
40.95,6.46,144.8854802541902,1.0,100.0,15.124287723104395,3901.0101553324407,41.05855644928985,97.21506372103137,50.0
40.96666666666667,6.46,144.919034703237,1.0,100.0,14.981289732914053,3938.2457086038708,41.20155443948019,97.22012458351018,50.0
40.983333333333334,6.46,144.95246332309986,1.0,100.0,14.838184843594005,3976.227592654077,41.34465932880024,97.22510550991822,50.0
41.0,6.46,144.98576658563823,1.0,100.0,14.694973456015989,4014.978330964316,41.48787071637826,97.2300064051085,50.0
41.016666666666666,6.46,145.0189449609421,1.0,100.0,14.551655969548468,4054.521363305069,41.63118820284578,97.23482717545774,50.0
41.03333333333333,6.46,145.05199891733855,1.0,100.0,14.408232782062282,4094.8810928049984,41.63118820284578,97.23956772886811,0.0
41.05,6.46,145.08492892139853,1.0,100.0,14.264704289936248,4136.082935951537,41.63118820284578,97.24422797476899,0.0
41.06666666666667,6.46,145.11773543794328,1.0,100.0,14.121070888062766,4178.153375738351,41.63118820284578,97.24880782411873,0.0
41.083333333333336,6.46,145.150418930051,1.0,100.0,13.97733296985339,4221.120018193204,41.63118820284578,97.25330718940624,0.0
41.1,6.46,145.1829798590633,1.0,100.0,13.833490927244377,4265.011652539737,41.775030245454786,97.25772598465284,50.0
41.11666666666667,6.46,145.2154186845918,1.0,100.0,13.689545150702228,4309.858315268678,41.91897602199693,97.2620641254137,50.0
41.13333333333333,6.46,145.2477358645246,1.0,100.0,13.545496029229193,4355.691358418079,42.06302514346997,97.26632152877957,50.0
41.15,6.46,145.27993185503263,1.0,100.0,13.40134395036876,4402.543522388777,42.2071772223304,97.2704981133783,50.0
41.166666666666664,6.46,145.31200711057625,1.0,100.0,13.257089300211135,4450.449013650407,42.35143187248803,97.27459379937646,50.0
41.18333333333333,6.46,145.34396208391158,1.0,100.0,13.112732463398679,4499.443587725564,42.495788709300484,97.27860850848077,50.0
41.2,6.46,145.37579722609692,1.0,100.0,12.96827382313135,4549.5646378751235,42.640247349567815,97.28254216393964,50.0
41.21666666666667,6.46,145.40751298649906,1.0,100.0,12.823713761172103,4600.85128994702,42.78480741152706,97.28639469054465,50.0
41.233333333333334,6.46,145.4391098127997,1.0,100.0,12.679052657852283,4653.344503894038,42.92946851484688,97.29016601463192,50.0
41.25,6.46,145.4705881510017,1.0,100.0,12.534290892076992,4707.087182514195,43.074230280622174,97.29385606408356,50.0
41.266666666666666,6.46,145.50194844543543,1.0,100.0,12.389428841330439,4762.124288020392,43.21909233136873,97.29746476832904,50.0
41.28333333333333,6.46,145.53319113876506,1.0,100.0,12.244466881681264,4818.502967104995,43.3640542910179,97.30099205834655,50.0
41.3,6.46,145.5643166719947,1.0,100.0,12.099405387787852,4876.272685230448,43.50911578491131,97.30443786666422,50.0
41.31666666666667,6.46,145.59532548447473,1.0,100.0,11.954244732903621,4935.485370949841,43.65427643979554,97.30780212736157,50.0
41.333333333333336,6.46,145.62621801390796,1.0,100.0,11.808985288882287,4996.195571142449,43.79953588381687,97.31108477607057,50.0
41.35,6.46,145.6569946963558,1.0,100.0,11.663627426183112,5058.460618139583,43.94489374651605,97.31428574997703,50.0
41.36666666666667,6.46,145.68765596624448,1.0,100.0,11.518171513876137,5122.340809817054,44.09034965882302,97.31740498782173,50.0
41.38333333333333,6.46,145.71820225637106,1.0,100.0,11.372617919647393,5187.899603843308,44.23590325305177,97.32044242990153,50.0
41.4,6.46,145.74863399790968,1.0,100.0,11.226967009804087,5255.203827398579,44.38155416289507,97.32339801807063,50.0
41.416666666666664,6.46,145.77895162041753,1.0,100.0,11.081219149279773,5324.323903821966,44.52730202341939,97.32627169574157,50.0
41.43333333333333,6.46,145.80915555184097,1.0,100.0,10.935374701639505,5395.334097802275,44.67314647105965,97.32906340788638,50.0
41.45,6.46,145.83924621852157,1.0,100.0,10.789434029084967,5468.312780907164,44.81908714361419,97.33177310103756,50.0
41.46666666666667,6.46,145.86922404520212,1.0,100.0,10.64339749245959,5543.342719446406,44.96512368023957,97.33440072328912,50.0
41.483333333333334,6.46,145.8990894550326,1.0,100.0,10.497265451253636,5620.511386892091,45.111255721445524,97.33694622429765,50.0
41.5,6.46,145.92884286957621,1.0,100.0,10.351038263609285,5699.911303335033,45.25748290908987,97.33940955528317,50.0
41.516666666666666,0.0,145.7566097088153,1.0,100.0,10.204716286325679,5781.64040474697,45.40380488637348,97.34179066903008,50.0
41.53333333333333,0.0,145.58502242240723,1.0,100.0,10.058943016456887,5865.427401613999,45.54957815624227,97.3440895198881,50.0
41.55,0.0,145.4140785883232,1.0,100.0,9.913716396350102,5951.350395873925,45.69480477634905,97.34630606377314,50.0
41.56666666666667,0.0,145.243775793617,1.0,100.0,9.769034376068719,6039.491492069346,45.83948679663044,97.34844025816805,50.0
41.583333333333336,0.0,145.07411163439093,1.0,100.0,9.62489491336339,6129.937057087581,45.983626259335765,97.35049206212358,50.0
41.6,0.0,144.90508371576198,1.0,100.0,9.481295973643206,6222.778000392824,46.12722519905595,97.35246143625899,50.0
41.61666666666667,0.0,144.73668965182787,1.0,100.0,9.338235529946973,6318.110076661885,46.270285642752185,97.35434834276298,50.0
41.63333333333333,0.0,144.56892706563352,1.0,100.0,9.195711562914601,6416.0342129413,46.41280960978456,97.35615274539417,50.0
41.65,0.0,144.40179358913738,1.0,100.0,9.0537220607586,6516.656862675599,46.55479911194056,97.35787460948212,50.0
41.666666666666664,0.0,144.23528686317812,1.0,100.0,8.912265019235685,6620.090389217335,46.69625615346347,97.35951390192766,50.0
41.68333333333333,0.0,144.0694045374412,1.0,100.0,8.77133844161848,6726.453481723522,46.83718273108068,97.36107059120373,50.0
41.7,0.0,143.90414427042577,1.0,100.0,8.63094033866734,6835.87160667477,46.97758083403182,97.3625446473559,50.0
41.71666666666667,0.0,143.73950372941167,1.0,100.0,8.491068728602267,6948.4774986283865,47.11745244409689,97.36393604200295,50.0
41.733333333333334,0.0,143.57548059042637,1.0,100.0,8.351721637074938,7064.411694241265,47.25679953562422,97.36524474833742,50.0
41.75,0.0,143.41207253821227,1.0,100.0,8.212897097140836,7183.8231140798935,47.39562407555832,97.36647074112614,50.0
41.766666666666666,0.0,143.24927726619399,1.0,100.0,8.074593149231486,7306.8696972819525,47.533928023467666,97.36761399671063,50.0
41.78333333333333,0.0,143.08709247644575,1.0,100.0,7.9368078411267975,7433.719094756828,47.671713331572356,97.36867449300767,50.0
41.8,0.0,142.9255158796591,1.0,100.0,7.799539227927501,7564.5494273227105,47.80898194477165,97.36965220950961,50.0
41.81666666666667,0.0,142.76454519511037,1.0,100.0,7.662785372027702,7699.550115989689,47.94573580067145,97.37054712728485,50.0
41.833333333333336,0.0,142.6041781506287,1.0,100.0,7.526544343087528,7838.922792527799,48.08197682961163,97.37135922897812,50.0
41.85,0.0,142.44441248256385,1.0,100.0,7.390814218005879,7982.882299525427,48.21770695469328,97.37208849881088,50.0
41.86666666666667,0.0,142.28524593575423,1.0,100.0,7.255593080893286,8131.657790369922,48.35292809180587,97.37273492258156,50.0
41.88333333333333,0.0,142.12667626349514,1.0,100.0,7.120879023044865,8285.493940995473,48.48764214965429,97.37329848766588,50.0
41.9,0.0,141.96870122750704,1.0,100.0,6.986670142913376,8444.652286875753,48.62185102978578,97.37377918301708,50.0
41.916666666666664,0.0,141.8113185979039,1.0,100.0,6.85296454608238,8609.412700628722,48.75555662661677,97.37417699916605,50.0
41.93333333333333,0.0,141.65452615316175,1.0,100.0,6.719760345239501,8780.075027794335,48.888760827459656,97.3744919282217,50.0
41.95,0.0,141.4983216800874,1.0,100.0,6.587055660149782,8956.960900897928,49.021465512549376,97.37472396387089,50.0
41.96666666666667,0.0,141.34270297378708,1.0,100.0,6.45484861762915,9140.415754888849,49.15367255507001,97.37487310137868,50.0
41.983333333333334,0.0,141.1876678376354,1.0,100.0,6.323137351517969,9330.811070525948,49.28538382118119,97.37493933758843,50.0
42.0,0.0,141.03321408324425,1.0,100.0,6.191920002654706,9528.546876365408,49.41660117004446,97.37492267092178,50.0
42.016666666666666,0.0,140.87933953043208,1.0,100.0,6.061194718849681,9734.054544810477,49.547326453849486,97.3749060042551,50.0
42.03333333333333,0.0,140.72604200719294,1.0,100.0,5.930959654858923,9947.799923350414,49.547326453849486,97.37488933758843,0.0
42.05,0.0,140.57331934966598,1.0,100.0,5.801212972358131,10170.286848823811,49.547326453849486,97.37487267092176,0.0
42.06666666666667,0.0,140.42116940210474,1.0,100.0,0.0,10170.286848823811,49.547326453849486,97.3748560042551,0.0
42.083333333333336,0.0,140.26959001684685,1.0,49.857554099731246,3.1,1295.8157048007681,49.547326453849486,97.37478933758842,0.0
42.1,0.0,139.93054488215768,1.0,63.1382267458541,6.1,1150.3325712921937,49.547326453849486,97.37472267092177,0.0
42.11666666666667,0.0,139.64257368914653,1.0,65.08687645451464,9.1,1100.772382954108,49.547326453849486,97.3746560042551,0.0
42.13333333333333,0.0,139.36298982451666,1.0,65.75116518198256,12.1,1075.7874946183788,49.547326453849486,97.37458933758843,0.0
42.15,0.0,139.08694548210715,1.0,66.04393157147643,15.1,1060.730376482277,49.547326453849486,97.37452267092178,0.0
42.166666666666664,0.0,138.8130341799423,1.0,66.18556915785348,18.1,1050.664568225546,49.547326453849486,97.3744560042551,0.0
42.18333333333333,0.0,138.54068118610945,1.0,66.25303995712561,21.1,1043.461075112909,49.547326453849486,97.37438933758843,0.0
42.2,0.0,138.26960253150077,1.0,72.14856405761091,21.1,1043.461075112909,49.547326453849486,97.37432267092177,0.0
42.21666666666667,0.0,138.02164863722368,1.0,77.54116186886216,21.1,1043.461075112909,49.547326453849486,97.37430600425509,0.0
42.233333333333334,0.0,137.79484681184232,1.0,82.47373625211638,21.1,1043.461075112909,49.547326453849486,97.37428933758844,0.0
42.25,0.0,137.58739264724335,1.0,86.98553017740643,21.1,1043.461075112909,49.547326453849486,97.37427267092177,0.0
42.266666666666666,0.0,137.39763566298146,1.0,91.11243893592258,21.1,1043.461075112909,49.547326453849486,97.3742560042551,0.0
42.28333333333333,0.0,137.224066175255,1.0,94.88729571864285,21.1,1043.461075112909,49.547326453849486,97.37423933758843,0.0
42.3,0.0,137.0653032860427,1.0,98.34013283326148,21.1,1043.461075112909,49.547326453849486,97.37422267092177,0.0
42.31666666666667,0.0,136.92008389684477,1.0,100.0,21.04146718137206,1046.3637585298227,49.547326453849486,97.3742060042551,0.0
42.333333333333336,0.0,136.7816335822316,1.0,100.0,20.923845675152023,1052.2457977707493,49.664947960069526,97.37418933758843,50.0
42.35,0.0,136.64370245629823,1.0,100.0,20.806665249580313,1058.1719088947464,49.782128385641236,97.37417267092177,50.0
42.36666666666667,0.0,136.5062885720871,1.0,100.0,20.689924250604495,1064.142546787677,49.89886938461705,97.3741560042551,50.0
42.38333333333333,0.0,136.36938998994177,1.0,100.0,20.573621030374838,1070.1581725636197,50.01517260484671,97.37413933758843,50.0
42.4,0.0,136.2330047774795,1.0,100.0,20.45775394722104,1076.219253671939,50.131039688000506,97.37412267092176,50.0
42.416666666666664,0.0,136.09713100956395,1.0,100.0,20.34232136562907,1082.3262640065727,50.24647226959247,97.3741060042551,50.0
42.43333333333333,0.0,135.9617667682781,1.0,100.0,20.22732165621807,1088.4796840175895,50.361471979003475,97.37408933758843,50.0
42.45,0.0,135.82691014289705,1.0,100.0,20.11275319571736,1094.6800008250739,50.47604043950418,97.37407267092176,50.0
42.46666666666667,0.0,135.6925592298612,1.0,100.0,19.998614366943528,1100.927708335392,50.590179268278014,97.3740560042551,50.0
42.483333333333334,0.0,135.5587121327492,1.0,100.0,19.884903558777598,1107.2233073599004,50.70389007644394,97.37403933758844,50.0
42.5,0.0,135.4253669622514,1.0,100.0,19.77161916614229,1113.5673057361546,50.81717446907925,97.37402267092176,50.0
42.516666666666666,0.0,135.29252183614295,1.0,100.0,19.658759589979365,1119.9602184516818,50.930034045242174,97.3740060042551,50.0
42.53333333333333,0.0,135.16017487925743,1.0,100.0,19.54632323722705,1126.4025677703794,51.042470397994485,97.37398933758843,50.0
42.55,0.0,135.0283242234602,1.0,100.0,19.434308520797558,1132.8948833616043,51.15448511442398,97.37397267092177,50.0
42.56666666666667,0.0,134.89696800762223,1.0,100.0,19.322713859554675,1139.4377024320227,51.26607977566686,97.3739560042551,50.0
42.583333333333336,0.0,134.76610437759365,1.0,100.0,19.211537678291453,1146.0315698602856,51.37725595693008,97.37393933758844,50.0
42.6,0.0,134.63573148617766,1.0,100.0,19.10077840770797,1152.6770383346043,51.488015227513564,97.37392267092176,50.0
42.61666666666667,0.0,134.50584749310448,1.0,100.0,18.990434484389173,1159.3746684932976,51.59835915083236,97.37390600425509,50.0
42.63333333333333,0.0,134.37645056500534,1.0,100.0,18.88050435078282,1166.125029068385,51.708289284438706,97.37388933758844,50.0
42.65,0.0,134.24753887538657,1.0,100.0,18.770986455177496,1172.9286970323049,51.817807180044035,97.37387267092177,50.0
42.666666666666664,0.0,134.11911060460386,1.0,100.0,18.661879251680688,1179.7862577478381,51.92691438354084,97.3738560042551,50.0
42.68333333333333,0.0,133.9911639398366,1.0,100.0,18.553181200196995,1186.698305121313,52.03561243502453,97.37383933758844,50.0
42.7,0.0,133.86369707506222,1.0,100.0,18.444890766406367,1193.6654417591858,52.14390286881516,97.37382267092175,50.0
42.71666666666667,0.0,133.73670821103073,1.0,100.0,18.33700642174245,1200.6882791280739,52.251787213479076,97.3738060042551,50.0
42.733333333333334,0.0,133.61019555523936,1.0,100.0,18.229526643371027,1207.767437718337,52.359266991850504,97.37378933758843,50.0
42.75,0.0,133.48415732190722,1.0,100.0,18.122449914168495,1214.9035472112978,52.466343721053036,97.37377267092177,50.0
42.766666666666666,0.0,133.35859173195007,1.0,100.0,18.01577472270047,1222.0972466501928,52.57301891252106,97.3737560042551,50.0
42.78333333333333,0.0,133.23349701295527,1.0,100.0,17.909499563200452,1229.349184614956,52.67929407202107,97.37373933758843,50.0
42.8,0.0,133.1088713991567,1.0,100.0,17.80362293554856,1236.6600194009334,52.78517069967297,97.37372267092177,50.0
42.81666666666667,0.0,132.98471313140985,1.0,100.0,17.69814334525036,1244.0304192016322,52.89065028997116,97.3737060042551,50.0
42.833333333333336,0.0,132.86102045716706,1.0,100.0,17.59305930341578,1251.4610622956104,52.99573433180574,97.37368933758843,50.0
42.85,0.0,132.73779163045268,1.0,100.0,17.48836932673808,1258.9526372376188,53.10042430848344,97.37367267092176,50.0
42.86666666666667,0.0,132.61502491183847,1.0,100.0,17.38407193747292,1266.505843054107,53.204721697748596,97.37365600425511,50.0
42.88333333333333,0.0,132.4927185684191,1.0,100.0,17.280165663417506,1274.1213894432112,53.30862797180401,97.37363933758843,50.0
42.9,0.0,132.3708708737875,1.0,100.0,17.1766490378898,1281.7999969793432,53.41214459733171,97.37362267092176,50.0
42.916666666666664,0.0,132.2494801080108,1.0,100.0,17.07352059970782,1289.5423973225043,53.51527303551369,97.3736060042551,50.0
42.93333333333333,0.0,132.12854455760575,1.0,100.0,16.970778893169026,1297.3493334324532,53.61801474205248,97.37358933758843,50.0
42.95,0.0,132.00806251551472,1.0,100.0,16.868422468029753,1305.2215597878603,53.72037116719176,97.37357267092177,50.0
42.96666666666667,0.0,131.88803228108154,1.0,100.0,16.76644987948475,1313.1598426105807,53.82234375573676,97.37355600425511,50.0
42.983333333333334,0.0,131.7684521600275,1.0,100.0,16.66485968814679,1321.1649600951891,53.92393394707472,97.37353933758843,50.0
43.0,0.0,131.6493204644274,1.0,100.0,16.56365046002635,1329.237702643923,54.02514317519516,97.37352267092176,50.0
43.016666666666666,0.0,131.5306355126858,1.0,100.0,16.46282076651136,1337.3788731071763,54.12597286871015,97.37350600425509,50.0
43.03333333333333,0.0,131.4123956295132,1.0,100.0,16.362369184347052,1345.589287029706,54.12597286871015,97.37348933758844,0.0
43.05,0.0,131.29459914590254,1.0,100.0,16.26229429561586,1353.869772902704,54.12597286871015,97.37347267092177,0.0
43.06666666666667,0.0,131.1772443991054,1.0,100.0,16.16259468771741,1362.2211724219,54.12597286871015,97.3734560042551,0.0
43.083333333333336,0.0,131.06032973260875,1.0,100.0,16.063268953348576,1370.6443407518664,54.12597286871015,97.37343933758844,0.0
43.1,0.0,130.94385349611147,1.0,100.0,15.964315690483629,1379.1401467966955,54.224926131575096,97.37342267092176,50.0
43.11666666666667,0.0,130.82781404550104,1.0,100.0,15.865733502354423,1387.7094734772347,54.3235083197043,97.3734060042551,50.0
43.13333333333333,0.0,130.71220974283042,1.0,100.0,15.767520997430703,1396.3532180150594,54.421720824628025,97.37338933758843,50.0
43.15,0.0,130.59703895629482,1.0,100.0,15.669676789400446,1405.0722922233801,54.51956503265828,97.37337267092177,50.0
43.166666666666664,0.0,130.48230006020873,1.0,100.0,15.572199497150303,1413.8676228050813,54.61704232490842,97.3733560042551,50.0
43.18333333333333,0.0,130.36799143498294,1.0,100.0,15.475087744746098,1422.7401516580944,54.71415407731262,97.37333933758843,50.0
43.2,0.0,130.25411146710175,1.0,100.0,15.378340161413409,1431.6908361883197,54.81090166064531,97.37332267092177,50.0
43.21666666666667,0.0,130.14065854910012,1.0,100.0,15.281955381518218,1440.720649630313,54.907286440540496,97.3733060042551,50.0
43.233333333333334,0.0,130.027631079541,1.0,100.0,15.185932044547632,1449.8305813759644,55.00330977751108,97.37328933758843,50.0
43.25,0.0,129.91502746299273,1.0,100.0,15.090268795090688,1459.0216373114026,55.098973026968025,97.37327267092176,50.0
43.266666666666666,0.0,129.8028461100065,1.0,100.0,14.994964282819208,1468.2948401623637,55.19427753923951,97.3732560042551,50.0
43.28333333333333,0.0,129.69108543709396,1.0,100.0,14.900017162468744,1477.6512298482776,55.28922465958997,97.37323933758843,50.0
43.3,0.0,129.57974386670486,1.0,100.0,14.805426093819596,1487.0918638453243,55.38381572823912,97.37322267092176,50.0
43.31666666666667,0.0,129.46881982720473,1.0,100.0,14.711189741677881,1496.6178175587333,55.478052080380834,97.3732060042551,50.0
43.333333333333336,0.0,129.3583117528527,1.0,100.0,14.617306775856697,1506.2301847045962,55.571935046202015,97.37318933758843,50.0
43.35,0.0,129.2482180837795,1.0,100.0,14.523775871157344,1515.9300777014762,55.66546595090137,97.37317267092178,50.0
43.36666666666667,0.0,129.13853726596534,1.0,100.0,14.430595707350612,1525.7186280721185,55.7586461147081,97.37315600425511,50.0
43.38333333333333,0.0,129.02926775121796,1.0,100.0,14.337764969158156,1535.596986855554,55.851476852900554,97.37313933758843,50.0
43.4,0.0,128.9204079971509,1.0,100.0,14.245282346233923,1545.5663250299212,55.94395947582479,97.37312267092176,50.0
43.416666666666664,0.0,128.8119564671616,1.0,100.0,14.153146533145655,1555.6278339463295,56.03609528891306,97.37310600425509,50.0
43.43333333333333,0.0,128.70391163040975,1.0,100.0,14.061356229356468,1565.7827257740992,56.12788559270225,97.37308933758844,50.0
43.45,0.0,128.5962719617957,1.0,100.0,13.96991013920649,1576.0322339577322,56.21933168285223,97.37307267092177,50.0
43.46666666666667,0.0,128.48903594193897,1.0,100.0,13.878806971894575,1586.3776136859742,56.31043485016414,97.3730560042551,50.0
43.483333333333334,0.0,128.3822020571567,1.0,100.0,13.788045441460078,1596.8201423733408,56.40119638059864,97.37303933758842,50.0
43.5,0.0,128.27576879944235,1.0,100.0,13.697624266764711,1607.361120154499,56.491617555294006,97.37302267092176,50.0
43.516666666666666,0.0,128.16973466644444,1.0,100.0,13.607542171474453,1618.0018703919038,56.58169965058426,97.3730060042551,50.0
43.53333333333333,0.0,128.0640981614453,1.0,100.0,13.517797884041533,1628.7437401971092,56.671443938017184,97.37298933758844,50.0
43.55,0.0,127.95885779333987,1.0,100.0,13.428390137686486,1639.5881009661805,56.760851684372234,97.37297267092177,50.0
43.56666666666667,0.0,127.85401207661485,1.0,100.0,13.339317670380272,1650.5363489296617,56.84992415167845,97.3729560042551,50.0
43.583333333333336,0.0,127.74955953132755,1.0,100.0,13.250579224826454,1661.5899057175545,56.938662597232266,97.37293933758843,50.0
43.6,0.0,127.64549868308507,1.0,100.0,13.162173548443464,1672.7502189397944,57.02706827361526,97.37292267092177,50.0
43.61666666666667,0.0,127.5418280630235,1.0,100.0,13.07409939334691,1684.0187627827202,57.11514242871181,97.3729060042551,50.0
43.63333333333333,0.0,127.43854620778717,1.0,100.0,12.986355516331967,1695.3970386220526,57.20288630572676,97.37288933758843,50.0
43.65,0.0,127.33565165950797,1.0,100.0,12.898940678855832,1706.8865756529194,57.290301143202896,97.37287267092177,50.0
43.666666666666664,0.0,127.23314296578482,1.0,100.0,12.81185364702023,1718.488931537481,57.3773881750385,97.3728560042551,50.0
43.68333333333333,0.0,127.13101867966313,1.0,100.0,12.725093191554013,1730.2056930707329,57.46414863050472,97.37283933758843,50.0
43.7,0.0,127.0292773596144,1.0,100.0,12.638658087795793,1742.0384768650852,57.550583734262936,97.37282267092176,50.0
43.71666666666667,0.0,126.92791756951584,1.0,100.0,12.552547115676667,1753.9889300543373,57.63669470638206,97.3728060042551,50.0
43.733333333333334,0.0,126.82693787863016,1.0,100.0,12.466759059702989,1766.0587310176918,57.72248276235574,97.37278933758843,50.0
43.75,0.0,126.7263368615853,1.0,100.0,12.381292708939212,1778.2495901244806,57.80794911311952,97.37277267092178,50.0
43.766666666666666,0.0,126.62611309835435,1.0,100.0,12.296146856990799,1790.5632505002905,57.89309496506793,97.3727560042551,50.0
43.78333333333333,0.0,126.52626517423552,1.0,100.0,12.211320301987191,1803.0014888152157,57.97792152007154,97.37273933758843,50.0
43.8,0.0,126.42679167983214,1.0,100.0,12.126811846564848,1815.5661160949833,58.062429975493885,97.37272267092176,50.0
43.81666666666667,0.0,126.32769121103277,1.0,100.0,12.04262029785034,1828.258978555731,58.14662152420839,97.3727060042551,50.0
43.833333333333336,0.0,126.2289623689914,1.0,100.0,11.958744467443509,1841.0819584632436,58.230497354615224,97.37268933758844,50.0
43.85,0.0,126.13060376010769,1.0,100.0,11.875183171400705,1854.0369750174907,58.314058650658026,97.37267267092177,50.0
43.86666666666667,0.0,126.03261399600729,1.0,100.0,11.79193523021806,1867.125985263339,58.39730659184067,97.37265600425509,50.0
43.88333333333333,0.0,125.93499169352226,1.0,100.0,11.708999468814852,1880.350985028345,58.480242353243874,97.37263933758842,50.0
43.9,0.0,125.83773547467156,1.0,100.0,11.626374716516905,1893.7140098885752,58.56286710554182,97.37262267092177,50.0
43.916666666666664,0.0,125.74084396664155,1.0,100.0,11.544059807040075,1907.217136163434,58.64518201501865,97.3726060042551,50.0
43.93333333333333,0.0,125.64431580176664,1.0,100.0,11.462053578473784,1920.8624819405204,58.72718824358494,97.37258933758844,50.0
43.95,0.0,125.54814961751,1.0,100.0,11.380354873264615,1934.65220813158,58.80888694879411,97.37257267092177,50.0
43.96666666666667,0.0,125.45234405644435,1.0,100.0,11.298962538199982,1948.5885195606525,58.890279283858746,97.3725560042551,50.0
43.983333333333334,0.0,125.35689776623268,1.0,100.0,11.21787542439184,1962.673666085572,58.971366397666884,97.37253933758844,50.0
44.0,0.0,125.2618093996093,1.0,100.0,11.137092387260479,1976.9099437540144,59.052149434798245,97.37252267092177,50.0
44.016666666666666,0.0,125.16707761436076,1.0,100.0,11.05661228651836,1991.299695995342,59.13262953554036,97.3725060042551,50.0
44.03333333333333,0.0,125.07270107330692,1.0,100.0,10.976433986154026,2005.8453148495455,59.13262953554036,97.37248933758843,0.0
44.05,0.0,124.97867844428201,1.0,100.0,10.896556354416058,2020.549242234636,59.13262953554036,97.37247267092177,0.0
44.06666666666667,0.0,124.88500840011595,1.0,100.0,10.816978263797106,2035.4139712538993,59.13262953554036,97.3724560042551,0.0
44.083333333333336,0.0,124.79168961861552,1.0,100.0,10.737698591017976,2050.44204754448,59.13262953554036,97.37243933758843,0.0
44.1,0.0,124.6987207825457,1.0,100.0,10.658716217011767,2065.6360706688347,59.21161190954657,97.37242267092176,50.0
44.11666666666667,0.0,124.60610057961117,1.0,100.0,10.580030026908082,2080.9986955506447,59.29029809965026,97.3724060042551,50.0
44.13333333333333,0.0,124.51382770243762,1.0,100.0,10.501638910017284,2096.5326339568587,59.36868921654106,97.37238933758843,50.0
44.15,0.0,124.42190084855348,1.0,100.0,10.423541759814828,2112.2406560276013,59.44678636674351,97.37237267092176,50.0
44.166666666666664,0.0,124.3303187203714,1.0,100.0,10.345737473925631,2128.1255918557667,59.5245906526327,97.3723560042551,50.0
44.18333333333333,0.0,124.23908002517,1.0,100.0,10.268224954108518,2144.1903331181816,59.602103172449816,97.37233933758843,50.0
44.2,0.0,124.14818347507561,1.0,100.0,10.19100310624072,2160.4378347603174,59.67932502031761,97.37232267092176,50.0
44.21666666666667,0.0,124.05762778704408,1.0,100.0,10.114070840302425,2176.8711167366146,59.75625728625591,97.37230600425511,50.0
44.233333333333334,0.0,123.96741168284267,1.0,100.0,10.0374270703614,2193.49326580857,59.83290105619693,97.37228933758844,50.0
44.25,0.0,123.87753388903201,1.0,100.0,9.961070714557653,2210.307437402837,59.90925741200068,97.37227267092177,50.0
44.266666666666666,0.0,123.78799313694815,1.0,100.0,9.88500069508817,2227.316857531692,59.98532743147016,97.37225600425509,50.0
44.28333333333333,0.0,123.6987881626846,1.0,100.0,9.809215938191699,2244.5248247783147,60.061112188366636,97.37223933758843,50.0
44.3,0.0,123.60991770707453,1.0,100.0,9.733715374133588,2261.93471234946,60.136612752424746,97.37222267092177,50.0
44.31666666666667,0.0,123.521380515673,1.0,100.0,9.658497937190695,2279.549970198195,60.21183018936764,97.3722060042551,50.0
44.333333333333336,0.0,123.43317533873923,1.0,100.0,9.583562565636338,2297.3741272195125,60.28676556092199,97.37218933758844,50.0
44.35,0.0,123.34530093121896,1.0,100.0,9.50890820172531,2315.4107935217603,60.36141992483302,97.37217267092177,50.0
44.36666666666667,0.0,123.25775605272689,1.0,100.0,9.434533791678948,2333.663662776947,60.43579433487938,97.37215600425509,50.0
44.38333333333333,0.0,123.17053946752917,1.0,100.0,9.360438285670261,2352.136514653152,60.50988984088807,97.37213933758844,50.0
44.4,0.0,123.08364994452593,1.0,100.0,9.286620637809106,2370.8332173323943,60.583707488749226,97.37212267092177,50.0
44.416666666666664,0.0,122.99708625723396,1.0,100.0,9.21307980612743,2389.75773011749,60.6572483204309,97.3721060042551,50.0
44.43333333333333,0.0,122.91084718376933,1.0,100.0,9.139814752564561,2408.9141061315895,60.73051337399377,97.37208933758843,50.0
44.45,0.0,122.8249315068302,1.0,100.0,9.066824442952553,2428.306495114255,60.80350368360578,97.37207267092177,50.0
44.46666666666667,0.0,122.73933801367959,1.0,100.0,8.99410784700159,2447.939146318142,60.87622027955675,97.3720560042551,50.0
44.483333333333334,0.0,122.65406549612828,1.0,100.0,8.921663938285443,2467.816411510518,60.94866418827289,97.37203933758843,50.0
44.5,0.0,122.5691127505178,1.0,100.0,8.84949169422698,2487.942748084087,61.02083643233136,97.37202267092177,50.0
44.516666666666666,0.0,122.48447857770336,1.0,100.0,8.777590096083738,2508.3227222817823,61.0927380304746,97.3720060042551,50.0
44.53333333333333,0.0,122.40016178303696,1.0,100.0,8.705958128933533,2528.9610125404347,61.1643699976248,97.37198933758845,50.0
44.55,0.0,122.31616117635058,1.0,100.0,8.634594781660141,2549.862412958451,61.23573334489819,97.37197267092176,50.0
44.56666666666667,0.0,122.23247557193926,1.0,100.0,8.563499046939024,2571.031836892916,61.30682907961931,97.3719560042551,50.0
44.583333333333336,0.0,122.1491037885445,1.0,100.0,8.492669921223111,2592.4743206917774,61.37765820533522,97.37193933758843,50.0
44.6,0.0,122.06604464933746,1.0,100.0,8.422106404728634,2614.195027567071,61.448221721829704,97.37192267092176,50.0
44.61666666666667,0.0,121.98329698190244,1.0,100.0,8.35180750142101,2636.199251615451,61.51852062513733,97.37190600425511,50.0
44.63333333333333,0.0,121.90085961822031,1.0,100.0,8.281772219000791,2658.4924219925924,61.58855590755755,97.37188933758844,50.0
44.65,0.0,121.81873139465198,1.0,100.0,8.211999568889647,2681.0801072483887,61.658328557668696,97.37187267092176,50.0
44.666666666666664,0.0,121.73691115192203,1.0,100.0,8.14248856621642,2703.968019830215,61.72783956034193,97.3718560042551,50.0
44.68333333333333,0.0,121.65539773510233,1.0,100.0,8.073238229803216,2727.1620207619017,61.79708989675513,97.37183933758843,50.0
44.7,0.0,121.5741899935957,1.0,100.0,8.004247582151564,2750.668124506481,61.866080544406785,97.37182267092177,50.0
44.71666666666667,0.0,121.4932867811197,1.0,100.0,7.935515649428604,2774.4925040211738,61.934812477129746,97.3718060042551,50.0
44.733333333333334,0.0,121.4126869556905,1.0,100.0,7.867041461453355,2798.6414960135417,62.003286665104994,97.37178933758844,50.0
44.75,0.0,121.33238937960667,1.0,100.0,7.798824051683013,2823.121606408216,62.071504074875335,97.37177267092176,50.0
44.766666666666666,0.0,121.25239291943315,1.0,100.0,7.7308624571993105,2847.9395160340973,62.13946566935904,97.37175600425509,50.0
44.78333333333333,0.0,121.17269644598528,1.0,100.0,7.663155718694922,2873.102086542488,62.20717240786343,97.37173933758844,50.0
44.8,0.0,121.09329883431283,1.0,100.0,7.595702880459925,2898.6163665671493,62.27462524609843,97.37172267092177,50.0
44.81666666666667,0.0,121.01419896368417,1.0,100.0,7.528502990368309,2924.4895981379245,62.341825136190046,97.3717060042551,50.0
44.833333333333336,0.0,120.93539571757034,1.0,100.0,7.461555099864536,2950.7292233601675,62.408773026693815,97.37168933758844,50.0
44.85,0.0,120.85688798362945,1.0,100.0,7.3948582639501526,2977.3428913729335,62.4754698626082,97.37167267092175,50.0
44.86666666666667,0.0,120.77867465369084,1.0,100.0,7.328411541170448,3004.3384655995937,62.5419165853879,97.3716560042551,50.0
44.88333333333333,0.0,120.7007546237395,1.0,100.0,7.262213993601168,3031.7240313053117,62.60811413295718,97.37163933758843,50.0
44.9,0.0,120.62312679390048,1.0,100.0,7.1962646868352715,3059.5079034766422,62.67406343972308,97.37162267092177,50.0
44.916666666666664,0.0,120.54579006842336,1.0,100.0,7.130562689969748,3087.698635039388,62.7397654365886,97.3716060042551,50.0
44.93333333333333,0.0,120.46874335566677,1.0,100.0,7.06510707559247,3116.305025431771,62.805221050965876,97.37158933758843,50.0
44.95,0.0,120.39198556808303,1.0,100.0,6.999896919769107,3145.3361295509785,62.87043120678924,97.37157267092176,50.0
44.96666666666667,0.0,120.31551562220272,1.0,100.0,6.934931302030081,3174.801267092188,62.93539682452827,97.3715560042551,50.0
44.983333333333334,0.0,120.23933243861947,1.0,100.0,6.870209305357577,3204.710032300311,63.00011882120077,97.37153933758843,50.0
45.0,0.0,120.16343494197464,1.0,100.0,6.805730016172594,3235.07230415589,63.06459811038575,97.37152267092176,50.0
45.016666666666666,0.0,120.08782206094224,1.0,100.0,6.741492524322056,3265.8982570178664,63.12883560223629,97.37150600425511,50.0
45.03333333333333,0.0,120.01249272821372,1.0,100.0,6.6774959230659565,3297.198371747311,63.12883560223629,97.37148933758843,0.0
45.05,0.0,119.93744588048291,1.0,100.0,6.6137393090645675,3328.983447337663,63.12883560223629,97.37147267092176,0.0
45.06666666666667,0.0,119.8626804584311,1.0,100.0,6.550221782365684,3361.2646130785956,63.12883560223629,97.3714560042551,0.0
45.083333333333336,0.0,119.78819540671198,1.0,100.0,6.486942446391921,3394.0533412822847,63.12883560223629,97.37143933758843,0.0
45.1,0.0,119.71398967393681,1.0,100.0,6.42390040792806,3427.3614606026663,63.191877640700156,97.37142267092177,50.0
45.11666666666667,0.0,119.64006221265954,1.0,100.0,6.3610947771084385,3461.2011699801546,63.25468327151978,97.3714060042551,50.0
45.13333333333333,0.0,119.56641197936207,1.0,100.0,6.29852466740439,3495.5850532463746,63.31725338122383,97.37138933758843,50.0
45.15,0.0,119.49303793443947,1.0,100.0,6.236189195611732,3530.526094425627,63.379588853016486,97.37137267092176,50.0
45.166666666666664,0.0,119.41993904218532,1.0,100.0,6.1740874818382965,3566.0376937721885,63.44169056678992,97.37135600425509,50.0
45.18333333333333,0.0,119.34711427077713,1.0,100.0,6.112218649491512,3602.13368458506,63.503559399136705,97.37133933758844,50.0
45.2,0.0,119.27456259226172,1.0,100.0,6.050581825266027,3638.828350844483,63.56519622336219,97.37132267092177,50.0
45.21666666666667,0.0,119.20228298254074,1.0,100.0,5.989176139131388,3676.1364457174764,63.626601909496834,97.3713060042551,50.0
45.233333333333334,0.0,119.1302744213562,1.0,100.0,5.9280007243197534,3714.0732109827572,63.68777732430847,97.37128933758842,50.0
45.25,0.0,119.05853589227613,1.0,100.0,5.867054717313663,3752.654397428779,63.74872333131456,97.37127267092177,50.0
45.266666666666666,0.0,118.98706638268008,1.0,100.0,5.806337257833845,3791.8962862822427,63.809440790794376,97.3712560042551,50.0
45.28333333333333,0.0,118.91586488374503,1.0,100.0,5.745847488827077,3831.8157117283326,63.86993055980115,97.37123933758843,50.0
45.3,0.0,118.84493039043099,1.0,100.0,5.685584556454084,3872.4300845881166,63.93019349217414,97.37122267092177,50.0
45.31666666666667,0.0,118.77426190146687,1.0,100.0,5.62554761007749,3913.7574172230857,63.99023043855073,97.3712060042551,50.0
45.333333333333336,0.0,118.70385841933637,1.0,100.0,5.565735802249808,3955.816349741673,64.05004224637841,97.37118933758843,50.0
45.35,0.0,118.63371895026386,1.0,100.0,5.50614828870148,3998.6261775878675,64.10962975992673,97.37117267092177,50.0
45.36666666666667,0.0,118.56384250420037,1.0,100.0,5.4467842283289585,4042.206880597705,64.16899382029925,97.3711560042551,50.0
45.38333333333333,0.0,118.49422809480961,1.0,100.0,5.387642783182834,4086.5791536155775,64.22813526544537,97.37113933758843,50.0
45.4,0.0,118.42487473945408,1.0,100.0,5.328723118456007,4131.764438768925,64.2870549301722,97.37112267092176,50.0
45.416666666666664,0.0,118.35578145918113,1.0,100.0,5.270024402471905,4177.784959507075,64.34575364615631,97.3711060042551,50.0
45.43333333333333,0.0,118.2869472787092,1.0,100.0,5.211545806672744,4224.663756517746,64.40423224195547,97.37108933758843,50.0
45.45,0.0,118.21837122641405,1.0,100.0,5.15328650560783,4272.424725643208,64.46249154302038,97.37107267092176,50.0
45.46666666666667,0.0,118.15005233431499,1.0,100.0,5.095245676921909,4321.092657927163,64.5205323717063,97.3710560042551,50.0
45.483333333333334,0.0,118.08198963806132,1.0,100.0,5.037422501343561,4370.693281933387,64.57835554728464,97.37103933758843,50.0
45.5,0.0,118.01418217691858,1.0,100.0,4.979816162673631,4421.253308487914,64.63596188595457,97.37102267092177,50.0
45.516666666666666,0.0,117.94662899375514,1.0,92.26091764685766,7.979816162673631,3135.0382232991747,64.63596188595457,97.3710060042551,0.0
45.53333333333333,0.0,117.85030757620427,1.0,77.9089724325336,10.97981616267363,2551.684679396318,64.63596188595457,97.37093933758844,0.0
45.55,0.0,117.70052756941551,1.0,71.47153311642298,13.97981616267363,2218.700755715116,64.63596188595457,97.37087267092177,0.0
45.56666666666667,0.0,117.52716884021679,1.0,67.94606288431044,16.97981616267363,2003.3802697853284,64.63596188595457,97.3708060042551,0.0
45.583333333333336,0.0,117.34123969288214,1.0,65.76801612649541,19.97981616267363,1852.7211853949755,64.63596188595457,97.37073933758843,0.0
45.6,0.0,117.14784010450819,1.0,64.30783406738229,22.97981616267363,1741.3989912540067,64.63596188595457,97.37067267092176,0.0
45.61666666666667,0.0,116.94969008186897,1.0,68.26475278454488,22.97981616267363,1741.3989912540067,64.63596188595457,97.3706060042551,0.0
45.63333333333333,0.0,116.767121567004,1.0,71.91051958291195,22.97981616267363,1741.3989912540067,64.63596188595457,97.37058933758843,0.0
45.65,0.0,116.59890930956365,1.0,75.2696018633806,22.97981616267363,1741.3989912540067,64.63596188595457,97.37057267092176,0.0
45.666666666666664,0.0,116.44392440664046,1.0,78.36454303515615,22.97981616267363,1741.3989912540067,64.63596188595457,97.3705560042551,0.0
45.68333333333333,0.0,116.3011267264974,1.0,81.21611380865174,22.97981616267363,1741.3989912540067,64.63596188595457,97.37053933758844,0.0
45.7,0.0,116.16955792805548,1.0,83.84345159148569,22.97981616267363,1741.3989912540067,64.63596188595457,97.37052267092177,0.0
45.71666666666667,0.0,116.04833502929334,1.0,86.26418892308799,22.97981616267363,1741.3989912540067,64.63596188595457,97.37050600425509,0.0
45.733333333333334,0.0,115.93664448139508,1.0,88.49457180986404,22.97981616267363,1741.3989912540067,64.63596188595457,97.37048933758842,0.0
45.75,0.0,115.83373670887684,1.0,90.54956875508437,22.97981616267363,1741.3989912540067,64.63596188595457,97.37047267092177,0.0
45.766666666666666,0.0,115.73892107905012,1.0,92.4429712152194,22.97981616267363,1741.3989912540067,64.63596188595457,97.3704560042551,0.0
45.78333333333333,0.0,115.65156126706076,1.0,94.18748615690026,22.97981616267363,1741.3989912540067,64.63596188595457,97.37043933758844,0.0
45.8,0.0,115.57107098539765,1.0,95.7948213356719,22.97981616267363,1741.3989912540067,64.63596188595457,97.37042267092177,0.0
45.81666666666667,0.0,115.49691004921118,1.0,97.2757638688597,22.97981616267363,1741.3989912540067,64.63596188595457,97.37040600425509,0.0
45.833333333333336,0.0,115.42858075103486,1.0,98.64025262986648,22.97981616267363,1741.3989912540067,64.63596188595457,97.37038933758843,0.0
45.85,0.0,115.36562452058048,1.0,99.89744494975085,22.97981616267363,1741.3989912540067,64.63596188595457,97.37037267092177,0.0
45.86666666666667,0.0,115.30761884718987,1.0,100.0,22.93490002284893,1744.8093798104787,64.63596188595457,97.3703560042551,0.0
45.88333333333333,0.0,115.2502152765129,1.0,100.0,22.886132387583544,1748.5273617744556,64.68472952121995,97.37033933758843,50.0
45.9,0.0,115.19302696922598,1.0,100.0,22.837547630950404,1752.2471909658818,64.73331427785308,97.37032267092177,50.0
45.916666666666664,0.0,115.13605311809138,1.0,100.0,22.78914506715464,1755.9688424888657,64.78171684164884,97.3703060042551,50.0
45.93333333333333,0.0,115.07929291889855,1.0,100.0,22.74092401297311,1759.6922913973808,64.82993789583037,97.37028933758843,50.0
45.95,0.0,115.02274557045267,1.0,100.0,22.692883787744762,1763.4175126959174,64.87797812105872,97.37027267092176,50.0
45.96666666666667,0.0,114.96641027456347,1.0,100.0,22.64502371336102,1767.144481340133,64.92583819544247,97.3702560042551,50.0
45.983333333333334,0.0,114.91028623603385,1.0,100.0,22.597343114256216,1770.8731722375107,64.97351879454727,97.37023933758844,50.0
46.0,0.0,114.85437266264873,1.0,100.0,22.549841317398055,1774.603560248015,65.02102059140543,97.37022267092176,50.0
46.016666666666666,0.0,114.7986687651638,1.0,100.0,22.50251765227811,1778.3356201847541,65.06834425652538,97.3702060042551,50.0
46.03333333333333,0.0,114.74317375729443,1.0,100.0,22.45537145090237,1782.0693268146447,65.06834425652538,97.37018933758843,0.0
46.05,0.0,114.68788685570458,1.0,100.0,22.408402047781784,1785.8046548590767,65.06834425652538,97.37017267092176,0.0
46.06666666666667,0.0,114.63280727999569,1.0,100.0,22.361608779922904,1789.5415789945835,65.06834425652538,97.37015600425511,0.0
46.083333333333336,0.0,114.5779342526957,1.0,100.0,22.314990986818493,1793.2800738535143,65.06834425652538,97.37013933758844,0.0
46.1,0.0,114.5232669992481,1.0,100.0,22.268548010438224,1797.0201140247077,65.11478723290564,97.37012267092176,50.0
46.11666666666667,0.0,114.46880474800092,1.0,100.0,22.22227919521938,1800.7616740541687,65.16105604812448,97.37010600425509,50.0
46.13333333333333,0.0,114.41454673019592,1.0,100.0,22.176183888057604,1804.5047284457487,65.20715135528626,97.37008933758842,50.0
46.15,0.0,114.36049217995769,1.0,100.0,22.130261438297687,1808.2492516618267,65.25307380504617,97.37007267092177,50.0
46.166666666666664,0.0,114.30664033428285,1.0,100.0,22.08451119772437,1811.9952181239946,65.29882404561948,97.3700560042551,50.0
46.18333333333333,0.0,114.25299043302928,1.0,100.0,22.038932520553203,1815.7426022137438,65.34440272279065,97.37003933758844,50.0
46.2,0.0,114.19954171890542,1.0,100.0,21.99352476342143,1819.4913782731528,65.38981047992242,97.37002267092177,50.0
46.21666666666667,0.0,114.14629343745953,1.0,100.0,21.9482872853789,1823.2415206055814,65.43504795796495,97.37000600425509,50.0
46.233333333333334,0.0,114.09324483706907,1.0,100.0,21.903219447879028,1826.9930034763622,65.48011579546483,97.36998933758844,50.0
46.25,0.0,114.04039516893006,1.0,100.0,21.85832061476978,1830.7458011134972,65.52501462857407,97.36997267092177,50.0
46.266666666666666,0.0,113.98774368704657,1.0,100.0,21.813590152284693,1834.4998877083563,65.56974509105916,97.3699560042551,50.0
46.28333333333333,0.0,113.93528964822015,1.0,100.0,21.769027429033926,1838.2552374163765,65.61430781430992,97.36993933758843,50.0
46.3,0.0,113.88303231203932,1.0,100.0,21.724631815995348,1842.0118243577667,65.6587034273485,97.36992267092177,50.0
46.31666666666667,0.0,113.83097094086916,1.0,100.0,21.680402686505666,1845.7696226182093,65.70293255683818,97.3699060042551,50.0
46.333333333333336,0.0,113.77910479984091,1.0,100.0,21.63633941625157,1849.5286062495688,65.74699582709228,97.36988933758843,50.0
46.35,0.0,113.7274331568415,1.0,100.0,21.592441383260926,1853.2887492705995,65.79089386008292,97.36987267092177,50.0
46.36666666666667,0.0,113.67595528250334,1.0,100.0,21.548707967893996,1857.0500256676562,65.83462727544985,97.3698560042551,50.0
46.38333333333333,0.0,113.62467045019395,1.0,100.0,21.505138552834694,1860.8124093954066,65.87819669050916,97.36983933758843,50.0
46.4,0.0,113.57357793600572,1.0,100.0,21.461732523081864,1864.5758743775457,65.92160272026199,97.36982267092176,50.0
46.416666666666664,0.0,113.5226770187457,1.0,100.0,21.418489265940607,1868.3403945075115,65.96484597740324,97.3698060042551,50.0
46.43333333333333,0.0,113.4719669799254,1.0,100.0,21.375408171013632,1872.1059436492037,66.00792707233022,97.36978933758843,50.0
46.45,0.0,113.42144710375068,1.0,100.0,21.332488630192632,1875.872495637703,66.05084661315122,97.36977267092176,50.0
46.46666666666667,0.0,113.37111667711162,1.0,100.0,21.289730037649708,1879.640024279992,66.09360520569415,97.36975600425511,50.0
46.483333333333334,0.0,113.32097498957245,1.0,100.0,21.24713178982882,1883.4085033556794,66.13620345351504,97.36973933758844,50.0
46.5,0.0,113.27102133336155,1.0,100.0,21.204693285437262,1887.1779066177228,66.17864195790659,97.36972267092176,50.0
46.516666666666666,0.0,113.22125500336143,1.0,100.0,21.16241392543717,1890.9482077931573,66.22092131790669,97.3697060042551,50.0
46.53333333333333,0.0,113.17167529709883,1.0,100.0,21.120293113037082,1894.7193805838217,66.26304213030677,97.36968933758843,50.0
46.55,0.0,113.12228151473471,1.0,100.0,21.078330253683493,1898.491398667088,66.30500498966036,97.36967267092177,50.0
46.56666666666667,0.0,113.07307295905446,1.0,100.0,21.03652475505248,1902.2642356965935,66.34681048829137,97.3696560042551,50.0
46.583333333333336,0.0,113.024048935458,1.0,100.0,20.994876027041332,1906.0378653029707,66.38845921630252,97.36963933758844,50.0
46.6,0.0,112.97520875195003,1.0,100.0,20.953383481760227,1909.8122610945825,66.42995176158362,97.36962267092176,50.0
46.61666666666667,0.0,112.92655171913022,1.0,100.0,20.912046533523927,1913.5873966582567,66.47128870981993,97.3696060042551,50.0
46.63333333333333,0.0,112.87807715018347,1.0,100.0,20.870864598843514,1917.3632455600223,66.51247064450034,97.36958933758844,50.0
46.65,0.0,112.82978436087028,1.0,100.0,20.829837096418153,1921.1397813458466,66.5534981469257,97.36957267092177,50.0
46.666666666666664,0.0,112.78167266951701,1.0,100.0,20.788963447126886,1924.9169775423738,66.59437179621698,97.3695560042551,50.0
46.68333333333333,0.0,112.73374139700631,1.0,100.0,20.74824307402046,1928.694807657665,66.6350921693234,97.36953933758844,50.0
46.7,0.0,112.68598986676754,1.0,100.0,20.707675402313185,1932.4732451819389,66.67565984103068,97.36952267092177,50.0
46.71666666666667,0.0,112.63841740476717,1.0,100.0,20.66725985937481,1936.252263588314,66.71607538396906,97.3695060042551,50.0
46.733333333333334,0.0,112.59102333949929,1.0,100.0,20.626995874722454,1940.0318363335507,66.75633936862141,97.36948933758843,50.0
46.75,0.0,112.54380700197616,1.0,100.0,20.586882880012546,1943.811936858796,66.79645236333133,97.36947267092177,50.0
46.766666666666666,0.0,112.49676772571875,1.0,100.0,20.5469203090328,1947.5925385903288,66.83641493431108,97.3694560042551,50.0
46.78333333333333,0.0,112.44990484674732,1.0,100.0,20.507107597694226,1951.3736149403048,66.87622764564965,97.36943933758843,50.0
46.8,0.0,112.40321770357201,1.0,100.0,20.467444184023172,1955.1551393075033,66.9158910593207,97.36942267092176,50.0
46.81666666666667,0.0,112.35670563718362,1.0,100.0,20.427929508153387,1958.9370850780742,66.95540573519048,97.3694060042551,50.0
46.833333333333336,0.0,112.31036799104419,1.0,100.0,20.388563012318112,1962.7194256262874,66.99477223102576,97.36938933758843,50.0
46.85,0.0,112.26420411107777,1.0,100.0,20.34934414084222,1966.5021343152805,67.03399110250166,97.36937267092176,50.0
46.86666666666667,0.0,112.21821334566123,1.0,100.0,20.31027234013436,1970.2851844978088,67.07306290320952,97.36935600425511,50.0
46.88333333333333,0.0,112.17239504561499,1.0,100.0,20.271347058679158,1974.0685495169953,67.11198818466472,97.36933933758843,50.0
46.9,0.0,112.12674856419393,1.0,100.0,20.23256774702941,1977.8522027070817,67.15076749631447,97.36932267092176,50.0
46.916666666666664,0.0,112.08127325707821,1.0,100.0,20.19393385779835,1981.6361173941789,67.18940138554554,97.3693060042551,50.0
46.93333333333333,0.0,112.03596848236417,1.0,100.0,20.155444845651907,1985.42026689702,67.22789039769198,97.36928933758844,50.0
46.95,0.0,111.9908336005553,1.0,100.0,20.11710016730101,1989.2046245277118,67.26623507604288,97.36927267092177,50.0
46.96666666666667,0.0,111.94586797455322,1.0,100.0,20.078899281493932,1992.9891635924866,67.30443596184995,97.3692560042551,50.0
46.983333333333334,0.0,111.90107096964864,1.0,100.0,20.04084164900863,1996.773857392457,67.34249359433525,97.36923933758843,50.0
47.0,0.0,111.85644195351246,1.0,100.0,20.002926732645147,2000.5586792243678,67.38040851069873,97.36922267092176,50.0
47.016666666666666,0.0,111.81198029618679,1.0,100.0,19.965153997218028,2004.3436023813492,67.41818124612585,97.3692060042551,50.0
47.03333333333333,0.0,111.7676853700761,1.0,100.0,19.92752290954876,2008.1286001536716,67.41818124612585,97.36918933758844,0.0
47.05,0.0,111.72355654993831,1.0,100.0,19.89003293845825,2011.9136458294995,67.41818124612585,97.36917267092177,0.0
47.06666666666667,0.0,111.67959321287604,1.0,100.0,19.852683554759334,2015.6987126956442,67.41818124612585,97.3691560042551,0.0
47.083333333333336,0.0,111.63579473832776,1.0,100.0,19.815474231249286,2019.4837740383193,67.41818124612585,97.36913933758842,0.0
47.1,0.0,111.59216050805904,1.0,100.0,19.778404442702403,2023.2688031438945,67.45525103467274,97.36912267092177,50.0
47.11666666666667,0.0,111.54868990615381,1.0,100.0,19.741473665862568,2027.053773299649,67.49218181151258,97.3691060042551,50.0
47.13333333333333,0.0,111.50538231900573,1.0,100.0,19.704681379435883,2030.8386577945269,67.52897409793927,97.36908933758843,50.0
47.15,0.0,111.46223713530946,1.0,100.0,19.668027064083297,2034.6234299198895,67.56562841329185,97.36907267092177,50.0
47.166666666666664,0.0,111.41925374605205,1.0,100.0,19.631510202413285,2038.408062970271,67.60214527496186,97.3690560042551,50.0
47.18333333333333,0.0,111.37643154450436,1.0,100.0,19.595130278974533,2042.1925302441305,67.6385251984006,97.36903933758843,50.0
47.2,0.0,111.33376992621247,1.0,100.0,19.558886780248677,2045.9768050446062,67.67476869712645,97.36902267092177,50.0
47.21666666666667,0.0,111.29126828898917,1.0,100.0,19.522779194643046,2049.7608606802687,67.71087628273209,97.3690060042551,50.0
47.233333333333334,0.0,111.24892603290546,1.0,100.0,19.486807012483435,2053.544670465874,67.7468484648917,97.36898933758843,50.0
47.25,0.0,111.20674256028207,1.0,100.0,19.45096972600692,2057.3282077231142,67.7826857513682,97.36897267092176,50.0
47.266666666666666,0.0,111.16471727568101,1.0,100.0,19.415266829354696,2061.111445781372,67.81838864802043,97.3689560042551,50.0
47.28333333333333,0.0,111.12284958589721,1.0,100.0,19.379697818564914,2064.894357978471,67.85395765881022,97.36893933758843,50.0
47.3,0.0,111.0811388999501,1.0,100.0,19.344262191565594,2068.676917661426,67.88939328580953,97.36892267092176,50.0
47.31666666666667,0.0,111.03958462907529,1.0,100.0,19.308959448167524,2072.4590981871943,67.92469602920761,97.3689060042551,50.0
47.333333333333336,0.0,110.99818618671625,1.0,100.0,19.273789090057196,2076.2408729234267,67.95986638731794,97.36888933758844,50.0
47.35,0.0,110.95694298851606,1.0,100.0,19.23875062078978,2080.0222152492147,67.99490485658536,97.36887267092177,50.0
47.36666666666667,0.0,110.91585445230912,1.0,100.0,19.203843545782117,2083.8030985558407,68.02981193159303,97.3688560042551,50.0
47.38333333333333,0.0,110.87491999811296,1.0,100.0,19.169067372305733,2087.583496247525,68.06458810506942,97.36883933758843,50.0
47.4,0.0,110.83413904812004,1.0,100.0,19.134421609479887,2091.3633817421724,68.09923386789526,97.36882267092176,50.0
47.416666666666664,0.0,110.79351102668959,1.0,100.0,19.099905768264637,2095.14272847212,68.13374970911052,97.3688060042551,50.0
47.43333333333333,0.0,110.7530353603395,1.0,100.0,19.065519361453944,2098.9215098848813,68.16813611592121,97.36878933758844,50.0
47.45,0.0,110.71271147773822,1.0,100.0,19.031261903668792,2102.6996994438914,68.20239357370637,97.36877267092177,50.0
47.46666666666667,0.0,110.6725388096967,1.0,100.0,18.997132911350334,2106.47727062925,68.23652256602483,97.36875600425509,50.0
47.483333333333334,0.0,110.63251678916033,1.0,100.0,18.96313190275307,2110.2541969384642,68.27052357462209,97.36873933758842,50.0
47.5,0.0,110.59264485120099,1.0,100.0,18.929258397938046,2114.03045188719,68.30439707943711,97.36872267092177,50.0
47.516666666666666,0.0,110.55292243300899,1.0,100.0,18.89551191876608,2117.806009009972,68.33814355860908,97.3687060042551,50.0
47.53333333333333,0.0,110.5133489738852,1.0,100.0,18.861891988891006,2121.580841860985,68.37176348848415,97.36868933758844,50.0
47.55,0.0,110.47392391523313,1.0,100.0,18.828398133752966,2125.354924014769,68.4052573436222,97.36867267092177,50.0
47.56666666666667,0.0,110.434646700551,1.0,100.0,18.795029880571693,2129.128229066968,68.43862559680348,97.3686560042551,50.0
47.583333333333336,0.0,110.39551677542393,1.0,100.0,18.76178675833985,2132.900730635065,68.47186871903531,97.36863933758843,50.0
47.6,0.0,110.35653358751608,1.0,100.0,18.728668297816373,2136.6724023591173,68.50498717955878,97.36862267092177,50.0
47.61666666666667,0.0,110.3176965865629,1.0,100.0,18.69567403151986,2140.443217902488,68.5379814458553,97.3686060042551,50.0
47.63333333333333,0.0,110.27900522436329,1.0,100.0,18.662803493721963,2144.213150952578,68.5708519836532,97.36858933758843,50.0
47.65,0.0,110.24045895477192,1.0,100.0,18.630056220440807,2147.9821752215576,68.60359925693436,97.36857267092176,50.0
47.666666666666664,0.0,110.20205723369153,1.0,100.0,18.597431749434453,2151.7502644470933,68.63622372794072,97.3685560042551,50.0
47.68333333333333,0.0,110.1637995190652,1.0,100.0,18.564929620194373,2155.517392393076,68.6687258571808,97.36853933758843,50.0
47.7,0.0,110.1256852708687,1.0,100.0,18.532549373938945,2159.283532850346,68.70110610343623,97.36852267092176,50.0
47.71666666666667,0.0,110.08771395110294,1.0,100.0,18.500290553606973,2163.048659637418,68.7333649237682,97.3685060042551,50.0
47.733333333333334,0.0,110.0498850237863,1.0,100.0,18.468152703851246,2166.812746601203,68.76550277352393,97.36848933758844,50.0
47.75,0.0,110.0121979549471,1.0,100.0,18.436135371032105,2170.5757676177277,68.79752010634307,97.36847267092176,50.0
47.766666666666666,0.0,109.97465221261605,1.0,100.0,18.404238103211036,2174.337696592856,68.82941737416414,97.3684560042551,50.0
47.78333333333333,0.0,109.93724726681874,1.0,100.0,18.372460450144295,2178.0985074630034,68.86119502723088,97.36843933758843,50.0
47.8,0.0,109.89998258956817,1.0,100.0,18.340801963276554,2181.858174195856,68.89285351409862,97.36842267092176,50.0
47.81666666666667,0.0,109.8628576548573,1.0,100.0,18.30926219573457,2185.6166707910793,68.9243932816406,97.3684060042551,50.0
47.833333333333336,0.0,109.82587193865157,1.0,100.0,18.277840702320866,2189.373971281034,68.95581477505431,97.36838933758844,50.0
47.85,0.0,109.78902491888164,1.0,100.0,18.246537039507462,2193.1300497314833,68.98711843786771,97.36837267092177,50.0
47.86666666666667,0.0,109.75231607543583,1.0,100.0,18.21535076542961,2196.884880242302,69.01830471194556,97.36835600425509,50.0
47.88333333333333,0.0,109.71574489015295,1.0,100.0,18.18428143987955,2200.638436948181,69.04937403749562,97.36833933758842,50.0
47.9,0.0,109.67931084681487,1.0,100.0,18.1533286243003,2204.3906940193324,69.08032685307488,97.36832267092177,50.0
47.916666666666664,0.0,109.64301343113931,1.0,100.0,18.122491881779474,2208.141625662189,69.11116359559571,97.3683060042551,50.0
47.93333333333333,0.0,109.60685213077254,1.0,100.0,18.091770777043102,2211.891206120106,69.14188470033208,97.36828933758844,50.0
47.95,0.0,109.57082643528214,1.0,100.0,18.061164876449492,2215.6394096740564,69.1724906009257,97.36827267092177,50.0
47.96666666666667,0.0,109.53493583614984,1.0,100.0,18.030673747983105,2219.386210643328,69.20298172939208,97.3682560042551,50.0
47.983333333333334,0.0,109.49917982676428,1.0,100.0,18.00029696124847,2223.131583386213,69.23335851612671,97.36823933758843,50.0
48.0,0.0,109.46355790241391,1.0,100.0,17.97003408746409,2226.8755023007034,69.2636213899111,97.36822267092177,50.0
48.016666666666666,0.0,109.42806956027985,1.0,100.0,17.9398846994564,2230.617941825173,69.29377077791878,97.3682060042551,50.0
48.03333333333333,0.0,109.3927142994288,1.0,100.0,17.909848371653737,2234.35887643907,69.29377077791878,97.36818933758843,0.0
48.05,0.0,109.35749162080594,1.0,100.0,17.879924680080336,2238.0982806635934,69.29377077791878,97.36817267092177,0.0
48.06666666666667,0.0,109.32240102722793,1.0,100.0,17.850113202350336,2241.8361290623793,69.29377077791878,97.3681560042551,0.0
48.083333333333336,0.0,109.28744202337582,1.0,100.0,17.820413517661823,2245.572396242177,69.29377077791878,97.36813933758843,0.0
48.1,0.0,109.25261411578816,1.0,100.0,17.790825206790892,2249.307056853526,69.32335908878972,97.36812267092176,50.0
48.11666666666667,0.0,109.21791681285396,1.0,100.0,17.761347852085727,2253.0400855914277,69.35283644349488,97.3681060042551,50.0
48.13333333333333,0.0,109.18334962480576,1.0,100.0,17.731981037460706,2256.7714571960173,69.3822032581199,97.36808933758844,50.0
48.15,0.0,109.14891206371273,1.0,100.0,17.70272434839053,2260.5011464532326,69.41145994719008,97.36807267092176,50.0
48.166666666666664,0.0,109.1146036434738,1.0,100.0,17.673577371904365,2264.229128195478,69.44060692367624,97.3680560042551,50.0
48.18333333333333,0.0,109.08042387981077,1.0,100.0,17.644539696580022,2267.9553773022885,69.46964459900059,97.36803933758843,50.0
48.2,0.0,109.04637229026147,1.0,100.0,17.61561091253815,2271.679868700988,69.49857338304247,97.36802267092176,50.0
48.21666666666667,0.0,109.01244839417299,1.0,100.0,17.58679061143643,2275.4025773673493,69.52739368414419,97.36800600425511,50.0
48.233333333333334,0.0,108.97865171269484,1.0,100.0,17.558078386463844,2279.1234783262457,69.55610590911677,97.36798933758844,50.0
48.25,0.0,108.94498176877224,1.0,100.0,17.529473832334904,2282.842546652305,69.5847104632457,97.36797267092176,50.0
48.266666666666666,0.0,108.91143808713935,1.0,100.0,17.500976545283947,2286.559757470556,69.61320775029665,97.36795600425509,50.0
48.28333333333333,0.0,108.87802019431257,1.0,100.0,17.472586123059433,2290.275085957076,69.64159817252117,97.36793933758842,50.0
48.3,0.0,108.8447276185839,1.0,100.0,17.44430216491826,2293.988507339632,69.66988213066234,97.36792267092177,50.0
48.31666666666667,0.0,108.81155989001421,1.0,100.0,17.416124271620117,2297.699996898323,69.6980600239605,97.3679060042551,50.0
48.333333333333336,0.0,108.77851654042665,1.0,100.0,17.38805204542184,2301.4095299662144,69.72613225015877,97.36788933758844,50.0
48.35,0.0,108.74559710340004,1.0,100.0,17.36008509007181,2305.1170819299723,69.75409920550881,97.36787267092176,50.0
48.36666666666667,0.0,108.71280111426229,1.0,100.0,17.33222301080434,2308.8226282304954,69.78196128477627,97.3678560042551,50.0
48.38333333333333,0.0,108.68012811008381,1.0,100.0,17.304465414334125,2312.526144363542,69.80971888124648,97.36783933758844,50.0
48.4,0.0,108.647577629671,1.0,100.0,17.27681190885067,2316.2276058803523,69.83737238672994,97.36782267092177,50.0
48.416666666666664,0.0,108.61514921355973,1.0,100.0,17.249262104012782,2319.926988388274,69.86492219156783,97.3678060042551,50.0
48.43333333333333,0.0,108.58284240400889,1.0,100.0,17.221815610943036,2323.6242675513754,69.89236868463757,97.36778933758843,50.0
48.45,0.0,108.55065674499386,1.0,100.0,17.1944720422223,2327.3194190910644,69.91971225335831,97.36777267092177,50.0
48.46666666666667,0.0,108.51859178220013,1.0,100.0,17.16723101188427,2331.0124187866973,69.94695328369635,97.3677560042551,50.0
48.483333333333334,0.0,108.48664706301689,1.0,100.0,17.140092135410004,2334.7032424761883,69.97409216017061,97.36773933758843,50.0
48.5,0.0,108.45482213653058,1.0,100.0,17.113055029722517,2338.3918660566137,70.0011292658581,97.36772267092176,50.0
48.516666666666666,0.0,108.4231165535186,1.0,100.0,17.086119313181356,2342.0782654848126,70.02806498239926,97.3677060042551,50.0
48.53333333333333,0.0,108.39152986644291,1.0,100.0,17.059284605577226,2345.7624167779877,70.05489969000338,97.36768933758843,50.0
48.55,0.0,108.36006162944375,1.0,100.0,17.03255052812661,2349.4442960142965,70.081633767454,97.36767267092176,50.0
48.56666666666667,0.0,108.32871139833334,1.0,100.0,17.005916703466436,2353.1238793334437,70.10826759211417,97.3676560042551,50.0
48.583333333333336,0.0,108.29747873058959,1.0,100.0,16.979382755648736,2356.8011429372723,70.13480153993187,97.36763933758843,50.0
48.6,0.0,108.26636318534987,1.0,100.0,16.952948310135355,2360.476063090341,70.16123598544526,97.36762267092176,50.0
48.61666666666667,0.0,108.23536432340481,1.0,100.0,16.92661299379265,2364.148616120511,70.18757130178797,97.36760600425511,50.0
48.63333333333333,0.0,108.20448170719204,1.0,100.0,16.900376434886226,2367.81877841952,70.21380786069439,97.36758933758843,50.0
48.65,0.0,108.17371490079007,1.0,100.0,16.874238263075704,2371.4865264435566,70.23994603250492,97.36757267092176,50.0
48.666666666666664,0.0,108.14306346991211,1.0,100.0,16.84819810940947,2375.1518367138283,70.26598618617115,97.36755600425509,50.0
48.68333333333333,0.0,108.11252698189993,1.0,100.0,16.822255606319484,2378.814685817131,70.29192868926113,97.36753933758844,50.0
48.7,0.0,108.0821050057178,1.0,100.0,16.796410387616085,2382.475050406408,70.31777390796452,97.36752267092177,50.0
48.71666666666667,0.0,108.05179711194637,1.0,100.0,16.770662088482826,2386.132907201312,70.34352220709778,97.3675060042551,50.0
48.733333333333334,0.0,108.02160287277657,1.0,100.0,16.745010345471314,2389.7882329887575,70.36917395010929,97.36748933758844,50.0
48.75,0.0,107.99152186200365,1.0,100.0,16.7194547964961,2393.4410046234725,70.3947294990845,97.36747267092176,50.0
48.766666666666666,0.0,107.96155365502113,1.0,100.0,16.693995080829538,2397.091199028548,70.42018921475106,97.3674560042551,50.0
48.78333333333333,0.0,107.9316978288148,1.0,100.0,16.66863083909673,2400.7387931959793,70.44555345648388,97.36743933758844,50.0
48.8,0.0,107.90195396195675,1.0,100.0,16.643361713270416,2404.383764187207,70.47082258231019,97.36742267092177,50.0
48.81666666666667,0.0,107.87232163459942,1.0,100.0,16.61818734666595,2408.0260891336525,70.49599694891465,97.3674060042551,50.0
48.833333333333336,0.0,107.84280042846967,1.0,100.0,16.593107383936253,2411.665745237251,70.52107691164434,97.36738933758843,50.0
48.85,0.0,107.81338992686291,1.0,100.0,16.568121471066792,2415.3027097709787,70.5460628245138,97.36737267092177,50.0
48.86666666666667,0.0,107.78408971463718,1.0,100.0,16.54322925537059,2418.9369600793775,70.57095504021,97.3673560042551,50.0
48.88333333333333,0.0,107.75489937820728,1.0,100.0,16.51843038548325,2422.5684735790746,70.59575391009733,97.36733933758843,50.0
48.9,0.0,107.72581850553901,1.0,100.0,16.493724511357986,2426.1972277593,70.62045978422259,97.36732267092177,50.0
48.916666666666664,0.0,107.69684668614323,1.0,100.0,16.469111284260695,2429.8232001823976,70.64507301131988,97.3673060042551,50.0
48.93333333333333,0.0,107.66798351107019,1.0,100.0,16.444590356765016,2433.4463684843363,70.66959393881555,97.36728933758843,50.0
48.95,0.0,107.63922857290368,1.0,100.0,16.420161382747448,2437.0667103752085,70.69402291283312,97.36727267092176,50.0
48.96666666666667,0.0,107.61058146575529,1.0,100.0,16.395824017382445,2440.684203639738,70.71836027819812,97.3672560042551,50.0
48.983333333333334,0.0,107.58204178525871,1.0,100.0,16.37157791713756,2444.298826137769,70.742606378443,97.36723933758843,50.0
49.0,0.0,107.55360912856399,1.0,100.0,16.347422739768597,2447.9105558047627,70.76676155581197,97.36722267092178,50.0
49.016666666666666,0.0,107.52528309433188,1.0,100.0,16.323358144314764,2451.5193706522837,70.7908261512658,97.36720600425511,50.0
49.03333333333333,0.0,107.49706328272813,1.0,100.0,16.299383791093884,2455.1252487684833,70.7908261512658,97.36718933758843,0.0
49.05,0.0,107.4689492954179,1.0,100.0,16.275499341697582,2458.7281683185806,70.7908261512658,97.36717267092176,0.0
49.06666666666667,0.0,107.44094073556008,1.0,100.0,16.251704458986516,2462.3281075453356,70.7908261512658,97.3671560042551,0.0
49.083333333333336,0.0,107.41303720780172,1.0,100.0,16.227998807085616,2465.9250447695226,70.7908261512658,97.36713933758844,0.0
49.1,0.0,107.38523831827247,1.0,100.0,16.204382051379344,2469.5189583903966,70.81444290697208,97.36712267092177,50.0
49.11666666666667,0.0,107.35754367457895,1.0,100.0,16.18085385850697,2473.1098268861556,70.83797109984445,97.3671060042551,50.0
49.13333333333333,0.0,107.32995288579927,1.0,100.0,16.15741389635787,2476.697628814399,70.86141106199355,97.36708933758842,50.0
49.15,0.0,107.30246556247752,1.0,100.0,16.134061834066827,2480.2823428125835,70.88476312428459,97.36707267092176,50.0
49.166666666666664,0.0,107.27508131661823,1.0,100.0,16.110797342009377,2483.8639475984705,70.90802761634204,97.3670560042551,50.0
49.18333333333333,0.0,107.24779976168091,1.0,100.0,16.08762009179714,2487.4424219705747,70.93120486655427,97.36703933758844,50.0
49.2,0.0,107.22062051257461,1.0,100.0,16.064529756273203,2491.0177448086024,70.95429520207821,97.36702267092177,50.0
49.21666666666667,0.0,107.19354318565246,1.0,100.0,16.04152600950748,2494.5898950738915,70.97729894884394,97.3670060042551,50.0
49.233333333333334,0.0,107.16656739870626,1.0,100.0,16.018608526792125,2498.158851809842,71.0002164315593,97.36698933758842,50.0
49.25,0.0,107.13969277096112,1.0,100.0,15.995776984636954,2501.7245941423457,71.02304797371447,97.36697267092177,50.0
49.266666666666666,0.0,107.11291892307001,1.0,100.0,15.973031060764866,2505.2871012802093,71.04579389758656,97.3669560042551,50.0
49.28333333333333,0.0,107.0862454771085,1.0,100.0,15.950370434107297,2508.846352515575,71.06845452424413,97.36693933758843,50.0
49.3,0.0,107.05967205656935,1.0,100.0,15.927794784799694,2512.402327224334,71.09103017355173,97.36692267092177,50.0
49.31666666666667,0.0,107.03319828635722,1.0,100.0,15.905303794176996,2515.9550048665387,71.11352116417443,97.3669060042551,50.0
49.333333333333336,0.0,107.00682379278338,1.0,100.0,15.882897144769133,2519.5043649868094,71.1359278135823,97.36688933758843,50.0
49.35,0.0,106.98054820356045,1.0,100.0,15.860574520296549,2523.0503872147347,71.15825043805488,97.36687267092177,50.0
49.36666666666667,0.0,106.95437114779709,1.0,100.0,15.838335605665737,2526.59305126527,71.1804893526857,97.3668560042551,50.0
49.38333333333333,0.0,106.92829225599286,1.0,100.0,15.81618008696479,2530.1323369391303,71.20264487138664,97.36683933758843,50.0
49.4,0.0,106.90231116003288,1.0,100.0,15.794107651458972,2533.6682241231783,71.22471730689246,97.36682267092178,50.0
49.416666666666664,0.0,106.87642749318276,1.0,100.0,15.772117987586302,2537.20069279081,71.24670697076513,97.3668060042551,50.0
49.43333333333333,0.0,106.85064089008333,1.0,100.0,15.750210784953154,2540.7297230023314,71.26861417339828,97.36678933758843,50.0
49.45,0.0,106.82495098674552,1.0,100.0,15.72838573432988,2544.2552949053365,71.29043922402155,97.36677267092176,50.0
49.46666666666667,0.0,106.79935742054522,1.0,100.0,15.706642527646443,2547.777388735077,71.312182430705,97.3667560042551,50.0
49.483333333333334,0.0,106.77385983021817,1.0,100.0,15.684980857988068,2551.2959848148257,71.33384410036336,97.36673933758844,50.0
49.5,0.0,106.74845785585485,1.0,100.0,15.663400419590912,2554.811063556243,71.35542453876052,97.36672267092177,50.0
49.516666666666666,0.0,106.7231511388954,1.0,100.0,15.641900907837746,2558.322605459729,71.37692405051368,97.3667060042551,50.0
49.53333333333333,0.0,106.69793932212454,1.0,100.0,15.620482019253654,2561.8305911147786,71.39834293909777,97.36668933758843,50.0
49.55,0.0,106.67282204966658,1.0,100.0,15.599143451501753,2565.3350012003293,71.41968150684967,97.36667267092176,50.0
49.56666666666667,0.0,106.64779896698033,1.0,100.0,15.577884903378921,2568.835816485104,71.4409400549725,97.3666560042551,50.0
49.583333333333336,0.0,106.62286972085415,1.0,100.0,15.55670607481155,2572.3330178279475,71.46211888353987,97.36663933758844,50.0
49.6,0.0,106.59803395940095,1.0,100.0,15.535606666851308,2575.826586178166,71.48321829150012,97.36662267092177,50.0
49.61666666666667,0.0,106.5732913320532,1.0,100.0,15.514586381670915,2579.3165025758517,71.50423857668052,97.36660600425509,50.0
49.63333333333333,0.0,106.54864148955801,1.0,100.0,15.493644922559948,2582.8027481522095,71.5251800357915,97.36658933758842,50.0
49.65,0.0,106.52408408397217,1.0,100.0,15.472781993920648,2586.2853041298777,71.5460429644308,97.36657267092177,50.0
49.666666666666664,0.0,106.49961876865727,1.0,100.0,15.451997301263745,2589.764151823244,71.5668276570877,97.3665560042551,50.0
49.68333333333333,0.0,106.4752451982748,1.0,100.0,15.431290551204306,2593.2392726387557,71.58753440714713,97.36653933758843,50.0
49.7,0.0,106.45096302878127,1.0,100.0,15.41066145145759,2596.7106480752273,71.60816350689385,97.36652267092177,50.0
49.71666666666667,0.0,106.42677191742334,1.0,100.0,15.390109710834924,2600.1782597241413,71.62871524751651,97.3665060042551,50.0
49.733333333333334,0.0,106.402671522733,1.0,100.0,15.369635039239594,2603.642089269947,71.64918991911185,97.36648933758843,50.0
49.75,0.0,106.37866150452275,1.0,100.0,15.349237147662745,2607.1021184903525,71.6695878106887,97.36647267092177,50.0
49.766666666666666,0.0,106.35474152388079,1.0,100.0,15.328915748179309,2610.558329256613,71.68990921017213,97.3664560042551,50.0
49.78333333333333,0.0,106.33091124316624,1.0,100.0,15.308670553943937,2614.0107035338133,71.7101544044075,97.36643933758843,50.0
49.8,0.0,106.30717032600437,1.0,100.0,15.288501279186947,2617.459223381148,71.7303236791645,97.36642267092176,50.0
49.81666666666667,0.0,106.28351843728186,1.0,100.0,15.268407639210297,2620.903870952197,71.75041731914115,97.3664060042551,50.0
49.833333333333336,0.0,106.25995524314204,1.0,100.0,15.248389350383558,2624.3446284951906,71.77043560796788,97.36638933758843,50.0
49.85,0.0,106.23648041098026,1.0,100.0,15.22844613013992,2627.7814783532795,71.79037882821152,97.36637267092176,50.0
49.86666666666667,0.0,106.21309360943908,1.0,100.0,15.208577696972196,2631.214402964793,71.81024726137925,97.3663560042551,50.0
49.88333333333333,0.0,106.1897945084037,1.0,100.0,15.18878377042885,2634.6433848634933,71.83004118792259,97.36633933758844,50.0
49.9,0.0,106.16658277899718,1.0,100.0,15.169064071110043,2638.0684066788303,71.8497608872414,97.36632267092176,50.0
49.916666666666664,0.0,106.14345809357594,1.0,100.0,15.14941832066368,2641.4894511361845,71.86940663768776,97.3663060042551,50.0
49.93333333333333,0.0,106.12042012572503,1.0,100.0,15.12984624178149,2644.9065010571107,71.88897871656995,97.36628933758843,50.0
49.95,0.0,106.09746855025357,1.0,100.0,15.110347558195109,2648.3195393595756,71.90847740015633,97.36627267092176,50.0
49.96666666666667,0.0,106.07460304319011,1.0,100.0,15.090921994672177,2651.7285490581885,71.92790296367926,97.3662560042551,50.0
49.983333333333334,0.0,106.05182328177814,1.0,100.0,15.071569277012456,2655.133513264432,71.94725568133897,97.36623933758844,50.0
50.0,0.0,106.02912894447147,1.0,100.0,15.05228913204396,2658.5344151868826,71.96653582630746,97.36622267092176,50.0
50.016666666666666,0.0,106.0065197109297,1.0,100.0,15.033081287619096,2661.9312381314317,71.98574367073233,97.36620600425509,50.0
50.03333333333333,0.0,105.9839952620137,1.0,100.0,15.013945472610825,2665.323965501499,71.98574367073233,97.36618933758844,0.0
50.05,0.0,105.96155527978115,1.0,100.0,14.994881416908834,2668.712580798241,71.98574367073233,97.36617267092177,0.0
50.06666666666667,0.0,105.93919944748197,1.0,100.0,14.975888851415727,2672.0970676207576,71.98574367073233,97.3661560042551,0.0
50.083333333333336,0.0,105.91692744955391,1.0,100.0,14.956967508043219,2675.477409666292,71.98574367073233,97.36613933758844,0.0
50.1,0.0,105.89473897161808,1.0,100.0,14.938117119708357,2678.8535907304245,72.0045940590672,97.36612267092177,50.0
50.11666666666667,0.0,105.87263370047451,1.0,100.0,14.91933742032975,2682.2255947072676,72.02337375844581,97.3661060042551,50.0
50.13333333333333,0.0,105.85061132409773,1.0,100.0,14.900628144823814,2685.5934055896487,72.04208303395176,97.36608933758843,50.0
50.15,0.0,105.82867153163237,1.0,100.0,14.881989029101025,2688.9570074692942,72.06072214967455,97.36607267092177,50.0
50.166666666666664,0.0,105.80681401338875,1.0,100.0,14.863419810062195,2692.316384537006,72.07929136871337,97.3660560042551,50.0
50.18333333333333,0.0,105.78503846083854,1.0,100.0,14.844920225594763,2695.671521082834,72.0977909531808,97.36603933758843,50.0
50.2,0.0,105.76334456661039,1.0,100.0,14.826490014569082,2699.0224014962464,72.11622116420648,97.36602267092177,50.0
50.21666666666667,0.0,105.7417320244856,1.0,100.0,14.808128916834749,2702.369010266291,72.1345822619408,97.3660060042551,50.0
50.233333333333334,0.0,105.72020052939378,1.0,100.0,14.789836673216918,2705.7113319817554,72.15287450555864,97.36598933758843,50.0
50.25,0.0,105.69874977740855,1.0,100.0,14.771613025512655,2709.0493513313218,72.1710981532629,97.36597267092176,50.0
50.266666666666666,0.0,105.67737946574327,1.0,100.0,14.753457716487283,2712.3830531037165,72.18925346228828,97.3659560042551,50.0
50.28333333333333,0.0,105.65608929274673,1.0,100.0,14.735370489870755,2715.7124221878557,72.20734068890481,97.36593933758843,50.0
50.3,0.0,105.63487895789893,1.0,100.0,14.71735109035404,2719.037443572987,72.22536008842152,97.36592267092176,50.0
50.31666666666667,0.0,105.61374816180681,1.0,100.0,14.699399263585512,2722.358102348824,72.24331191519005,97.3659060042551,50.0
50.333333333333336,0.0,105.59269660620004,1.0,100.0,14.681514756167367,2725.6743837056815,72.2611964226082,97.36588933758843,50.0
50.35,0.0,105.57172399392678,1.0,100.0,14.663697315652039,2728.9862729346005,72.27901386312352,97.36587267092177,50.0
50.36666666666667,0.0,105.55083002894956,1.0,100.0,14.645946690538644,2732.2937554274704,72.29676448823692,97.36585600425511,50.0
50.38333333333333,0.0,105.530014416341,1.0,100.0,14.628262630269424,2735.596816677151,72.31444854850614,97.36583933758844,50.0
50.4,0.0,105.50927686227972,1.0,100.0,14.610644885226213,2738.8954422775832,72.33206629354935,97.36582267092176,50.0
50.416666666666664,0.0,105.48861707404618,1.0,100.0,14.593093206726914,2742.1896179239016,72.34961797204865,97.36580600425509,50.0
50.43333333333333,0.0,105.4680347600185,1.0,100.0,14.575607347021988,2745.479329412536,72.36710383175357,97.36578933758844,50.0
50.45,0.0,105.44752962966842,1.0,100.0,14.558187059290955,2748.7645626413155,72.3845241194846,97.36577267092177,50.0
50.46666666666667,0.0,105.42710139355717,1.0,100.0,14.540832097638914,2752.045303609563,72.40187908113664,97.3657560042551,50.0
50.483333333333334,0.0,105.40674976333132,1.0,100.0,14.523542217093068,2755.321538418187,72.41916896168249,97.36573933758844,50.0
50.5,0.0,105.38647445171883,1.0,100.0,14.50631717359927,2758.593253269771,72.43639400517628,97.36572267092176,50.0
50.516666666666666,0.0,105.36627517252488,1.0,100.0,14.489156724018573,2761.8604344686546,72.45355445475698,97.3657060042551,50.0
50.53333333333333,0.0,105.34615164062791,1.0,100.0,14.472060626123803,2765.123068421012,72.47065055265175,97.36568933758844,50.0
50.55,0.0,105.32610357197555,1.0,100.0,14.455028638596138,2768.381141634928,72.4876825401794,97.36567267092177,50.0
50.56666666666667,0.0,105.30613068358065,1.0,100.0,14.438060521021702,2771.6346407204683,72.50465065775384,97.3656560042551,50.0
50.583333333333336,0.0,105.28623269351722,1.0,100.0,14.42115603388817,2774.8835523897415,72.52155514488737,97.36563933758843,50.0
50.6,0.0,105.26640932091654,1.0,100.0,14.40431493858139,2778.127863456965,72.53839624019415,97.36562267092177,50.0
50.61666666666667,0.0,105.2466602859631,1.0,100.0,14.387536997382009,2781.3675608385197,72.55517418139353,97.3656060042551,50.0
50.63333333333333,0.0,105.22698530989074,1.0,100.0,14.370821973462126,2784.602631553003,72.57188920531341,97.36558933758843,50.0
50.65,0.0,105.20738411497865,1.0,100.0,14.354169630881943,2787.8330627212777,72.5885415478936,97.36557267092176,50.0
50.666666666666664,0.0,105.18785642454748,1.0,100.0,14.337579734586436,2791.058841566515,72.60513144418911,97.36555600425511,50.0
50.68333333333333,0.0,105.16840196295543,1.0,100.0,14.321052050402038,2794.279955414236,72.62165912837351,97.36553933758843,50.0
50.7,0.0,105.14902045559434,1.0,100.0,14.30458634503333,2797.496391692347,72.63812483374221,97.36552267092176,50.0
50.71666666666667,0.0,105.12971162888586,1.0,100.0,14.288182386059756,2800.70813793117,72.65452879271578,97.3655060042551,50.0
50.733333333333334,0.0,105.11047521027754,1.0,100.0,14.271839941932331,2803.915181763471,72.6708712368432,97.36548933758843,50.0
50.75,0.0,105.091310928239,1.0,100.0,14.255558781970384,2807.117510924483,72.68715239680515,97.36547267092178,50.0
50.766666666666666,0.0,105.0722185122581,1.0,100.0,14.239338676358296,2810.315113251924,72.70337250241724,97.36545600425511,50.0
50.78333333333333,0.0,105.05319769283713,1.0,100.0,14.223179396142251,2813.507976686012,72.71953178263328,97.36543933758843,50.0
50.8,0.0,105.03424820148899,1.0,100.0,14.207080713227018,2816.6960892694774,72.73563046554851,97.36542267092176,50.0
50.81666666666667,0.0,105.01536977073341,1.0,100.0,14.191042400372718,2819.8794391475667,72.75166877840282,97.36540600425509,50.0
50.833333333333336,0.0,104.99656213409317,1.0,100.0,14.17506423119162,2823.0580145680474,72.76764694758391,97.36538933758844,50.0
50.85,0.0,104.97782502609031,1.0,100.0,14.15914598014495,2826.2318038812036,72.78356519863058,97.36537267092177,50.0
50.86666666666667,0.0,104.95915818224248,1.0,100.0,14.143287422539707,2829.400795539833,72.79942375623583,97.3653560042551,50.0
50.88333333333333,0.0,104.94056133905907,1.0,100.0,14.127488334525484,2832.564978099234,72.81522284425004,97.36533933758842,50.0
50.9,0.0,104.9220342340376,1.0,100.0,14.111748493091314,2835.724340217195,72.83096268568421,97.36532267092176,50.0
50.916666666666664,0.0,104.90357660565995,1.0,100.0,14.096067676062521,2838.878870653974,72.84664350271301,97.3653060042551,50.0
50.93333333333333,0.0,104.88518819338873,1.0,100.0,14.080445662097587,2842.028558272278,72.86226551667794,97.36528933758844,50.0
50.95,0.0,104.86686873766352,1.0,100.0,14.06488223068502,2845.173392037237,72.8778289480905,97.36527267092177,50.0
50.96666666666667,0.0,104.84861797989728,1.0,100.0,14.049377162140251,2848.3133610163723,72.89333401663527,97.3652560042551,50.0
50.983333333333334,0.0,104.83043566247267,1.0,100.0,14.033930237602526,2851.4484543795647,72.90878094117299,97.36523933758843,50.0
51.0,0.0,104.8123215287384,1.0,100.0,14.018541239031817,2854.5786613990167,72.9241699397437,97.36522267092177,50.0
51.016666666666666,0.0,104.79427532300562,1.0,100.0,14.003209949205749,2857.7039714492103,72.93950122956977,97.3652060042551,50.0
51.03333333333333,0.0,104.77629679054435,1.0,100.0,13.987936151716527,2860.82437400686,72.93950122956977,97.36518933758843,0.0
51.05,0.0,104.75838567757981,1.0,100.0,13.97271963096789,2863.9398586508664,72.93950122956977,97.36517267092177,0.0
51.06666666666667,0.0,104.74054173128889,1.0,100.0,13.957560172172059,2867.050415062259,72.93950122956977,97.3651560042551,0.0
51.083333333333336,0.0,104.72276469979656,1.0,100.0,13.942457561346714,2870.1560330241437,72.93950122956977,97.36513933758843,0.0
51.1,0.0,104.70505433217232,1.0,100.0,13.927411585311964,2873.2567024216373,72.95454720560453,97.36512267092176,50.0
51.11666666666667,0.0,104.68741037842668,1.0,100.0,13.912422031687344,2876.352413241806,72.96953675922914,97.3651060042551,50.0
51.13333333333333,0.0,104.66983258950758,1.0,100.0,13.897488688888817,2879.443155573595,72.98447010202767,97.36508933758843,50.0
51.15,0.0,104.65232071729693,1.0,100.0,13.882611346125785,2882.528919607758,72.9993474447907,97.36507267092178,50.0
51.166666666666664,0.0,104.63487451460706,1.0,100.0,13.867789793398114,2885.6096956367787,73.01416899751837,97.3650560042551,50.0
51.18333333333333,0.0,104.61749373517729,1.0,100.0,13.85302382149317,2888.685474054794,73.0289349694233,97.36503933758843,50.0
51.2,0.0,104.60017813367038,1.0,100.0,13.83831322198287,2891.756245357509,73.0436455689336,97.36502267092176,50.0
51.21666666666667,0.0,104.58292746566912,1.0,100.0,13.823657787220736,2894.822000142108,73.05830100369573,97.3650060042551,50.0
51.233333333333334,0.0,104.56574148767285,1.0,100.0,13.809057310338957,2897.882729107169,73.07290148057751,97.36498933758844,50.0
51.25,0.0,104.54861995709408,1.0,100.0,13.794511585245486,2900.938423052564,73.08744720567098,97.36497267092177,50.0
51.266666666666666,0.0,104.53156263225497,1.0,100.0,13.780020406621116,2903.989072879363,73.10193838429535,97.3649560042551,50.0
51.28333333333333,0.0,104.51456927238402,1.0,100.0,13.765583569916586,2907.034669589736,73.11637522099988,97.36493933758842,50.0
51.3,0.0,104.49763963761258,1.0,100.0,13.751200871349699,2910.0752042868407,73.13075791956678,97.36492267092176,50.0
51.31666666666667,0.0,104.48077348897154,1.0,100.0,13.736872107902437,2913.110668174721,73.14508668301404,97.3649060042551,50.0
51.333333333333336,0.0,104.4639705883879,1.0,100.0,13.722597077318103,2916.1410525581905,73.15936171359837,97.36488933758844,50.0
51.35,0.0,104.44723069868144,1.0,100.0,13.70837557809846,2919.1663488427175,73.17358321281802,97.36487267092177,50.0
51.36666666666667,0.0,104.43055358356138,1.0,100.0,13.69420740950089,2922.1865485343083,73.18775138141558,97.3648560042551,50.0
51.38333333333333,0.0,104.41393900762303,1.0,100.0,13.680092371535562,2925.201643239382,73.2018664193809,97.36483933758844,50.0
51.4,0.0,104.39738673634444,1.0,100.0,13.666030264962604,2928.211624664645,73.21592852595387,97.36482267092177,50.0
51.416666666666664,0.0,104.38089653608316,1.0,100.0,13.652020891289293,2931.2164846169644,73.22993789962717,97.3648060042551,50.0
51.43333333333333,0.0,104.36446817407284,1.0,100.0,13.638064052767259,2934.21621500323,73.24389473814921,97.36478933758843,50.0
51.45,0.0,104.34810141842007,1.0,100.0,13.624159552389681,2937.210807830224,73.25779923852679,97.36477267092177,50.0
51.46666666666667,0.0,104.33179603810099,1.0,100.0,13.61030719388852,2940.2002552044773,73.27165159702795,97.3647560042551,50.0
51.483333333333334,0.0,104.31555180295811,1.0,100.0,13.596506781731739,2943.184549332129,73.28545200918474,97.36473933758843,50.0
51.5,0.0,104.29936848369702,1.0,100.0,13.582758121120545,2946.1636825187793,73.29920066979594,97.36472267092176,50.0
51.516666666666666,0.0,104.28324585188317,1.0,100.0,13.569061017986643,2949.1376471693416,73.31289777292984,97.3647060042551,50.0
51.53333333333333,0.0,104.2671836799386,1.0,100.0,13.555415278989493,2952.1064357878886,73.326543511927,97.36468933758843,50.0
51.55,0.0,104.25118174113882,1.0,100.0,13.541820711513582,2955.0700409774972,73.3401380794029,97.36467267092178,50.0
51.56666666666667,0.0,104.23523980960955,1.0,100.0,13.528277123665706,2958.028455440089,73.35368166725078,97.3646560042551,50.0
51.583333333333336,0.0,104.21935766032351,1.0,100.0,13.51478432427226,2960.9816719762703,73.36717446664423,97.36463933758843,50.0
51.6,0.0,104.2035350690973,1.0,100.0,13.501342122876538,2963.929683485163,73.38061666803995,97.36462267092176,50.0
51.61666666666667,0.0,104.18777181258818,1.0,100.0,13.487950329736051,2966.8724829642415,73.39400846118043,97.3646060042551,50.0
51.63333333333333,0.0,104.17206766829098,1.0,100.0,13.474608755819842,2969.8100635091564,73.40735003509664,97.36458933758844,50.0
51.65,0.0,104.15642241453489,1.0,100.0,13.461317212805818,2972.742418313563,73.42064157811066,97.36457267092177,50.0
51.666666666666664,0.0,104.14083583048038,1.0,100.0,13.448075513078097,2975.669540668943,73.43388327783838,97.36455600425509,50.0
51.68333333333333,0.0,104.12530769611608,1.0,100.0,13.434883469724353,2978.591423964424,73.44707532119212,97.36453933758843,50.0
51.7,0.0,104.10983779225565,1.0,100.0,13.421740896533187,2981.508061686595,73.46021789438328,97.36452267092177,50.0
51.71666666666667,0.0,104.09442590053469,1.0,100.0,13.408647607991487,2984.4194474193214,73.47331118292497,97.3645060042551,50.0
51.733333333333334,0.0,104.07907180340769,1.0,100.0,13.39560341928182,2987.3255748435554,73.48635537163464,97.36448933758844,50.0
51.75,0.0,104.06377528414491,1.0,100.0,13.382608146279813,2990.2264377371434,73.49935064463665,97.36447267092177,50.0
51.766666666666666,0.0,104.04853612682936,1.0,100.0,13.369661605551563,2993.1220299746296,73.5122971853649,97.36445600425509,50.0
51.78333333333333,0.0,104.03335411635375,1.0,100.0,13.356763614351046,2996.0123455270596,73.52519517656542,97.36443933758844,50.0
51.8,0.0,104.01822903841742,1.0,100.0,13.34391399061753,2998.8973784617783,73.53804480029893,97.36442267092177,50.0
51.81666666666667,0.0,104.00316067952335,1.0,100.0,13.331112552973014,3001.7771229422283,73.55084623794345,97.3644060042551,50.0
51.833333333333336,0.0,103.98814882697513,1.0,100.0,13.318359120719665,3004.65157322774,73.5635996701968,97.36438933758843,50.0
51.85,0.0,103.97319326887398,1.0,100.0,13.305653513837266,3007.520723673324,73.57630527707919,97.36437267092177,50.0
51.86666666666667,0.0,103.9582937941157,1.0,100.0,13.292995552980676,3010.3845687294597,73.58896323793577,97.3643560042551,50.0
51.88333333333333,0.0,103.94345019238777,1.0,100.0,13.280385059477299,3013.24310294188,73.60157373143915,97.36433933758843,50.0
51.9,0.0,103.92866225416631,1.0,100.0,13.26782185532456,3016.096320951353,73.61413693559189,97.36432267092177,50.0
51.916666666666664,0.0,103.91392977071318,1.0,100.0,13.255305763187392,3018.9442174934634,73.62665302772905,97.3643060042551,50.0
51.93333333333333,0.0,103.89925253407301,1.0,100.0,13.24283660639574,3021.7867873983887,73.6391221845207,97.36428933758843,50.0
51.95,0.0,103.88463033707023,1.0,100.0,13.230414208942056,3024.6240255906728,73.65154458197439,97.36427267092176,50.0
51.96666666666667,0.0,103.87006297330622,1.0,100.0,13.218038395478823,3027.4559270890018,73.66392039543763,97.3642560042551,50.0
51.983333333333334,0.0,103.85555023715632,1.0,100.0,13.205708991316078,3030.282487005968,73.67624979960037,97.36423933758843,50.0
52.0,0.0,103.84109192376698,1.0,100.0,13.193425822418943,3033.1037005478424,73.68853296849751,97.36422267092176,50.0
52.016666666666666,0.0,103.82668782905286,1.0,100.0,13.181188715405172,3035.9195630143354,73.70077007551129,97.36420600425511,50.0
52.03333333333333,0.0,103.81233774969391,1.0,100.0,13.168997497542703,3038.7300697983596,73.70077007551129,97.36418933758844,0.0
52.05,0.0,103.79804148313256,1.0,100.0,13.156851996747218,3041.5352163857897,73.70077007551129,97.36417267092176,0.0
52.06666666666667,0.0,103.78379882757082,1.0,100.0,13.144752041579716,3044.33499835522,73.70077007551129,97.3641560042551,0.0
52.083333333333336,0.0,103.76960958196743,1.0,100.0,13.132697461244092,3047.129411377718,73.70077007551129,97.36413933758843,0.0
52.1,0.0,103.75547354603505,1.0,100.0,13.120688085584726,3049.9184512165766,73.71277945117065,97.36412267092177,50.0
52.11666666666667,0.0,103.74139052023742,1.0,100.0,13.108723745084085,3052.7021137270654,73.72474379167129,97.3641060042551,50.0
52.13333333333333,0.0,103.72736030578653,1.0,100.0,13.09680427086032,3055.4803948561776,73.73666326589505,97.36408933758844,50.0
52.15,0.0,103.71338270463983,1.0,100.0,13.084929494664893,3058.2532906423735,73.74853804209047,97.36407267092176,50.0
52.166666666666664,0.0,103.69945751949743,1.0,100.0,13.0730992488802,3061.020797215327,73.76036828787517,97.36405600425509,50.0
52.18333333333333,0.0,103.68558455379932,1.0,100.0,13.061313366517199,3063.7829107956627,73.77215417023817,97.36403933758844,50.0
52.2,0.0,103.67176361172257,1.0,100.0,13.04957168121306,3066.539627694697,73.78389585554231,97.36402267092177,50.0
52.21666666666667,0.0,103.65799449817861,1.0,100.0,13.03787402722881,3069.2909443141743,73.79559350952655,97.3640060042551,50.0
52.233333333333334,0.0,103.64427701881044,1.0,100.0,13.026220239447001,3072.0368571459985,73.80724729730836,97.36398933758844,50.0
52.25,0.0,103.6306109799899,1.0,100.0,13.014610153369375,3074.7773627719675,73.81885738338599,97.36397267092175,50.0
52.266666666666666,0.0,103.61699618881494,1.0,100.0,13.00304360511454,3077.5124578635036,73.83042393164082,97.3639560042551,50.0
52.28333333333333,0.0,103.60343245310688,1.0,100.0,12.99152043141566,3080.2421391813787,73.8419471053397,97.36393933758843,50.0
52.3,0.0,103.58991958140773,1.0,100.0,12.980040469618151,3082.9664035754417,73.8534270671372,97.36392267092177,50.0
52.31666666666667,0.0,103.57645738297745,1.0,100.0,12.968603557677383,3085.6852479843424,73.86486397907797,97.3639060042551,50.0
52.333333333333336,0.0,103.56304566779129,1.0,100.0,12.957209534156393,3088.3986694352516,73.87625800259896,97.36388933758843,50.0
52.35,0.0,103.54968424653707,1.0,100.0,12.945858238223606,3091.106665043583,73.88760929853174,97.36387267092177,50.0
52.36666666666667,0.0,103.53637293061256,1.0,100.0,12.934549509650568,3093.809232012707,73.89891802710478,97.3638560042551,50.0
52.38333333333333,0.0,103.52311153212275,1.0,100.0,12.923283188809679,3096.506367633672,73.91018434794567,97.36383933758843,50.0
52.4,0.0,103.5098998638773,1.0,100.0,12.912059116671943,3099.1980692849143,73.92140842008341,97.36382267092176,50.0
52.416666666666664,0.0,103.49673773938775,1.0,100.0,12.900877134804723,3101.8843344319694,73.93259040195063,97.36380600425511,50.0
52.43333333333333,0.0,103.48362497286504,1.0,100.0,12.889737085369505,3104.565160627185,73.94373045138585,97.36378933758843,50.0
52.45,0.0,103.4705613792168,1.0,100.0,12.87863881111967,3107.2405455094267,73.95482872563568,97.36377267092176,50.0
52.46666666666667,0.0,103.45754677404474,1.0,100.0,12.86758215539827,3109.910486803787,73.96588538135708,97.3637560042551,50.0
52.483333333333334,0.0,103.44458097364208,1.0,100.0,12.856566962135828,3112.5749823212864,73.97690057461952,97.36373933758843,50.0
52.5,0.0,103.43166379499091,1.0,100.0,12.845593075848118,3115.23402995858,73.98787446090724,97.36372267092177,50.0
52.516666666666666,0.0,103.41879505575969,1.0,100.0,12.834660341633988,3117.8876276976544,73.99880719512137,97.3637060042551,50.0
52.53333333333333,0.0,103.40597457430059,1.0,100.0,12.82376860517316,3120.5357736055316,74.0096989315822,97.36368933758843,50.0
52.55,0.0,103.39320216964695,1.0,100.0,12.812917712724062,3123.1784658339643,74.02054982403129,97.36367267092176,50.0
52.56666666666667,0.0,103.38047766151078,1.0,100.0,12.802107511121646,3125.8157026191307,74.0313600256337,97.36365600425509,50.0
52.583333333333336,0.0,103.36780087028012,1.0,100.0,12.791337847775239,3128.447482281332,74.04212968898011,97.36363933758844,50.0
52.6,0.0,103.35517161701657,1.0,100.0,12.780608570666383,3131.0738032246823,74.05285896608896,97.36362267092177,50.0
52.61666666666667,0.0,103.34258972345276,1.0,100.0,12.769919528346684,3133.6946639368016,74.06354800840866,97.3636060042551,50.0
52.63333333333333,0.0,103.33005501198981,1.0,100.0,12.759270569935683,3136.310062988505,74.07419696681966,97.36358933758844,50.0
52.65,0.0,103.31756730569485,1.0,100.0,12.748661545118726,3138.91999903349,74.08480599163661,97.36357267092176,50.0
52.666666666666664,0.0,103.3051264282985,1.0,100.0,12.73809230414483,3141.5244708080245,74.09537523261051,97.3635560042551,50.0
52.68333333333333,0.0,103.29273220419238,1.0,100.0,12.727562697824586,3144.1234771306317,74.10590483893075,97.36353933758843,50.0
52.7,0.0,103.28038445842665,1.0,100.0,12.717072577528045,3146.7170169017704,74.11639495922729,97.36352267092177,50.0
52.71666666666667,0.0,103.26808301670755,1.0,100.0,12.706621795182615,3149.3050891035236,74.12684574157272,97.3635060042551,50.0
52.733333333333334,0.0,103.25582770539489,1.0,100.0,12.696210203270981,3151.887692799273,74.13725733348436,97.36348933758843,50.0
52.75,0.0,103.24361835149966,1.0,100.0,12.685837654829015,3154.464827133382,74.14762988192632,97.36347267092177,50.0
52.766666666666666,0.0,103.23145478268154,1.0,100.0,12.675504003443706,3157.0364913308736,74.15796353331163,97.3634560042551,50.0
52.78333333333333,0.0,103.21933682724648,1.0,100.0,12.665209103251092,3159.6026846971045,74.16825843350425,97.36343933758843,50.0
52.8,0.0,103.20726431414431,1.0,100.0,12.654952808934201,3162.1634066174433,74.17851472782114,97.36342267092176,50.0
52.81666666666667,0.0,103.19523707296626,1.0,100.0,12.644734975720999,3164.718656556944,74.18873256103434,97.3634060042551,50.0
52.833333333333336,0.0,103.18325493394264,1.0,100.0,12.634555459382344,3167.268434060017,74.198912077373,97.36338933758843,50.0
52.85,0.0,103.17131772794035,1.0,100.0,12.62441411622996,3169.8127387501036,74.20905342052538,97.36337267092176,50.0
52.86666666666667,0.0,103.15942528646057,1.0,100.0,12.614310803114398,3172.3515703293433,74.21915673364094,97.3633560042551,50.0
52.88333333333333,0.0,103.14757744163634,1.0,100.0,12.60424537742302,3174.8849285782453,74.22922215933232,97.36333933758843,50.0
52.9,0.0,103.13577402623021,1.0,100.0,12.594217697077983,3177.4128133553554,74.23924983967736,97.36332267092178,50.0
52.916666666666664,0.0,103.12401487363185,1.0,100.0,12.584227620534241,3179.9352245969235,74.2492399162211,97.36330600425511,50.0
52.93333333333333,0.0,103.11229981785573,1.0,100.0,12.574275006777539,3182.4521623165683,74.25919252997781,97.36328933758843,50.0
52.95,0.0,103.10062869353877,1.0,100.0,12.564359715322423,3184.9636266049433,74.26910782143293,97.36327267092176,50.0
52.96666666666667,0.0,103.089001335938,1.0,100.0,12.554481606210263,3187.4696176293996,74.27898593054509,97.36325600425509,50.0
52.983333333333334,0.0,103.07741758092823,1.0,100.0,12.544640540007276,3189.9701356336473,74.28882699674809,97.36323933758844,50.0
53.0,0.0,103.06587726499974,1.0,100.0,12.534836377802549,3192.4651809374195,74.29863115895282,97.36322267092177,50.0
53.016666666666666,0.0,103.054380225256,1.0,100.0,12.52506898120609,3194.95475393613,74.30839855554927,97.3632060042551,50.0
53.03333333333333,0.0,103.04292629941129,1.0,100.0,12.515338212346867,3197.4388551005363,74.30839855554927,97.36318933758842,0.0
53.05,0.0,103.0315153257885,1.0,100.0,12.505643933870866,3199.917484976394,74.30839855554927,97.36317267092177,0.0
53.06666666666667,0.0,103.02014714331679,1.0,100.0,12.49598600893915,3202.3906441841173,74.30839855554927,97.3631560042551,0.0
53.083333333333336,0.0,103.00882159152935,1.0,100.0,12.486364301225928,3204.858333418434,74.30839855554927,97.36313933758844,0.0
53.1,0.0,102.99753851056111,1.0,100.0,12.47677867491663,3207.320553448044,74.31798418185858,97.36312267092177,50.0
53.11666666666667,0.0,102.98629774114652,1.0,100.0,12.467228994705993,3209.7773051152703,74.32753386206922,97.3631060042551,50.0
53.13333333333333,0.0,102.97509912461722,1.0,100.0,12.457715125796145,3212.2285893357157,74.33704773097907,97.36308933758843,50.0
53.15,0.0,102.9639425028999,1.0,100.0,12.44823693389471,3214.674407097916,74.3465259228805,97.36307267092177,50.0
53.166666666666664,0.0,102.95282771851402,1.0,100.0,12.438794285212905,3217.1147594629924,74.3559685715623,97.3630560042551,50.0
53.18333333333333,0.0,102.94175461456959,1.0,100.0,12.429387046463658,3219.5496475643013,74.36537581031155,97.36303933758843,50.0
53.2,0.0,102.93072303476495,1.0,100.0,12.420015084859719,3221.979072607088,74.37474777191548,97.36302267092177,50.0
53.21666666666667,0.0,102.91973282338458,1.0,100.0,12.410678268111795,3224.4030358681352,74.3840845886634,97.3630060042551,50.0
53.233333333333334,0.0,102.90878382529688,1.0,100.0,12.401376464426676,3226.8215386954125,74.39338639234852,97.36298933758843,50.0
53.25,0.0,102.89787588595202,1.0,100.0,12.392109542505375,3229.2345825077264,74.40265331426981,97.36297267092176,50.0
53.266666666666666,0.0,102.8870088513797,1.0,100.0,12.38287737154128,3231.6421687943675,74.41188548523391,97.3629560042551,50.0
53.28333333333333,0.0,102.87618256818703,1.0,100.0,12.3736798212183,3234.044299114758,74.42108303555689,97.36293933758843,50.0
53.3,0.0,102.86539688355633,1.0,100.0,12.364516761709032,3236.440975098098,74.43024609506615,97.36292267092178,50.0
53.31666666666667,0.0,102.854651645243,1.0,100.0,12.355388063672923,3238.832198443015,74.43937479310226,97.3629060042551,50.0
53.333333333333336,0.0,102.84394670157333,1.0,100.0,12.34629359825445,3241.2179709172046,74.44846925852073,97.36288933758843,50.0
53.35,0.0,102.83328190144243,1.0,100.0,12.337233237081296,3243.5982943570793,74.45752961969389,97.36287267092176,50.0
53.36666666666667,0.0,102.82265709431202,1.0,100.0,12.328206852262541,3245.9731706674124,74.46655600451264,97.3628560042551,50.0
53.38333333333333,0.0,102.81207213020835,1.0,100.0,12.319214316386857,3248.342601820981,74.47554854038832,97.36283933758844,50.0
53.4,0.0,102.80152685972007,1.0,100.0,12.310255502520706,3250.706589858211,74.48450735425446,97.36282267092177,50.0
53.416666666666664,0.0,102.79102113399613,1.0,100.0,12.301330284206554,3253.0651368868184,74.49343257256861,97.36280600425509,50.0
53.43333333333333,0.0,102.78055480474364,1.0,100.0,12.292438535461079,3255.418245081455,74.50232432131408,97.36278933758842,50.0
53.45,0.0,102.77012772422586,1.0,100.0,12.2835801307734,3257.7659166833478,74.51118272600176,97.36277267092177,50.0
53.46666666666667,0.0,102.75973974526,1.0,100.0,12.2747549451033,3260.1081539999404,74.52000791167187,97.3627560042551,50.0
53.483333333333334,0.0,102.74939072121528,1.0,100.0,12.265962853879463,3262.444959404538,74.52880000289571,97.36273933758844,50.0
53.5,0.0,102.73908050601072,1.0,100.0,12.257203732997715,3264.7763353359464,74.53755912377746,97.36272267092177,50.0
53.516666666666666,0.0,102.72880895411318,1.0,100.0,12.248477458819274,3267.10228429811,74.5462853979559,97.3627060042551,50.0
53.53333333333333,0.0,102.71857592053526,1.0,100.0,12.239783908169,3269.422808859758,74.55497894860618,97.36268933758844,50.0
53.55,0.0,102.70838126083325,1.0,100.0,12.231122958333668,3271.7379116540387,74.56363989844151,97.36267267092177,50.0
53.56666666666667,0.0,102.69822483110512,1.0,100.0,12.222494487060217,3274.0475953781634,74.57226836971496,97.3626560042551,50.0
53.583333333333336,0.0,102.68810648798848,1.0,100.0,12.213898372554041,3276.351862793044,74.58086448422114,97.36263933758843,50.0
53.6,0.0,102.67802608865853,1.0,100.0,12.205334493477263,3278.6507167229324,74.58942836329791,97.36262267092177,50.0
53.61666666666667,0.0,102.66798349082606,1.0,100.0,12.196802728947024,3280.9441600550604,74.59796012782815,97.3626060042551,50.0
53.63333333333333,0.0,102.65797855273546,1.0,100.0,12.188302958533772,3283.232195739277,74.6064598982414,97.36258933758843,50.0
53.65,0.0,102.6480111331627,1.0,100.0,12.17983506225957,3285.514826787688,74.6149277945156,97.36257267092176,50.0
53.666666666666664,0.0,102.63808109141334,1.0,100.0,12.171398920596397,3287.7920562742947,74.62336393617876,97.3625560042551,50.0
53.68333333333333,0.0,102.62818828732054,1.0,100.0,12.16299441446446,3290.063887334632,74.6317684423107,97.36253933758843,50.0
53.7,0.0,102.6183325812431,1.0,100.0,12.15462142523052,3292.3303231654054,74.64014143154465,97.36252267092176,50.0
53.71666666666667,0.0,102.60851383406343,1.0,100.0,12.146279834706206,3294.591367024131,74.64848302206896,97.3625060042551,50.0
53.733333333333334,0.0,102.5987319071857,1.0,100.0,12.137969525146358,3296.8470222287724,74.6567933316288,97.36248933758843,50.0
53.75,0.0,102.58898666253374,1.0,100.0,12.12969037924736,3299.0972921573775,74.6650724775278,97.36247267092176,50.0
53.766666666666666,0.0,102.57927796254924,1.0,100.0,12.121442280145484,3301.342180247718,74.67332057662968,97.36245600425511,50.0
53.78333333333333,0.0,102.56960567018969,1.0,100.0,12.113225111415238,3303.5816899969263,74.68153774535992,97.36243933758844,50.0
53.8,0.0,102.55996964892648,1.0,100.0,12.105038757067732,3305.815824961134,74.68972409970742,97.36242267092177,50.0
53.81666666666667,0.0,102.550369762743,1.0,100.0,12.096883101549027,3308.0445887551073,74.69787975522613,97.36240600425509,50.0
53.833333333333336,0.0,102.54080587613272,1.0,100.0,12.088758029738518,3310.2679850518884,74.70600482703664,97.36238933758843,50.0
53.85,0.0,102.53127785409723,1.0,100.0,12.080663426947298,3312.486017582429,74.71409942982785,97.36237267092177,50.0
53.86666666666667,0.0,102.52178556214436,1.0,100.0,12.072599178916546,3314.6986901352325,74.7221636778586,97.3623560042551,50.0
53.88333333333333,0.0,102.51232886628632,1.0,100.0,12.064565171815909,3316.9060065559875,74.73019768495924,97.36233933758844,50.0
53.9,0.0,102.50290763303775,1.0,100.0,12.056561292241899,3319.1079707472095,74.73820156453324,97.36232267092177,50.0
53.916666666666664,0.0,102.49352172941386,1.0,100.0,12.048587427216292,3321.304586667875,74.74617542955885,97.36230600425509,50.0
53.93333333333333,0.0,102.48417102292855,1.0,100.0,12.040643464184532,3323.495858333063,74.75411939259061,97.36228933758844,50.0
53.95,0.0,102.47485538159256,1.0,100.0,12.03272929101414,3325.6817898135937,74.762033565761,97.36227267092177,50.0
53.96666666666667,0.0,102.46557467391159,1.0,100.0,12.024844795993138,3327.862385235662,74.769918060782,97.3622560042551,50.0
53.983333333333334,0.0,102.45632876888442,1.0,100.0,12.016989867828464,3330.037648780481,74.77777298894668,97.36223933758843,50.0
54.0,0.0,102.4471175360011,1.0,100.0,12.009164395644408,3332.2075846839184,74.78559846113073,97.36222267092177,50.0
54.016666666666666,0.0,102.4379408452411,1.0,100.0,12.001368268981041,3334.3721972361363,74.7933945877941,97.36228890713151,50.0
54.03333333333333,0.0,102.42879856707145,1.0,100.0,11.993601377792663,3336.5314907812294,74.7933945877941,97.3624380446393,0.0
54.05,0.0,102.41969057244494,1.0,100.0,11.98586361244624,3338.6854697168656,74.7933945877941,97.36267008028851,0.0
54.06666666666667,0.0,102.41061673279826,1.0,100.0,11.978154863719867,3340.834138493923,74.7933945877941,97.36298500934414,0.0
54.083333333333336,0.0,102.40157692005026,1.0,100.0,11.970475022801217,3342.9775016161348,74.7933945877941,97.36338282549313,0.0
54.1,0.0,102.39257100660008,1.0,100.0,11.962823981286013,3345.1155636397234,74.8010456293093,97.36386352084432,50.0
54.11666666666667,0.0,102.38359886532533,1.0,100.0,11.95520163117649,3347.2483291730446,74.80866797941883,97.36442708592864,50.0
54.13333333333333,0.0,102.37466036958035,1.0,100.0,11.947607864879878,3349.3758028762268,74.81626174571544,97.36507350969931,50.0
54.15,0.0,102.36575539319443,1.0,100.0,11.940042575206878,3351.497989460813,74.82382703538843,97.36580277953207,50.0
54.166666666666664,0.0,102.35688381046995,1.0,100.0,11.932505655370152,3353.614893689402,74.83136395522516,97.36661488122535,50.0
54.18333333333333,0.0,102.34804549618069,1.0,100.0,11.924996998982815,3355.7265203752886,74.8388726116125,97.36750979900059,50.0
54.2,0.0,102.33924032557002,1.0,100.0,11.91751650005693,3357.832874382108,74.84635311053839,97.36848751550252,50.0
54.21666666666667,0.0,102.33046817434914,1.0,100.0,11.910064053002017,3359.933960623476,74.8538055575933,97.36954801179957,50.0
54.233333333333334,0.0,102.32172891869533,1.0,100.0,11.90263955262356,3362.0297840626345,74.86123005797177,97.37069126738407,50.0
54.25,0.0,102.31302243525022,1.0,100.0,11.895242894121521,3364.120349712091,74.8686267164738,97.37191726017278,50.0
54.266666666666666,0.0,102.30434860111804,1.0,100.0,11.887873973088865,3366.205662633266,74.87599563750645,97.37322596650726,50.0
54.28333333333333,0.0,102.29570729386384,1.0,100.0,11.880532685510083,3368.2857279361338,74.88333692508523,97.3746173611543,50.0
54.3,0.0,102.28709839151185,1.0,100.0,11.873218927759721,3370.36055077887,74.8906506828356,97.37609141730647,50.0
54.31666666666667,0.0,102.27852177254368,1.0,100.0,11.865932596600922,3372.4301363674954,74.8979370139944,97.37764810658255,50.0
54.333333333333336,0.0,102.26997731589664,1.0,100.0,11.858673589183969,3374.4944899555207,74.90519602141134,97.37928739902809,50.0
54.35,0.0,102.26146490096203,1.0,100.0,11.851441803044828,3376.5536168435924,74.91242780755049,97.38100926311601,50.0
54.36666666666667,0.0,102.25298440758341,1.0,100.0,11.844237136103711,3378.60752237914,74.9196324744916,97.38281366574722,50.0
54.38333333333333,0.0,102.24453571605497,1.0,100.0,11.837059486663623,3380.656211956024,74.9268101239317,97.38470057225119,50.0
54.4,0.0,102.23611870711976,1.0,100.0,11.829908753408935,3382.699691014181,74.93396085718639,97.38666994638663,50.0
54.416666666666664,0.0,102.22773326196805,1.0,100.0,11.82278483540395,3384.737965039274,74.94108477519137,97.38872175034214,50.0
54.43333333333333,0.0,102.21937926223568,1.0,100.0,11.815687632091485,3386.77103956234,74.94818197850384,97.39085594473707,50.0
54.45,0.0,102.21105659000229,1.0,100.0,11.808617043291443,3388.7989201594364,74.95525256730389,97.3930724886221,50.0
54.46666666666667,0.0,102.20276512778977,1.0,100.0,11.8015729691994,3390.821612451298,74.96229664139592,97.39537133948012,50.0
54.483333333333334,0.0,102.19450475856057,1.0,100.0,11.794555310385203,3392.8391221029788,74.96931430021012,97.39775245322703,50.0
54.5,6.46,102.38815036571597,1.0,100.0,11.78756396779156,3394.85145482351,74.97630564280377,97.40021578421255,50.0
54.516666666666666,6.46,102.58106980184454,1.0,100.0,11.779955701139722,3397.044072161551,74.98391390945561,97.40276128522109,50.0
54.53333333333333,6.46,102.77326579008762,1.0,100.0,11.771732823894908,3399.417000329264,74.99213678670043,97.40538890747264,50.0
54.55,6.46,102.96474104337479,1.0,100.0,11.762897640846841,3401.970322849926,75.00097196974849,97.40809860062382,50.0
54.56666666666667,6.46,103.15549826446212,1.0,100.0,11.753452448142284,3404.704180447621,75.01041716245305,97.41089031276863,50.0
54.583333333333336,6.46,103.34554014597039,1.0,100.0,11.743399533317449,3407.618770982729,75.02047007727789,97.41376399043956,50.0
54.6,6.46,103.534869370423,1.0,100.0,11.732741175330286,3410.7143494329957,75.03112843526506,97.41671957860866,50.0
54.61666666666667,6.46,103.72348861028391,1.0,100.0,11.721479644592655,3413.9912279200166,75.04238996600269,97.41975702068846,50.0
54.63333333333333,6.46,103.91140052799534,1.0,100.0,11.70961720300237,3417.4497757810486,75.05425240759297,97.42287625853315,50.0
54.65,6.46,104.09860777601536,1.0,100.0,11.697156103975129,3421.0904196861225,75.06671350662022,97.42607723243964,50.0
54.666666666666664,6.46,104.2851129968553,1.0,100.0,11.68409859247632,3424.9136438005,75.07977101811903,97.42935988114864,50.0
54.68333333333333,6.46,104.4709188231171,1.0,100.0,11.67044690505271,3428.919989992587,75.09342270554264,97.43272414184597,50.0
54.7,6.46,104.65602787753042,1.0,100.0,11.656203269864019,3433.1100580874822,75.10766634073133,97.43616995016366,50.0
54.71666666666667,6.46,104.84044277298968,1.0,100.0,11.641369906714365,3437.484506166395,75.12249970388098,97.43969724018116,50.0
54.733333333333334,6.46,105.02416611259096,1.0,100.0,11.625949027083601,3442.0440509122664,75.13792058351174,97.44330594442665,50.0
54.75,6.46,105.20720048966875,1.0,100.0,11.609942834158533,3446.7894680019517,75.1539267764368,97.44699599387829,50.0
54.766666666666666,6.46,105.3895484878325,1.0,100.0,11.593353522864012,3451.7215925454316,75.17051608773133,97.45076731796554,50.0
54.78333333333333,6.46,105.57121268100313,1.0,100.0,11.576183279893927,3456.8413195725625,75.18768633070141,97.45461984457054,50.0
54.8,6.46,105.75219563344938,1.0,100.0,11.55843428374206,3462.1496045679633,75.20543532685328,97.45855350002942,50.0
54.81666666666667,6.46,105.93249989982394,1.0,100.0,11.54010870473284,3467.6474640546967,75.22376090586249,97.46256820913372,50.0
54.833333333333336,6.46,106.1121280251996,1.0,100.0,11.521208705051984,3473.335976227487,75.24266090554335,97.4666638951319,50.0
54.85,6.46,106.2910825451051,1.0,100.0,11.501736438777012,3479.2162816362884,75.26213317181832,97.47084047973063,50.0
54.86666666666667,6.46,106.46936598556096,1.0,100.0,11.48169405190765,3485.2895839210805,75.28217555868768,97.47509788309651,50.0
54.88333333333333,6.46,106.6469808631151,1.0,100.0,11.46108368239613,3491.557150598881,75.3027859281992,97.47943602385736,50.0
54.9,6.46,106.82392968487842,1.0,100.0,11.439907460177356,3498.020313904005,75.32396215041797,97.48385481910395,50.0
54.916666666666664,6.46,107.00021494856013,1.0,100.0,11.418167507198982,3504.6804716827132,75.34570210339635,97.48835418439148,50.0
54.93333333333333,6.46,107.17583914250302,1.0,100.0,11.395865937451356,3511.539088343472,75.36800367314397,97.4929340337412,50.0
54.95,6.46,107.35080474571863,1.0,100.0,11.373004856997364,3518.597695864119,75.39086475359797,97.4975942796421,50.0
54.96666666666667,6.46,107.52511422792219,1.0,100.0,11.349586364002153,3525.8578948573536,75.41428324659317,97.50233483305246,50.0
54.983333333333334,6.46,107.69877004956749,1.0,100.0,11.325612548762756,3533.3213556960272,75.43825706183257,97.5071556034017,50.0
55.0,6.46,107.8717746618816,1.0,100.0,11.301085493737585,3540.989819699843,75.46278411685775,97.51205649859197,50.0
55.016666666666666,6.46,108.04413050689955,1.0,100.0,11.276007273575837,3548.865100385147,75.4878623370195,97.51703742500001,50.0
55.03333333333333,6.46,108.21584001749868,1.0,100.0,11.250379955146776,3556.9490847796246,75.4878623370195,97.52209828747883,0.0
55.05,6.46,108.38690561743306,1.0,100.0,11.224205597568904,3565.2437348038075,75.4878623370195,97.5272389893596,0.0
55.06666666666667,6.46,108.55732972136768,1.0,100.0,11.19748625223903,3573.75108872142,75.4878623370195,97.53245943245345,0.0
55.083333333333336,6.46,108.72711473491255,1.0,100.0,11.17022396286122,3582.473262660717,75.4878623370195,97.53775951705337,0.0
55.1,6.46,108.89626305465663,1.0,100.0,11.142420765475658,3591.4124522090847,75.51566553440506,97.54313914193608,50.0
55.11666666666667,6.46,109.06477706820166,1.0,100.0,11.114078688487371,3600.5709340833077,75.54400761139334,97.54859820436397,50.0
55.13333333333333,6.46,109.23265915419591,1.0,100.0,11.085199752694871,3609.951067878051,75.57288654718585,97.55413660008702,50.0
55.15,6.46,109.39991168236767,1.0,100.0,11.055785971318672,3619.555297895239,75.60230032856205,97.55975422334488,50.0
55.166666666666664,6.46,109.5665370135588,1.0,100.0,11.025839350029713,3629.3861550571673,75.63224694985101,97.5654509668688,50.0
55.18333333333333,6.46,109.73253749975795,1.0,100.0,10.995361886977667,3639.4462589063523,75.66272441290306,97.57122672188366,50.0
55.2,6.46,109.89791548413386,1.0,100.0,10.964355572819146,3649.7383196952646,75.69373072706158,97.57708137811014,50.0
55.21666666666667,6.46,110.06267330106836,1.0,100.0,10.9328223907458,3660.2651405692995,75.72526390913492,97.58301482376666,50.0
55.233333333333334,6.46,110.22681327618935,1.0,100.0,10.900764316512308,3671.02961984649,75.75732198336841,97.58902694557169,50.0
55.25,6.46,110.39033772640364,1.0,100.0,10.868183318464272,3682.0347533976787,75.78990298141645,97.59511762874578,50.0
55.266666666666666,6.46,110.55324895992963,1.0,100.0,10.835081357565995,3693.2836371310673,75.82300494231472,97.60128675701381,50.0
55.28333333333333,6.46,110.7155492763299,1.0,100.0,10.801460387428166,3704.7794695852635,75.85662591245256,97.60753421260713,50.0
55.3,6.46,110.87724096654365,1.0,100.0,10.767322354335434,3716.525554635188,75.89076394554529,97.61385987626589,50.0
55.31666666666667,6.46,111.03832631291911,1.0,100.0,10.732669197273879,3728.5253043154235,75.92541710260684,97.62026362724129,50.0
55.333333333333336,6.46,111.19880758924566,1.0,100.0,10.697502847958384,3740.7822417658526,75.96058345192233,97.6267453432978,50.0
55.35,6.46,111.358687060786,1.0,100.0,10.661825230859902,3753.3000043046936,75.99626106902082,97.6333049007156,50.0
55.36666666666667,6.46,111.51796698430805,1.0,100.0,10.62563826323262,3766.0823466343045,76.0324480366481,97.63994217429287,50.0
55.38333333333333,6.46,111.67664960811689,1.0,100.0,10.58894385514102,3779.1331441854572,76.06914244473971,97.64665703734815,50.0
55.4,6.46,111.83473717208645,1.0,100.0,10.551743909486841,3792.4563966060555,76.10634239039389,97.65344936172285,50.0
55.416666666666664,6.46,111.99223190769112,1.0,100.0,10.514040322035946,3806.056231400626,76.14404597784478,97.66031901778356,50.0
55.43333333333333,6.46,112.14913603803728,1.0,100.0,10.475834981445072,3819.9369077272613,76.18225131843566,97.66726587442466,50.0
55.45,6.46,112.30545177789465,1.0,100.0,10.437129769288493,3834.102820359045,76.22095653059225,97.67428979907069,50.0
55.46666666666667,6.46,112.46118133372754,1.0,100.0,10.397926560084581,3848.5585038174036,76.26015973979617,97.68139065767893,50.0
55.483333333333334,6.46,112.61632690372606,1.0,100.0,10.358227221322263,3863.308636685231,76.29985907855848,97.68856831474196,50.0
55.5,6.46,112.77089067783709,1.0,100.0,10.318033613487383,3878.358046108074,76.34005268639336,97.69582263329023,50.0
55.516666666666666,6.46,112.9248748377952,1.0,100.0,10.277347590088965,3893.7117124921483,76.38073870979179,97.70315347489466,50.0
55.53333333333333,6.46,113.07828155715347,1.0,100.0,10.23617099768537,3909.3747744084303,76.42191530219539,97.71056069966929,50.0
55.55,6.46,113.23111300131414,1.0,100.0,10.194505675910369,3925.3525337126107,76.46358062397039,97.71804416627393,50.0
55.56666666666667,6.46,113.38337132755922,1.0,100.0,10.152353457499103,3941.650460891264,76.50573284238165,97.72560373191685,50.0
55.583333333333336,6.46,113.53505868508087,1.0,100.0,10.109716168313959,3958.2742006451576,76.5483701315668,97.73323925235749,50.0
55.6,6.46,113.68617721501181,1.0,100.0,10.066595627370338,3975.2295777212885,76.59149067251042,97.74095058190926,50.0
55.61666666666667,6.46,113.83672905045552,1.0,100.0,10.022993646862336,3992.522603005895,76.63509265301842,97.74873757344226,50.0
55.63333333333333,6.46,113.98671631651631,1.0,100.0,9.978912032188319,4010.1594798914016,76.67917426769243,97.75660007838607,50.0
55.65,6.46,114.13614113032938,1.0,100.0,9.934352581976409,4028.1466109310463,76.72373371790434,97.76453794673262,50.0
55.666666666666664,6.46,114.28500560109065,1.0,100.0,9.889317088109873,4046.490604795719,76.76876921177087,97.77255102703903,50.0
55.68333333333333,6.46,114.43331183008655,1.0,100.0,9.843807335752416,4065.1982835484496,76.81427896412833,97.78063916643049,50.0
55.7,6.46,114.58106191072373,1.0,100.0,9.797825103373379,4084.276690252875,76.86026119650737,97.78880221060318,50.0
55.71666666666667,6.46,114.72825792855852,1.0,100.0,9.751372162772842,4103.733096933032,76.9067141371079,97.79704000382719,50.0
55.733333333333334,6.46,114.87490196132643,1.0,100.0,9.704450279106638,4123.575012902865,76.9536360207741,97.80535238894953,50.0
55.75,6.46,115.02099607897145,1.0,100.0,9.657061210911262,4143.8101934849665,77.00102508896947,97.81373920739703,50.0
55.766666666666666,6.46,115.1665423436753,1.0,100.0,9.6092067101287,4164.446649139302,77.04887958975203,97.82220029917946,50.0
55.78333333333333,6.46,115.31154280988652,1.0,100.0,9.56088852213115,4185.492655023913,77.09719777774959,97.83073550289251,50.0
55.8,6.46,115.45599952434944,1.0,100.0,9.51210838574567,4206.95676101102,77.14597791413506,97.8393446557209,50.0
55.81666666666667,6.46,115.59991452613313,1.0,100.0,9.462868033278715,4228.847802183412,77.19521826660201,97.84802759344146,50.0
55.833333333333336,6.46,115.74328984666013,1.0,100.0,9.413169190540591,4251.1749098375885,77.24491710934014,97.85678415042625,50.0
55.85,6.46,115.88612750973516,1.0,100.0,9.363013576869815,4273.947523021815,77.29507272301092,97.86561415964576,50.0
55.86666666666667,6.46,116.02842953157365,1.0,100.0,9.312402905157384,4297.175400639097,77.34568339472335,97.87451745267202,50.0
55.88333333333333,6.46,116.17019792083025,1.0,100.0,9.261338881870955,4320.868634147012,77.39674741800978,97.88349385968186,50.0
55.9,6.46,116.31143467862714,1.0,100.0,9.20982320707893,4345.037660888447,77.44826309280181,97.89254320946013,50.0
55.916666666666664,6.46,116.45214179858229,1.0,100.0,9.157857574474454,4369.693278089538,77.50022872540629,97.90166532940293,50.0
55.93333333333333,6.46,116.5923212668376,1.0,100.0,9.105443671399325,4394.846657563536,77.55264262848142,97.91086004552095,50.0
55.95,6.46,116.73197506208696,1.0,100.0,9.052583178867806,4420.509361161954,77.60550312101294,97.92012718244271,50.0
55.96666666666667,6.46,116.87110515560413,1.0,100.0,8.99927777159036,4446.693357017085,77.6588085282904,97.929466563418,50.0
55.983333333333334,6.46,117.00971351127062,1.0,100.0,8.945529117997285,4473.411036623102,77.71255718188347,97.93887801032119,50.0
56.0,6.46,117.14780208560336,1.0,100.0,8.891338880262264,4500.675232806109,77.7667474196185,97.94836134365451,50.0
56.016666666666666,6.46,117.28537282778235,1.0,100.0,8.836708714325828,4528.499238637104,77.82137758555493,97.95791638255172,50.0
56.03333333333333,6.46,117.42242767967817,1.0,100.0,8.781640269918734,4556.896827345525,77.82137758555493,97.9675429447813,0.0
56.05,6.46,117.55896857587938,1.0,100.0,8.726135190585246,4585.882273295207,77.82137758555493,97.9772408467501,0.0
56.06666666666667,6.46,117.69499744371983,1.0,100.0,8.670195113706338,4615.470374088949,77.82137758555493,97.98700990350673,0.0
56.083333333333336,6.46,117.83051620330588,1.0,100.0,8.613821670522807,4645.676473872669,77.82137758555493,97.9968499287451,0.0
56.1,6.46,117.96552676754348,1.0,100.0,8.557016486158293,4676.516487915308,77.87818276991945,98.00676073480805,50.0
56.11666666666667,6.46,118.1000310421652,1.0,100.0,8.499781179642225,4708.006928546221,77.93541807643551,98.01674213269078,50.0
56.13333333333333,6.46,118.23403092575708,1.0,100.0,8.442117363932672,4740.164932537832,77.99308189214506,98.02679393204454,50.0
56.15,6.46,118.3675283097855,1.0,100.0,8.384026645939109,4773.008290027924,78.05117261013862,98.03691594118027,50.0
56.166666666666664,6.46,118.50052507862381,1.0,100.0,8.325510626545102,4806.555475083038,78.10968862953263,98.0471079670722,50.0
56.18333333333333,6.46,118.63302310957897,1.0,100.0,8.266570900630901,4840.825678012185,78.16862835544683,98.05736981536151,50.0
56.2,6.46,118.76502427291805,1.0,100.0,8.207209057095959,4875.838839548462,78.22799019898177,98.06770129036013,50.0
56.21666666666667,6.46,118.89653043189462,1.0,100.0,8.147426678881352,4911.615687025335,78.28777257719638,98.07810219505436,50.0
56.233333333333334,6.46,119.02754344277501,1.0,100.0,8.08722534299213,4948.177772684245,78.3479739130856,98.08857233110861,50.0
56.25,6.46,119.1580651548646,1.0,100.0,8.026606620519573,4985.547514261018,78.40859263555815,98.09911149886932,50.0
56.266666666666666,6.46,119.28809741053387,1.0,100.0,7.965572076663367,5023.748238010394,78.46962717941436,98.10971949736859,50.0
56.28333333333333,6.46,119.41764204524436,1.0,100.0,7.9041232707537015,5062.804224340815,78.53107598532402,98.12039612432814,50.0
56.3,6.46,119.5467008875747,1.0,100.0,7.842261756273277,5102.740756245668,78.59293749980445,98.13114117616303,50.0
56.31666666666667,6.46,119.67527575924629,1.0,100.0,7.779989080879234,5143.584170732534,78.65521017519849,98.1419544479857,50.0
56.333333333333336,6.46,119.80336847514911,1.0,100.0,7.717306786424998,5185.361913468787,78.71789246965272,98.15283573360969,50.0
56.35,6.46,119.93098084336731,1.0,100.0,7.654216408982045,5228.102596880241,78.78098284709567,98.16378482555372,50.0
56.36666666666667,6.46,120.05811466520468,1.0,100.0,7.590719478861582,5271.836061959693,78.84447977721614,98.17480151504557,50.0
56.38333333333333,6.46,120.18477173521016,1.0,100.0,7.526817520636151,5316.593444064288,78.90838173544157,98.18588559202601,50.0
56.4,6.46,120.31095384120313,1.0,100.0,7.462512053161146,5362.407243004858,78.97268720291657,98.19703684515291,50.0
56.416666666666664,6.46,120.43666276429862,1.0,100.0,7.397804589596251,5409.311397757046,79.03739466648148,98.20825506180515,50.0
56.43333333333333,6.46,120.5619002789325,1.0,100.0,7.332696637426804,5457.341366153283,79.10250261865092,98.21954002808675,50.0
56.45,6.46,120.6866681528865,1.0,100.0,7.267189698485073,5506.534209946987,79.16800955759265,98.23089152883092,50.0
56.46666666666667,6.46,120.81096814731318,1.0,100.0,7.201285268971452,5556.928685675849,79.23391398710628,98.24230934760415,50.0
56.483333333333334,6.46,120.93480201676076,1.0,100.0,7.134984839475587,5608.565341790353,79.30021441660215,98.2537932667103,50.0
56.5,6.46,121.0581715091979,1.0,100.0,7.068289894997411,5661.486622556959,79.36690936108032,98.2653430671948,50.0
56.516666666666666,6.46,121.1810783660384,1.0,100.0,7.001201914968108,5715.736979293314,79.43399734110962,98.2769585288488,50.0
56.53333333333333,6.46,121.30352432216576,1.0,100.0,6.933722373270995,5771.362989545871,79.50147688280673,98.28863943021334,50.0
56.55,6.46,121.42551110595764,1.0,100.0,6.865852738262325,5828.413484879122,79.5693465178154,98.30038554858355,50.0
56.56666666666667,6.46,121.5470404393103,1.0,100.0,6.797594472792018,5886.93968801083,79.63760478328571,98.312196660013,50.0
56.583333333333336,6.46,121.66811403766287,1.0,100.0,6.7289490342243035,5946.99536010016,79.70625022185342,98.32407253931783,50.0
56.6,6.46,121.78873361002164,1.0,100.0,6.659917874458298,6008.636959076207,79.77528138161944,98.3360129600811,50.0
56.61666666666667,6.46,121.90890085898405,1.0,100.0,6.590502439948494,6071.923809984223,79.84469681612924,98.34801769465713,50.0
56.63333333333333,6.46,122.02861748076286,1.0,100.0,6.520704171725182,6136.918288426981,79.91449508435255,98.36008651417575,50.0
56.65,6.46,122.14788516521,1.0,100.0,6.450524505414787,6203.686018290566,79.98467475066295,98.3722191885467,50.0
56.666666666666664,6.46,122.26670559584046,1.0,100.0,6.379964871260135,6272.2960850689515,80.0552343848176,98.38441548646408,50.0
56.68333333333333,6.46,122.38508044985606,1.0,100.0,6.309026694140644,6342.821266241785,80.12617256193708,98.3966751754106,50.0
56.7,6.46,122.50301139816911,1.0,100.0,6.23771139359243,6415.338280316898,80.19748786248529,98.40899802166221,50.0
56.71666666666667,6.46,122.62050010542598,1.0,100.0,6.166020383828351,6489.928056325474,80.26917887224937,98.42138379029234,50.0
56.733333333333334,6.46,122.73754823003063,1.0,100.0,6.093955073757967,6566.6760257562955,80.34124418231976,98.43383224517649,50.0
56.75,6.46,122.85415742416801,1.0,100.0,6.021516867007427,6645.672439139084,80.41368238907029,98.44634314899672,50.0
56.766666666666666,6.46,122.97032933382738,1.0,100.0,5.948707161939281,6727.012709739239,80.48649209413844,98.45891626324617,50.0
56.78333333333333,6.46,123.08606559882553,1.0,100.0,5.87552735167222,6810.797787111523,80.5596719044055,98.4715513482335,50.0
56.8,6.46,123.20136785282993,1.0,100.0,5.801978824100741,6897.1345635830885,80.63322043197698,98.48424816308766,50.0
56.81666666666667,6.46,123.31623772338182,1.0,100.0,5.728062961914734,6986.136317102525,80.70713629416299,98.49700646576225,50.0
56.833333333333336,6.46,123.43067683191913,1.0,100.0,5.653781142619004,7077.923194307672,80.78141811345873,98.5098260130403,50.0
56.85,6.46,123.54468679379943,1.0,100.0,5.579134738552713,7172.6227381386425,80.85606451752501,98.52270656053875,50.0
56.86666666666667,6.46,123.65826921832269,1.0,100.0,5.50412511690875,7270.370464862708,80.93107413916897,98.53564786271328,50.0
56.88333333333333,6.46,123.77142570875398,1.0,100.0,5.428753639753032,7371.310495994962,81.00644561632468,98.54864967286281,50.0
56.9,6.46,123.88415786234616,1.0,100.0,5.353021664043728,7475.596251305493,81.08217759203399,98.56171174313431,50.0
56.916666666666664,6.46,123.99646727036236,1.0,100.0,5.276930541650413,7583.391209914743,81.15826871442731,98.5748338245275,50.0
56.93333333333333,6.46,124.1083555180985,1.0,100.0,5.200481619373152,7694.869747411182,81.23471763670457,98.58801566689957,50.0
56.95,6.46,124.21982418490563,1.0,100.0,5.123676238961511,7810.218057999935,81.31152301711622,98.60125701896989,50.0
56.96666666666667,6.46,124.33087484421223,1.0,100.0,5.046515737133492,7929.635171932059,81.38868351894423,98.61455762832492,50.0
56.983333333333334,6.46,124.44150906354643,1.0,100.0,4.969001445594409,8053.334079900918,81.46619781048332,98.6279172414229,50.0
57.0,6.46,124.55172840455813,1.0,99.37327769152655,7.969001445594409,5398.045034696783,81.46619781048332,98.64133560359879,0.0
57.016666666666666,6.46,124.65918421438427,1.0,82.98238594950953,10.969001445594408,4195.18849670356,81.46619781048332,98.65476245906896,0.0
57.03333333333333,6.46,124.70477122089099,1.0,75.66418195814005,13.969001445594408,3508.9858695906673,81.46619781048332,98.66824755093623,0.0
57.05,6.46,124.72274401115567,1.0,71.68036035837726,16.969001445594408,3065.4148301924592,81.46619781048332,98.68179062119464,0.0
57.06666666666667,6.46,124.72571007245774,1.0,69.23839766145922,19.969001445594408,2755.1216736989277,81.46619781048332,98.6953914107344,0.0
57.083333333333336,6.46,124.7195076509165,1.0,67.61750289861526,22.969001445594408,2525.8838013617865,81.46619781048332,98.70904965934687,0.0
57.1,6.46,124.70725013309537,1.0,71.89559432258189,22.969001445594408,2525.8838013617865,81.46619781048332,98.72276510572945,0.0
57.11666666666667,6.46,124.71108142380595,1.0,75.85225211049134,22.969001445594408,2525.8838013617865,81.46619781048332,98.73658748749054,0.0
57.13333333333333,6.46,124.72973581388102,1.0,79.51276349843725,22.969001445594408,2525.8838013617865,81.46619781048332,98.75046654115465,0.0
57.15,6.46,124.76204716769811,1.0,82.90042637156327,22.969001445594408,2525.8838013617865,81.46619781048332,98.76440200216724,0.0
57.166666666666664,6.46,124.80694108971261,1.0,86.03670576662374,22.969001445594408,2525.8838013617865,81.46619781048332,98.77839360489996,0.0
57.18333333333333,6.46,124.86342770725102,1.0,88.9413780624627,22.969001445594408,2525.8838013617865,81.46619781048332,98.79244108265556,0.0
57.2,6.46,124.93059502108306,1.0,91.6326638270046,22.969001445594408,2525.8838013617865,81.46619781048332,98.80654416767297,0.0
57.21666666666667,6.46,125.00760277910527,1.0,94.12735021315073,22.969001445594408,2525.8838013617865,81.46619781048332,98.82070259113249,0.0
57.233333333333334,6.46,125.09367683198295,1.0,96.44090372577078,22.969001445594408,2525.8838013617865,81.46619781048332,98.8349160831608,0.0
57.25,6.46,125.18810393283465,1.0,98.58757411729688,22.969001445594408,2525.8838013617865,81.46619781048332,98.84918437283625,0.0
57.266666666666666,6.46,125.29022694602638,1.0,100.0,22.944317181934494,2528.6012316183824,81.46619781048332,98.86350718819381,0.0
57.28333333333333,6.46,125.39726359497878,1.0,100.0,22.86374654741618,2537.5118887258154,81.54676844500163,98.87788425623044,50.0
57.3,6.46,125.50389885649761,1.0,100.0,22.78283491118439,2546.523683775677,81.62768008123342,98.89231530291018,50.0
57.31666666666667,6.46,125.61013423578575,1.0,100.0,22.70158355199555,2555.637960321163,81.70893144042226,98.90680005316938,50.0
57.333333333333336,6.46,125.71597123240156,1.0,100.0,22.619993743810745,2564.8560889083765,81.79052124860706,98.92133823092198,50.0
57.35,6.46,125.82141134028005,1.0,100.0,22.538066755813713,2574.179467718403,81.8724482366041,98.93592955906469,50.0
57.36666666666667,6.46,125.926456047754,1.0,100.0,22.45580385242875,2583.6095232283315,81.95471113998906,98.95057375948241,50.0
57.38333333333333,6.46,126.03110683757492,1.0,100.0,22.373206293338562,2593.1477108918657,82.03730869907925,98.9652705530533,50.0
57.4,6.46,126.13536518693402,1.0,100.0,22.29027533350204,2602.795515840193,82.12023965891576,98.98001965965432,50.0
57.416666666666664,6.46,126.23923256748301,1.0,100.0,22.207012223171986,2612.554453603817,82.20350276924582,98.99482079816643,50.0
57.43333333333333,6.46,126.34271044535495,1.0,100.0,22.12341820791275,2622.4260708560746,82.28709678450505,99.00967368647996,50.0
57.45,6.46,126.44580028118487,1.0,100.0,22.039494528617812,2632.4119461790965,82.3710204638,99.02457804150005,50.0
57.46666666666667,6.46,126.54850353013043,1.0,100.0,21.955242421527313,2642.513690852994,82.4552725708905,99.0395335791519,50.0
57.483333333333334,6.46,126.65082164189245,1.0,100.0,21.87066311824548,2652.7329496690922,82.53985187417233,99.05454001438636,50.0
57.5,6.46,126.75275606073535,1.0,100.0,21.785757845758038,2663.0714017680593,82.62475714665977,99.06959706118523,50.0
57.516666666666666,6.46,126.8543082255076,1.0,100.0,21.700527826449502,2673.530761503819,82.70998716596831,99.08470443256672,50.0
57.53333333333333,6.46,126.95547956966195,1.0,100.0,21.61497427812045,2684.1127793341643,82.79554071429736,99.09986184059095,50.0
57.55,6.46,127.05627152127572,1.0,100.0,21.52909841400471,2694.819242739036,82.8814165784131,99.11506899636541,50.0
57.56666666666667,6.46,127.15668550307093,1.0,100.0,21.442901442786486,2705.6519771674652,82.96761354963132,99.13032561005048,50.0
57.583333333333336,6.46,127.25672293243441,1.0,100.0,21.35638456861741,2716.612847014222,83.0541304238004,99.14563139086489,50.0
57.6,6.46,127.35638522143779,1.0,100.0,21.26954899113355,2727.703756627251,83.14096600128427,99.16098604709136,50.0
57.61666666666667,6.46,127.4556737768574,1.0,100.0,21.182395905472333,2738.9266513470284,83.22811908694548,99.17638928608203,50.0
57.63333333333333,6.46,127.55459000019418,1.0,100.0,21.094926502289425,2750.283518579018,83.31558849012839,99.19184081426414,50.0
57.65,6.46,127.65313528769346,1.0,100.0,21.00714196777553,2761.7763889004564,83.40337302464228,99.20734033714554,50.0
57.666666666666664,6.46,127.7513110303646,1.0,100.0,20.919043483673146,2773.4073372027433,83.49147150874467,99.22288755932036,50.0
57.68333333333333,6.46,127.84911861400073,1.0,100.0,20.830632227293226,2785.178483870779,83.5798827651246,99.2384821844746,50.0
57.7,6.46,127.94655941919822,1.0,100.0,20.741909371531808,2797.0919960006427,83.66860562088601,99.25412391539174,50.0
57.71666666666667,6.46,128.04363482137623,1.0,100.0,20.652876084886575,2809.150088657057,83.75763890753124,99.2698124539585,50.0
57.733333333333334,6.46,128.14034619079607,1.0,100.0,20.56353353147334,2821.355026172174,83.84698146094448,99.28554750117037,50.0
57.75,6.46,128.23669489258057,1.0,100.0,20.473882871042484,2833.709123487246,83.93663212137533,99.30132875713745,50.0
57.766666666666666,6.46,128.3326822867334,1.0,100.0,20.383925258995326,2846.2147475388583,84.02658973342248,99.31715592109006,50.0
57.78333333333333,6.46,128.42830972815813,1.0,100.0,20.293661846400422,2858.874318691433,84.11685314601739,99.33302869138451,50.0
57.8,6.46,128.52357856667754,1.0,100.0,20.20309378000983,2871.6903122178205,84.20742121240798,99.34894676550881,50.0
57.81666666666667,6.46,128.6184901470525,1.0,100.0,20.112222202275284,2884.6652598298615,84.29829279014253,99.36490984008847,50.0
57.833333333333336,6.46,128.71304580900107,1.0,100.0,20.02104825136432,2897.8017512608917,84.38946674105348,99.38091761089224,50.0
57.85,6.46,128.80724688721733,1.0,100.0,19.929573061176352,2911.10243590225,84.48094193124145,99.39696977283795,50.0
57.86666666666667,6.46,128.90109471139027,1.0,100.0,19.83779776135867,2924.5700244959457,84.57271723105913,99.41306601999827,50.0
57.88333333333333,6.46,128.99459060622254,1.0,100.0,19.745723477322382,2938.2072908857394,84.66479151509542,99.4292060456065,50.0
57.9,6.46,129.0877358914492,1.0,100.0,19.65335133025831,2952.0170738289958,84.75716366215948,99.44538954206256,50.0
57.916666666666664,6.46,129.18053188185627,1.0,100.0,19.56068243715281,2966.0022788717747,84.84983255526498,99.46161620093868,50.0
57.93333333333333,6.46,129.2729798872993,1.0,100.0,19.467717910803533,2980.1658802897496,84.94279708161426,99.47788571298534,50.0
57.95,6.46,129.36508121272192,1.0,100.0,19.374458859835144,2994.5109230976473,85.03605613258264,99.49419776813721,50.0
57.96666666666667,6.46,129.4568371581742,1.0,100.0,19.280906388714968,3009.040525130056,85.12960860370282,99.51055205551893,50.0
57.983333333333334,6.46,129.54824901883106,1.0,100.0,19.187061597768572,3023.7578791965534,85.22345339464921,99.52694826345115,50.0
58.0,6.46,129.63931808501044,1.0,100.0,19.092925583195306,3038.666255314282,85.31758940922248,99.54338607945638,50.0
58.016666666666666,6.46,129.73004564219167,1.0,100.0,18.99849943708377,3053.7690030212107,85.41201555533402,99.55986519026501,50.0
58.03333333333333,6.46,129.82043297103345,1.0,100.0,18.90378424742723,3069.0695537735173,85.41201555533402,99.57638528182122,0.0
58.05,6.46,129.91048134739208,1.0,100.0,18.80878109813898,3084.5714234306647,85.41201555533402,99.59294603928892,0.0
58.06666666666667,6.46,130.00019204233936,1.0,100.0,18.713491069067643,3100.2782148319316,85.41201555533402,99.60954714705791,0.0
58.083333333333336,6.46,130.0895663221806,1.0,100.0,18.617915236012404,3116.193620468349,85.41201555533402,99.62618828874969,0.0
58.1,6.46,130.1786054484724,1.0,100.0,18.5220546707382,3132.3214252541698,85.50787612060823,99.6428691472236,50.0
58.11666666666667,6.46,130.26731067804064,1.0,100.0,18.425910440990855,3148.6655094022294,85.60402035035558,99.65958940458283,50.0
58.13333333333333,6.46,130.35568326299799,1.0,100.0,18.329483610512142,3165.22985140776,85.7004471808343,99.6763487421805,50.0
58.15,6.46,130.44372445076175,1.0,100.0,18.232775239054803,3182.0185311454516,85.79715555229164,99.69314684062562,50.0
58.166666666666664,6.46,130.53143548407138,1.0,100.0,18.13578638239751,3199.0357330847987,85.89414440894893,99.7099833797893,50.0
58.18333333333333,6.46,130.6188176010061,1.0,100.0,18.03851809235976,3216.2857496290408,85.99141269898668,99.72685803881089,50.0
58.2,6.46,130.70587203500233,1.0,100.0,17.94097141681673,3233.772984583256,86.08895937452971,99.7437704961038,50.0
58.21666666666667,6.46,130.79260001487108,1.0,100.0,17.843147399714066,3251.501956757474,86.18678339163237,99.76072042936195,50.0
58.233333333333334,6.46,130.8790027648153,1.0,100.0,17.745047081082618,3269.4773037109762,86.28488371026383,99.77770751556574,50.0
58.25,6.46,130.96508150444726,1.0,100.0,17.646671497053116,3287.7037856442676,86.38325929429332,99.79473143098821,50.0
58.266666666666666,6.46,131.05083744880557,1.0,100.0,17.548021679870807,3306.1862894455608,86.48190911147563,99.81179185120122,50.0
58.28333333333333,6.46,131.13627180837256,1.0,100.0,17.44909865791001,3324.9298328989667,86.58083213343643,99.82888845108168,50.0
58.3,6.46,131.22138578909116,1.0,100.0,17.349903455688647,3343.939569061972,86.6800273356578,99.84602090481765,50.0
58.31666666666667,6.46,131.30618059238208,1.0,100.0,17.25043709388269,3363.2207908202035,86.77949369746375,99.86318888591462,50.0
58.333333333333336,6.46,131.39065741516063,1.0,100.0,17.15070058934059,3382.7789356278977,86.87923020200586,99.88039206720164,50.0
58.35,6.46,131.4748174498538,1.0,100.0,17.0506949550976,3402.6195904429765,86.97923583624885,99.89763012083765,50.0
58.36666666666667,6.46,131.55866188441684,1.0,100.0,16.950421200390103,3422.7484968660897,87.07950959095635,99.91490271831763,50.0
58.38333333333333,6.46,131.64219190235028,1.0,100.0,16.849880330669837,3443.1715564935384,87.18005046067661,99.93220953047893,50.0
58.4,6.46,131.72540868271648,1.0,100.0,16.7490733476181,3463.89483649452,87.28085744372835,99.94955022750747,50.0
58.416666666666664,6.46,131.8083134001563,1.0,100.0,16.64800124915989,3484.924575423734,87.38192954218657,99.96692447894408,50.0
58.43333333333333,6.46,131.8909072249057,1.0,100.0,16.546665029477975,3506.267189281022,87.48326576186848,99.98433195369074,50.0
58.45,6.46,131.9731913228123,1.0,100.0,16.445065679026946,3527.929277830357,87.5848651123195,100.0,50.0
58.46666666666667,6.46,132.05516685535176,1.0,100.0,16.34320418454719,3549.917631191228,87.68672660679925,100.0,50.0
58.483333333333334,6.46,132.1368349796442,1.0,100.0,16.241081529078812,3572.2392367162156,87.78884926226763,100.0,50.0
58.5,6.46,132.2181968484705,1.0,100.0,16.13869869197552,3594.901286169345,87.89123209937092,100.0,50.0
58.516666666666666,6.46,132.29925361028876,1.0,100.0,16.036056648918446,3617.911183220676,87.993874142428,100.0,50.0
58.53333333333333,6.46,132.38000640925017,1.0,100.0,15.933156371929917,3641.2765512734977,88.09677441941653,100.0,50.0
58.55,6.46,132.46045638521548,1.0,100.0,15.829998829387172,3665.00524164147,88.19993196195928,100.0,50.0
58.56666666666667,6.46,132.54060467377093,1.0,100.0,15.726584986036043,3689.105342094093,88.30334580531041,100.0,50.0
58.583333333333336,6.46,132.62045240624428,1.0,100.0,15.62291580300456,3713.585185790007,88.4070149883419,100.0,50.0
58.6,6.46,132.70000070972085,1.0,100.0,15.518992237816525,3738.4533606188043,88.51093855352994,100.0,50.0
58.61666666666667,6.46,132.7792507070594,1.0,100.0,15.414815244405025,3763.7187189733095,88.61511554694144,100.0,50.0
58.63333333333333,6.46,132.8582035169079,1.0,100.0,15.310385773125898,3789.390387975644,88.71954501822057,100.0,50.0
58.65,6.46,132.93686025371952,1.0,100.0,15.205704770771147,3815.477780181841,88.82422602057532,100.0,50.0
58.666666666666664,6.46,133.01522202776806,1.0,100.0,15.100773180582307,3841.990604791344,88.92915761076416,100.0,50.0
58.68333333333333,6.46,133.09328994516392,1.0,100.0,14.995591942263754,3868.9388793893786,89.03433884908272,100.0,50.0
58.7,6.46,133.17106510786957,1.0,100.0,14.890161991995976,3896.332942251983,89.13976879935049,100.0,50.0
58.71666666666667,6.46,133.24854861371506,1.0,100.0,14.784484262448782,3924.1834652453986,89.24544652889769,100.0,50.0
58.733333333333334,6.46,133.32574155641362,1.0,100.0,14.678559682794468,3952.501467353586,89.351371108552,100.0,50.0
58.75,6.46,133.40264502557707,1.0,100.0,14.572389178720938,3981.29832886982,89.45754161262553,100.0,50.0
58.766666666666666,6.46,133.47926010673115,1.0,100.0,14.465973672444763,4010.585806290728,89.56395711890171,100.0,50.0
58.78333333333333,6.46,133.5555878813309,1.0,100.0,14.359314082724204,4040.376047953644,89.67061670862228,100.0,50.0
58.8,6.46,133.6316294267759,1.0,100.0,14.252411324872176,4070.6816104609343,89.7775194664743,100.0,50.0
58.81666666666667,6.46,133.7073858164255,1.0,100.0,14.145266310769173,4101.515475937868,89.8846644805773,100.0,50.0
58.833333333333336,6.46,133.7828581196139,1.0,100.0,14.037879948876137,4132.891070173821,89.99205084247033,100.0,50.0
58.85,6.46,133.85804740166535,1.0,100.0,13.930253144247278,4164.822281699984,90.0996776470992,100.0,50.0
58.86666666666667,6.46,133.9329547239091,1.0,100.0,13.822386798542857,4197.323481860486,90.20754399280362,100.0,50.0
58.88333333333333,6.46,134.00758114369444,1.0,100.0,13.714281810041907,4230.409545937793,90.31564898130458,100.0,50.0
58.9,6.46,134.0819277144056,1.0,100.0,13.605939073654916,4264.095875397553,90.42399171769156,100.0,50.0
58.916666666666664,6.46,134.15599548547658,1.0,100.0,13.497359480936456,4298.398421322707,90.53257131041002,100.0,50.0
58.93333333333333,6.46,134.22978550240603,1.0,100.0,13.388543920097769,4333.333709111713,90.64138687124871,100.0,50.0
58.95,6.46,134.303298806772,1.0,100.0,13.279493276019307,4368.918864521136,90.75043751532718,100.0,50.0
58.96666666666667,6.46,134.37653643624662,1.0,100.0,13.17020843026322,4405.171641138773,90.85972236108327,100.0,50.0
58.983333333333334,6.46,134.4494994246107,1.0,100.0,13.060690261085796,4442.11044937981,90.96924053026069,100.0,50.0
59.0,6.46,134.5221888017684,1.0,100.0,12.950939643449868,4479.754387105442,91.07899114789662,100.0,50.0
59.016666666666666,6.46,134.59460559376177,1.0,100.0,12.840957449037154,4518.1232719708605,91.18897334230932,100.0,50.0
59.03333333333333,6.46,134.66675082278516,1.0,100.0,12.730744546260567,4557.237675617631,91.18897334230932,100.0,0.0
59.05,6.46,134.7386255071997,1.0,100.0,12.620301800276472,4597.1189598343335,91.18897334230932,100.0,0.0
59.06666666666667,6.46,134.8102306615477,1.0,100.0,12.509630072996897,4637.789314818913,91.18897334230932,100.0,0.0
59.083333333333336,6.46,134.8815672965669,1.0,100.0,12.398730223101701,4679.2717996866495,91.18897334230932,100.0,0.0
59.1,6.46,134.9526364192048,1.0,100.0,12.28760310605069,4721.590385379022,91.30010045936034,100.0,50.0
59.11666666666667,6.46,135.02343903263278,1.0,100.0,12.176249574095701,4764.770000141126,91.41145399131533,100.0,50.0
59.13333333333333,6.46,135.0939761362604,1.0,100.0,12.064670476292623,4808.83657774883,91.5230330891184,100.0,50.0
59.15,6.46,135.16424872574945,1.0,100.0,11.952866658513386,4853.817108681618,91.63483690689763,100.0,50.0
59.166666666666664,6.46,135.2342577930279,1.0,100.0,11.840838963457902,4899.739694453166,91.74686460195312,100.0,50.0
59.18333333333333,6.46,135.30400432630404,1.0,100.0,11.728588230665954,4946.633605329337,91.85911533474507,100.0,50.0
59.2,6.46,135.3734893100804,1.0,100.0,11.616115296529056,4994.5293416825925,91.97158826888197,100.0,50.0
59.21666666666667,6.46,135.4427137251676,1.0,100.0,11.503420994302251,5043.458699252919,92.08428257110877,100.0,50.0
59.233333333333334,6.46,135.51167854869823,1.0,100.0,11.390506154115878,5093.4548386085835,92.19719741129515,100.0,50.0
59.25,6.46,135.5803847541406,1.0,100.0,11.277371602987282,5144.552359125431,92.31033196242375,100.0,50.0
59.266666666666666,6.46,135.64883331131256,1.0,100.0,11.164018164832498,5196.787377831433,92.42368540057853,100.0,50.0
59.28333333333333,6.46,135.71702518639515,1.0,100.0,11.050446660477874,5250.197613493881,92.53725690493316,100.0,50.0
59.3,6.46,135.78496134194617,1.0,100.0,10.936657907671659,5304.822476360496,92.65104565773937,100.0,50.0
59.31666666666667,6.46,135.85264273691388,1.0,100.0,10.822652721095547,5360.703164002981,92.76505084431548,100.0,50.0
59.333333333333336,6.46,135.92007032665046,1.0,100.0,10.708431912376176,5417.882763752712,92.87927165303485,100.0,50.0
59.35,6.46,135.98724506292552,1.0,100.0,10.59399629009658,5476.406362263646,92.99370727531445,100.0,50.0
59.36666666666667,6.46,136.05416789393956,1.0,100.0,10.479346659807614,5536.3211627877845,93.10835690560342,100.0,50.0
59.38333333333333,6.46,136.1208397643373,1.0,100.0,10.364483824039311,5597.676610804108,93.22321974137172,100.0,50.0
59.4,6.46,136.18726161522102,1.0,100.0,10.249408582312219,5660.5245287034895,93.33829498309882,100.0,50.0
59.416666666666664,6.46,136.25343438416394,1.0,100.0,10.134121731148683,5724.919260300444,93.45358183426235,100.0,50.0
59.43333333333333,6.46,136.31935900522333,1.0,100.0,10.01862406408409,5790.917826018491,93.56907950132694,100.0,50.0
59.45,6.46,136.38503640895374,1.0,100.0,9.902916371678069,5858.580089680317,93.68478719373296,100.0,50.0
59.46666666666667,6.46,136.45046752242015,1.0,100.0,9.78699944152565,5927.968937927963,93.80070412388538,100.0,50.0
59.483333333333334,6.46,136.51565326921107,1.0,100.0,9.670874058268382,5999.150473403085,93.91682950714265,100.0,50.0
59.5,6.46,136.58059456945153,1.0,100.0,9.554541003605408,6072.194222934376,94.03316256180563,100.0,50.0
59.516666666666666,6.46,136.64529233981608,1.0,100.0,9.4380010563045,6147.173362110138,94.14970250910653,100.0,50.0
59.53333333333333,6.46,136.70974749354178,1.0,100.0,9.321254992213051,6224.164957760477,94.26644857319798,100.0,50.0
59.55,6.46,136.77396094044101,1.0,100.0,9.204303584269024,6303.250230037898,94.383399981142,100.0,50.0
59.56666666666667,6.46,136.83793358691437,1.0,100.0,9.087147602511866,6384.514835969576,94.50055596289916,100.0,50.0
59.583333333333336,6.46,136.90166633596345,1.0,100.0,8.969787814093378,6468.049176561982,94.61791575131764,100.0,50.0
59.6,6.46,136.9651600872036,1.0,100.0,8.852224983288538,6553.948729772281,94.73547858212248,100.0,50.0
59.61666666666667,6.46,137.02841573687658,1.0,100.0,8.734459871506298,6642.314411924485,94.85324369390473,100.0,50.0
59.63333333333333,6.46,137.0914341778633,1.0,100.0,8.61649323730032,6733.252970446246,94.97121032811071,100.0,50.0
59.65,6.46,137.15421629969632,1.0,100.0,8.498325836379694,6826.8774111393395,95.08937772903134,100.0,50.0
59.666666666666664,6.46,137.21676298857244,1.0,100.0,8.3799584216196,6923.307463579202,95.20774514379144,100.0,50.0
59.68333333333333,6.46,137.2790751273653,1.0,100.0,8.261391743071936,7022.670088673119,95.32631182233911,100.0,50.0
59.7,6.46,137.34115359563768,1.0,100.0,8.142626547975905,7125.100032900839,95.44507701743514,100.0,50.0
59.71666666666667,6.46,137.40299926965403,1.0,100.0,8.023663580768563,7230.740434324776,95.56403998464248,100.0,50.0
59.733333333333334,6.46,137.46461302239283,1.0,100.0,7.9045035830953285,7339.743486100547,95.68319998231571,100.0,50.0
59.75,6.46,137.52599572355885,1.0,100.0,7.785147293820449,7452.271163955248,95.80255627159059,100.0,50.0
59.766666666666666,6.46,137.5871482395955,1.0,100.0,7.66559544903743,7568.496024945795,95.92210811637361,100.0,50.0
59.78333333333333,6.46,137.64807143369703,1.0,100.0,7.545848782079426,7688.602085780797,96.04185478333162,100.0,50.0
59.8,6.46,137.70876616582066,1.0,100.0,7.425908023529595,7812.785790108183,96.16179554188145,100.0,50.0
59.81666666666667,6.46,137.76923329269883,1.0,100.0,7.305773901231405,7941.25707546239,96.28192966417964,100.0,50.0
59.833333333333336,6.46,137.8294736678512,1.0,100.0,7.185447140298914,8074.240552059627,96.40225642511213,100.0,50.0
59.85,6.46,137.88948814159676,1.0,100.0,7.064928463126998,8211.97680736367,96.52277510228404,100.0,50.0
59.86666666666667,6.46,137.94927756106577,1.0,100.0,6.944218589401557,8354.723852361076,96.64348497600949,100.0,50.0
59.88333333333333,6.46,138.00884277021177,1.0,100.0,6.8233182361096665,8502.75872783576,96.76438532930138,100.0,50.0
59.9,6.46,138.06818460982348,1.0,100.0,6.7022281175497,8656.379291681451,96.88547544786134,100.0,50.0
59.916666666666664,6.46,138.12730391753664,1.0,100.0,6.5809489453414125,8815.906211512558,97.00675462006963,100.0,50.0
59.93333333333333,6.46,138.18620152784587,1.0,100.0,6.459481428435986,8981.68519062216,97.12822213697505,100.0,50.0
59.95,6.46,138.24487827211644,1.0,100.0,6.337826273126034,9154.089459802495,97.249877292285,100.0,50.0
59.96666666666667,6.46,138.303334978596,1.0,100.0,6.215984183055575,9333.522572826607,97.37171938235547,100.0,50.0
59.983333333333334,6.46,138.36157247242627,1.0,100.0,6.093955859229959,9520.421549658791,97.49374770618108,100.0,50.0
60.0,6.46,138.41959157565466,1.0,100.0,5.9717420000257695,9715.260418924998,97.61596156538528,100.0,50.0
60.016666666666666,6.46,138.47739310724597,1.0,100.0,5.849343301200675,9918.554220090553,97.73836026421037,100.0,50.0
60.03333333333333,6.46,138.5349778830938,1.0,100.0,5.726760455903254,10130.863536482882,97.73836026421037,100.0,0.0
60.05,6.46,138.5923467160322,1.0,100.0,0.0,10130.863536482882,97.73836026421037,100.0,0.0
60.06666666666667,6.46,138.6495004158471,1.0,48.84235616136988,3.1,1294.543985047835,97.73836026421037,100.0,0.0
60.083333333333336,6.46,138.51459862489278,1.0,62.45166344025907,6.1,1149.686287483326,97.73836026421037,100.0,0.0
60.1,6.46,138.43123761795042,1.0,64.48872387528183,9.1,1100.33915974157,97.73836026421037,100.0,0.0
60.11666666666667,6.46,138.3558281914154,1.0,65.21410898788467,12.1,1075.4616821196933,97.73836026421037,100.0,0.0
60.13333333333333,6.46,138.28342174440218,1.0,65.56000065733963,15.1,1060.4692949435953,97.73836026421037,100.0,0.0
60.15,6.46,138.2125839153257,1.0,65.75146278583654,18.1,1050.446759870071,97.73836026421037,100.0,0.0
60.166666666666664,6.46,138.1427297110901,1.0,65.8670884512523,21.1,1043.274234770061,97.73836026421037,100.0,0.0
60.18333333333333,6.46,138.07357105636572,1.0,71.76163387673725,21.1,1043.274234770061,97.73836026421037,100.0,0.0
60.2,6.46,138.02677629194213,1.0,77.16980071059456,21.1,1043.274234770061,97.73836026421037,100.0,0.0
60.21666666666667,6.46,138.00043763351206,1.0,82.13308018856188,21.1,1043.274234770061,97.73836026421037,100.0,0.0
60.233333333333334,6.46,137.9928100430935,1.0,86.68942407594646,21.1,1043.274234770061,97.73836026421037,100.0,0.0
60.25,6.46,138.0022973457167,1.0,90.87354660731691,21.1,1043.274234770061,97.73836026421037,100.0,0.0
60.266666666666666,6.46,138.0274395304477,1.0,94.71720066878872,21.1,1043.274234770061,97.73836026421037,100.0,0.0
60.28333333333333,6.46,138.0669011347165,1.0,98.24943042017682,21.1,1043.274234770061,97.73836026421037,100.0,0.0
60.3,6.46,138.11946061953697,1.0,100.0,21.04153039589783,1046.173255436775,97.73836026421037,100.0,0.0
60.31666666666667,6.46,138.1783876422137,1.0,100.0,20.920087866490455,1052.246362163162,97.85980279361775,100.0,50.0
60.333333333333336,6.46,138.2370936885554,1.0,100.0,20.79845760497544,1058.3999434834188,97.98143305513277,100.0,50.0
60.35,6.46,138.29557958722333,1.0,100.0,20.676640315348184,1064.6355509365835,98.10325034476003,100.0,50.0
60.36666666666667,6.46,138.35384616377124,1.0,100.0,20.55463669896411,1070.9547765812702,98.2252539611441,100.0,50.0
60.38333333333333,6.46,138.4118942406571,1.0,100.0,20.432447454548555,1077.3592543240754,98.34744320555966,100.0,50.0
60.4,6.46,138.46972463725461,1.0,100.0,20.310073278206637,1083.8506613006184,98.46981738190158,100.0,50.0
60.416666666666664,6.46,138.52733816986492,1.0,100.0,20.187514863433083,1090.4307193116658,98.59237579667513,100.0,50.0
60.43333333333333,6.46,138.58473565172793,1.0,100.0,20.06477290112201,1097.1011963169206,98.7151177589862,100.0,50.0
60.45,6.46,138.64191789303393,1.0,100.0,19.94184807957668,1103.8639079891923,98.83804258053152,100.0,50.0
60.46666666666667,6.46,138.69888570093505,1.0,100.0,19.81874108451923,1110.7207193318195,98.96114957558898,100.0,50.0
60.483333333333334,6.46,138.75563987955655,1.0,100.0,19.69545259910032,1117.6735463623634,99.08443806100789,100.0,50.0
60.5,6.46,138.8121812300082,1.0,100.0,19.571983303908812,1124.7243578657635,99.2079073561994,100.0,50.0
60.516666666666666,6.46,138.86851055039568,1.0,100.0,19.44833387698135,1131.8751772203232,99.33155678312686,100.0,50.0
60.53333333333333,6.46,138.9246286358317,1.0,100.0,19.32450499381195,1139.1280843000773,99.45538566629625,100.0,50.0
60.55,6.46,138.98053627844735,1.0,100.0,19.20049732736151,1146.4852174572954,99.57939333274669,100.0,50.0
60.56666666666667,6.46,139.03623426740316,1.0,100.0,19.07631154806734,1153.9487755890877,99.70357911204086,100.0,50.0
60.583333333333336,6.46,139.0917233889004,1.0,100.0,18.951948323852605,1161.521020292303,99.82794233625559,100.0,50.0
60.6,6.46,139.147004426192,1.0,100.0,18.827408320135753,1169.2042781111554,99.95248233997243,100.0,50.0
60.61666666666667,6.46,139.20207815959378,1.0,100.0,18.70269219983992,1177.0009428822605,100.07719846026826,100.0,50.0
60.63333333333333,6.46,139.2569453664953,1.0,100.0,18.577800623402275,1184.913478182052,100.20209003670591,100.0,50.0
60.65,6.46,139.31160682137096,1.0,100.0,18.45273424878335,1192.9444198818221,100.32715641132484,100.0,50.0
60.666666666666664,6.46,139.3660632957908,1.0,100.0,18.327493731476327,1201.0963788159527,100.45239692863186,100.0,50.0
60.68333333333333,6.46,139.42031555843158,1.0,100.0,18.202079724516285,1209.3720435692292,100.5778109355919,100.0,50.0
60.7,6.46,139.47436437508748,1.0,100.0,18.07649287848942,1217.7741833894847,100.70339778161876,100.0,50.0
60.71666666666667,6.46,139.5282105086809,1.0,100.0,17.95073384154224,1226.3056512321966,100.82915681856595,100.0,50.0
60.733333333333334,6.46,139.58185471927334,1.0,100.0,17.82480325939069,1234.9693869440648,100.9550874007175,100.0,50.0
60.75,6.46,139.63529776407606,1.0,100.0,17.69870177532929,1243.7684205930257,101.08118888477891,100.0,50.0
60.766666666666666,6.46,139.68854039746077,1.0,100.0,17.5724300302402,1252.7058759526267,101.207460629868,100.0,50.0
60.78333333333333,6.46,139.7415833709703,1.0,100.0,17.44598866260227,1261.7849741491682,101.33390199750592,100.0,50.0
60.8,6.46,139.79442743332916,1.0,100.0,17.319378308500067,1271.0090374805561,101.46051235160813,100.0,50.0
60.81666666666667,6.46,139.84707333045418,1.0,100.0,17.192599601632825,1280.3814934163681,101.58729105847537,100.0,50.0
60.833333333333336,6.46,139.89952180546499,1.0,100.0,17.065653173323412,1289.9058787892502,101.71423748678478,100.0,50.0
60.85,6.46,139.9517735986945,1.0,100.0,16.93853965252724,1299.5858441883993,101.84135100758095,100.0,50.0
60.86666666666667,6.46,140.0038294476994,1.0,100.0,16.811259665841135,1309.4251585665984,101.96863099426706,100.0,50.0
60.88333333333333,6.46,140.0556900872705,1.0,100.0,16.68381383751218,1319.4277140730064,102.09607682259602,100.0,50.0
60.9,6.46,140.10735624944323,1.0,100.0,16.556202789446537,1329.597531124718,102.22368787066166,100.0,50.0
60.916666666666664,6.46,140.15882866350782,1.0,100.0,16.428427141218222,1339.9387637309717,102.35146351888997,100.0,50.0
60.93333333333333,6.46,140.21010805601966,1.0,100.0,16.300487510077843,1350.4557050848084,102.47940315003035,100.0,50.0
60.95,6.46,140.26119515080958,1.0,100.0,16.172384510961322,1361.15279343799,102.60750614914687,100.0,50.0
60.96666666666667,6.46,140.31209066899405,1.0,100.0,16.044118756498566,1372.0346182760602,102.73577190360963,100.0,50.0
60.983333333333334,6.46,140.36279532898533,1.0,100.0,15.915690857022126,1383.1059268115869,102.86419980308607,100.0,50.0
61.0,6.46,140.41330984650162,1.0,100.0,15.787101420575802,1394.3716308148862,102.99278923953239,100.0,50.0
61.016666666666666,6.46,140.46363493457724,1.0,100.0,15.65835105292323,1405.8368138028623,103.12153960718496,100.0,50.0
61.03333333333333,6.46,140.51377130357258,1.0,100.0,15.529440357556435,1417.506738608065,103.12153960718496,100.0,0.0
61.05,6.46,140.5637196611842,1.0,100.0,15.400369935704346,1429.3868553516345,103.12153960718496,100.0,0.0
61.06666666666667,6.46,140.61348071245476,1.0,100.0,15.271140386341282,1441.4828098454975,103.12153960718496,100.0,0.0
61.083333333333336,6.46,140.66305515978306,1.0,100.0,15.141752306195409,1453.8004524510284,103.12153960718496,100.0,0.0
61.1,6.46,140.71244370293388,1.0,100.0,15.012206289757163,1466.3458474233619,103.2510856236232,100.0,50.0
61.11666666666667,6.46,140.7616470390479,1.0,100.0,14.88250292928764,1479.1252827727117,103.38078898409272,100.0,50.0
61.13333333333333,6.46,140.81066586265146,1.0,100.0,14.752642814826956,1492.145280676376,103.5106490985534,100.0,50.0
61.15,6.46,140.85950086566652,1.0,100.0,14.62262653420258,1505.4126084776422,103.64066537917778,100.0,50.0
61.166666666666664,6.46,140.90815273742027,1.0,100.0,14.492454673037624,1518.934290310555,103.77083724034273,100.0,50.0
61.18333333333333,6.46,140.95662216465493,1.0,100.0,14.362127814759118,1532.717619392492,103.90116409862124,100.0,50.0
61.2,6.46,141.00490983153747,1.0,100.0,14.231646540606235,1546.7701710297383,104.03164537277412,100.0,50.0
61.21666666666667,6.46,141.0530164196692,1.0,100.0,14.101011429638506,1561.0998163847753,104.16228048374185,100.0,50.0
61.233333333333334,6.46,141.10094260809544,1.0,100.0,13.970223058743985,1575.71473705785,104.29306885463637,100.0,50.0
61.25,6.46,141.14868907331507,1.0,100.0,13.839282002647398,1590.6234405395653,104.42400991073296,100.0,50.0
61.266666666666666,6.46,141.19625648929014,1.0,100.0,13.708188833918252,1605.83477659581,104.55510307946211,100.0,50.0
61.28333333333333,6.46,141.2436455274553,1.0,100.0,13.57694412297892,1621.3579546513147,104.68634779040144,100.0,50.0
61.3,6.46,141.29085685672734,1.0,100.0,13.445548438112692,1637.202562243582,104.81774347526768,100.0,50.0
61.31666666666667,6.46,141.3378911435146,1.0,100.0,13.31400234547179,1653.3785846248657,104.94928956790858,100.0,50.0
61.333333333333336,6.46,141.38474905172643,1.0,100.0,13.182306409085372,1669.8964255964086,105.080985504295,100.0,50.0
61.35,6.46,141.43143124278245,1.0,100.0,13.050461190867482,1686.766929666265,105.21283072251289,100.0,50.0
61.36666666666667,6.46,141.47793837562202,1.0,100.0,12.918467250624989,1704.0014056298596,105.34482466275539,100.0,50.0
61.38333333333333,6.46,141.52427110671343,1.0,100.0,12.786325146065485,1721.6116516810146,105.47696676731489,100.0,50.0
61.4,6.46,141.57043009006324,1.0,100.0,12.65403543280516,1739.6099821705973,105.60925648057521,100.0,50.0
61.416666666666664,6.46,141.6164159772255,1.0,100.0,12.52159866437664,1758.0092561403112,105.74169324900373,100.0,50.0
61.43333333333333,6.46,141.6622294173109,1.0,100.0,12.389015392236807,1776.822907770549,105.87427652114357,100.0,50.0
61.45,6.46,141.70787105699597,1.0,100.0,12.256286165774577,1796.0649788938001,106.0070057476058,100.0,50.0
61.46666666666667,6.46,141.75334154053223,1.0,100.0,12.123411532318661,1815.75015373896,106.13988038106172,100.0,50.0
61.483333333333334,6.46,141.79864150975524,1.0,100.0,11.990392037145284,1835.8937960871915,106.27289987623509,100.0,50.0
61.5,6.46,141.84377160409366,1.0,100.0,11.857228223485887,1856.5119890369033,106.40606368989448,100.0,50.0
61.516666666666666,6.46,141.8887324605783,1.0,100.0,11.723920632534792,1877.6215775941253,106.53937128084557,100.0,50.0
61.53333333333333,6.46,141.93352471385114,1.0,100.0,11.590469803456843,1899.2402143252998,106.67282210992352,100.0,50.0
61.55,6.46,141.9781489961742,1.0,100.0,11.456876273395016,1921.3864083325002,106.80641563998535,100.0,50.0
61.56666666666667,6.46,142.02260593743856,1.0,100.0,11.323140577478002,1944.0795778366337,106.94015133590236,100.0,50.0
61.583333333333336,6.46,142.06689616517315,1.0,100.0,11.189263248827755,1967.340106682582,107.0740286645526,100.0,50.0
61.6,6.46,142.11102030455376,1.0,100.0,11.055244818567028,1991.1894051118454,107.20804709481332,100.0,50.0
61.61666666666667,6.46,142.1549789784117,1.0,100.0,10.921085815826856,2015.6499751835013,107.3422060975535,100.0,50.0
61.63333333333333,6.46,142.19877280724265,1.0,100.0,10.786786767754041,2040.745481263622,107.47650514562632,100.0,50.0
61.65,6.46,142.2424024092155,1.0,100.0,10.652348199518578,2066.50082604727,107.61094371386179,100.0,50.0
61.666666666666664,6.46,142.28586840018093,1.0,100.0,10.517770634321076,2092.9422326263953,107.74552127905929,100.0,50.0
61.68333333333333,6.46,142.32917139368024,1.0,100.0,10.383054593400146,2120.0973331721307,107.88023731998022,100.0,50.0
61.7,6.46,142.37231200095394,1.0,100.0,10.24820059603975,2147.9952648619005,108.01509131734062,100.0,50.0
61.71666666666667,6.46,142.41529083095037,1.0,100.0,10.113209159576533,2176.6667737513735,108.15008275380383,100.0,50.0
61.733333333333334,6.46,142.4581084903343,1.0,100.0,9.978080799407133,2206.1443273696723,108.28521111397323,100.0,50.0
61.75,6.46,142.50076558349554,1.0,100.0,9.842816028995449,2236.4622369046688,108.42047588438491,100.0,50.0
61.766666666666666,6.46,142.54326271255744,1.0,100.0,9.707415359879889,2267.6567899450283,108.55587655350047,100.0,50.0
61.78333333333333,6.46,142.58560047738536,1.0,100.0,9.57187930168059,2299.7663948586696,108.69141261169976,100.0,50.0
61.8,6.46,142.62777947559516,1.0,100.0,9.436208362106619,2332.831738015364,108.82708355127373,100.0,50.0
61.81666666666667,6.46,142.66980030256167,1.0,100.0,9.30040304696313,2366.8959552066135,108.96288886641722,100.0,50.0
61.833333333333336,6.46,142.71166355142705,1.0,100.0,9.164463860158508,2402.0048187813527,109.09882805322184,100.0,50.0
61.85,6.46,142.7533698131092,1.0,100.0,9.028391303711484,2438.206942204524,109.23490060966886,100.0,50.0
61.86666666666667,6.46,142.79491967631003,1.0,100.0,8.892185877758216,2475.554003960829,109.37110603562212,100.0,50.0
61.88333333333333,6.46,142.83631372752387,1.0,100.0,8.755848080559351,2514.1009929722336,109.50744383282098,100.0,50.0
61.9,6.46,142.87755255104565,1.0,100.0,8.619378408507062,2553.9064779801347,109.64391350487327,100.0,50.0
61.916666666666664,6.46,142.91863672897924,1.0,100.0,8.482777356132049,2595.0329036675025,109.78051455724828,100.0,50.0
61.93333333333333,6.46,142.95956684124556,1.0,100.0,8.346045416110522,2637.546916669784,109.91724649726982,100.0,50.0
61.95,6.46,143.0003434655909,1.0,100.0,8.209183079271156,2681.519725054384,110.05410883410919,100.0,50.0
61.96666666666667,6.46,143.04096717759492,1.0,100.0,8.072190834602017,2727.027495347067,110.19110107877833,100.0,50.0
61.983333333333334,6.46,143.08143855067894,1.0,100.0,7.935069169257466,2774.151791761658,110.32822274412288,100.0,50.0
62.0,6.46,143.12175815611388,1.0,100.0,7.797818568565038,2822.98006296127,110.46547334481531,100.0,50.0
62.016666666666666,6.46,143.16192656302846,1.0,100.0,7.660439516032286,2873.6061824622225,110.60285239734806,100.0,50.0
62.03333333333333,6.46,143.2019443384171,1.0,100.0,7.52293249335361,2926.131049706547,110.60285239734806,100.0,0.0
62.05,6.46,143.24181204714802,1.0,100.0,7.38529798041706,2980.6632599007435,110.60285239734806,100.0,0.0
62.06666666666667,6.46,143.28153025197122,1.0,100.0,7.247536455311102,3037.319851977671,110.60285239734806,100.0,0.0
62.083333333333336,6.46,143.32109951352632,1.0,100.0,7.10964839433137,3096.227145522366,110.60285239734806,100.0,0.0
62.1,6.46,143.3605203903506,1.0,100.0,6.9716342719873925,3157.5216792565707,110.74086651969203,100.0,50.0
62.11666666666667,6.46,143.39979343888677,1.0,100.0,6.833494561009284,3221.351265756628,110.87900623067014,100.0,50.0
62.13333333333333,6.46,143.43891921349095,1.0,100.0,6.695229732354424,3287.8761795537725,111.017271059325,100.0,50.0
62.15,6.46,143.47789826644035,1.0,100.0,6.556840255214099,3357.2704987197376,111.15566053646532,100.0,50.0
62.166666666666664,6.46,143.5167311479412,1.0,100.0,6.41832659702013,3429.723623579458,111.29417419465929,100.0,50.0
62.18333333333333,6.46,143.5554184061364,1.0,100.0,6.279689223451467,3505.442000448132,111.43281156822795,100.0,50.0
62.2,6.46,143.59396058711337,1.0,100.0,6.140928598440767,3584.651083426959,111.57157219323865,100.0,50.0
62.21666666666667,6.46,143.6323582349117,1.0,100.0,6.002045184180937,3667.597573518148,111.71045560749849,100.0,50.0
62.233333333333334,6.46,143.67061189153077,1.0,100.0,5.863039441131661,3754.551981898217,111.84946135054777,100.0,50.0
62.25,6.46,143.70872209693752,1.0,100.0,5.723911828025899,3845.8115734533094,111.98858896365353,100.0,50.0
62.266666666666666,6.46,143.746689389074,1.0,100.0,5.584662801876363,3941.7037580589863,112.12783798980307,100.0,50.0
62.28333333333333,6.46,143.78451430386497,1.0,100.0,5.445292817981969,4042.590011129349,112.26720797369747,100.0,50.0
62.3,6.46,143.82219737522547,1.0,100.0,5.305802329934258,4148.870422377957,112.40669846174518,100.0,50.0
62.31666666666667,6.46,143.85973913506837,1.0,100.0,5.166191789623805,4260.988993451839,112.54630900205564,100.0,50.0
62.333333333333336,6.46,143.89714011331185,1.0,100.0,5.026461647246596,4379.439832333478,112.68603914443284,100.0,50.0
62.35,6.46,143.93440083788693,1.0,100.0,4.886612351310381,4504.774426755033,112.82588844036906,100.0,50.0
62.36666666666667,6.46,143.97152183474486,1.0,100.0,7.809126649525963,3203.0580980738296,112.90337414215348,100.0,50.0
62.38333333333333,6.46,144.00850362786457,1.0,89.47593259464136,10.809126649525963,2591.6142221237465,112.90337414215348,100.0,0.0
62.4,6.46,144.00588148648998,1.0,82.26433262370753,13.809126649525963,2245.839808755241,112.90337414215348,100.0,0.0
62.416666666666664,6.46,143.97622567825454,1.0,78.36492773391679,16.809126649525965,2023.4892069545742,112.90337414215348,100.0,0.0
62.43333333333333,6.46,143.93205831096327,1.0,75.98278576598138,19.809126649525965,1868.486531915531,112.90337414215348,100.0,0.0
62.45,6.46,143.8791235389196,1.0,74.40366161370528,22.809126649525965,1754.2577130843313,112.90337414215348,100.0,0.0
62.46666666666667,6.46,143.82046555670004,1.0,79.6452583687154,22.809126649525965,1754.2577130843313,112.90337414215348,100.0,0.0
62.483333333333334,6.46,143.7816835297451,1.0,84.48697583884513,22.809126649525965,1754.2577130843313,112.90337414215348,100.0,0.0
62.5,6.46,143.76120337590422,1.0,88.96048258222525,22.809126649525965,1754.2577130843313,112.90337414215348,100.0,0.0
62.516666666666666,6.46,143.7575756729279,1.0,93.09493915616731,22.809126649525965,1754.2577130843313,112.90337414215348,100.0,0.0
62.53333333333333,6.46,143.76946578599006,1.0,96.91719673902959,22.809126649525965,1754.2577130843313,112.90337414215348,100.0,0.0
62.55,6.46,143.79564477706396,1.0,100.0,22.79004081595288,1755.726840367894,112.90337414215348,100.0,0.0
62.56666666666667,6.46,143.83328610914995,1.0,100.0,22.650514867990555,1766.5420228568103,113.04290009011581,100.0,50.0
62.583333333333336,6.46,143.87078628624064,1.0,100.0,22.510869000740165,1777.5007420785332,113.1825459573662,100.0,50.0
62.6,6.46,143.90814583766723,1.0,100.0,22.371103663899046,1788.6058262837819,113.32231129420732,100.0,50.0
62.61666666666667,6.46,143.94536529077598,1.0,100.0,22.23121930547816,1799.8601787796845,113.46219565262821,100.0,50.0
62.63333333333333,6.46,143.98244517093556,1.0,100.0,22.091216371808432,1811.2667804345415,113.60219858629794,100.0,50.0
62.65,6.46,144.01938600154455,1.0,100.0,21.951095307547046,1822.8286922835837,113.74231965055934,100.0,50.0
62.666666666666664,6.46,144.05618830403876,1.0,100.0,21.810856555683717,1834.5490582405043,113.88255840242266,100.0,50.0
62.68333333333333,6.46,144.0928525978986,1.0,100.0,21.670500557546955,1846.4311079198105,114.02291440055942,100.0,50.0
62.7,6.46,144.1293794006565,1.0,100.0,21.530027752810287,1858.4781595753138,114.16338720529609,100.0,50.0
62.71666666666667,6.46,144.16576922790404,1.0,100.0,21.38943857949846,1870.6936231603756,114.30397637860791,100.0,50.0
62.733333333333334,6.46,144.2020225932994,1.0,100.0,21.248733473993635,1883.0810035158277,114.44468148411273,100.0,50.0
62.75,6.46,144.23814000857453,1.0,100.0,21.10791287104153,1895.6439036918348,114.58550208706484,100.0,50.0
62.766666666666666,6.46,144.2741219835424,1.0,100.0,20.966977203757576,1908.3860284103037,114.7264377543488,100.0,50.0
62.78333333333333,6.46,144.3099690261041,1.0,100.0,20.825926903633015,1921.3111876748276,114.86748805447336,100.0,50.0
62.8,6.46,144.3456816422562,1.0,100.0,20.684762400541,1934.423300535556,115.00865255756537,100.0,50.0
62.81666666666667,6.46,144.38126033609774,1.0,100.0,20.54348412274266,1947.7263990167964,115.1499308353637,100.0,50.0
62.833333333333336,6.46,144.41670560983738,1.0,100.0,20.402092496893147,1961.2246322156186,115.29132246121323,100.0,50.0
62.85,6.46,144.4520179638005,1.0,100.0,20.260587948047647,1974.92227058021,115.43282701005873,100.0,50.0
62.86666666666667,6.46,144.48719789643624,1.0,100.0,20.118970899667396,1988.8237103772433,115.57444405843898,100.0,50.0
62.88333333333333,6.46,144.52224590432462,1.0,100.0,19.977241773625654,2002.9334783580762,115.71617318448072,100.0,50.0
62.9,6.46,144.5571624821834,1.0,100.0,19.835400990213646,2017.2562366341813,115.85801396789273,100.0,50.0
62.916666666666664,6.46,144.5919481228752,1.0,100.0,19.693448968146512,2031.7967877728329,115.99996598995986,100.0,50.0
62.93333333333333,6.46,144.62660331741444,1.0,100.0,19.551386124569213,2046.5600801247501,116.14202883353717,100.0,50.0
62.95,6.46,144.66112855497414,1.0,100.0,19.409212875062405,2061.5512133961097,116.28420208304398,100.0,50.0
62.96666666666667,6.46,144.695524322893,1.0,100.0,19.266929633648328,2076.775444478101,116.42648532445806,100.0,50.0
62.983333333333334,6.46,144.72979110668214,1.0,100.0,19.124536812796634,2092.238193548023,116.56887814530975,100.0,50.0
63.0,6.46,144.76392939003208,1.0,100.0,18.98203482343021,2107.945050456798,116.71138013467618,100.0,50.0
63.016666666666666,6.46,144.79793965481946,1.0,100.0,18.839424074930996,2123.9017814187005,116.8539908831754,100.0,50.0
63.03333333333333,6.46,144.83182238111388,1.0,100.0,18.69670497514573,2140.1143360201313,116.8539908831754,100.0,0.0
63.05,6.46,144.8655780471847,1.0,100.0,18.553877930391742,2156.5888545653197,116.8539908831754,100.0,0.0
63.06666666666667,6.46,144.89920712950774,1.0,100.0,18.41094334546266,2173.3316757780062,116.8539908831754,100.0,0.0
63.083333333333336,6.46,144.9327101027721,1.0,100.0,18.26790162363414,2190.349344879396,116.8539908831754,100.0,0.0
63.1,6.46,144.9660874398867,1.0,100.0,18.124753166669553,2207.648622064007,116.99713934013998,100.0,50.0
63.11666666666667,6.46,144.99933961198712,1.0,100.0,17.981498374825666,2225.2364913964643,117.14039413198387,100.0,50.0
63.13333333333333,6.46,145.03246708844216,1.0,100.0,17.83813764685827,2243.1201701538366,117.28375485995126,100.0,50.0
63.15,6.46,145.0654703368605,1.0,100.0,17.694671380027835,2261.3071186397665,117.42722112678169,100.0,50.0
63.166666666666664,6.46,145.09834982309727,1.0,100.0,17.551099970105092,2279.8050504984217,117.57079253670443,100.0,50.0
63.18333333333333,6.46,145.13110601126064,1.0,100.0,17.407423811376642,2298.6219435582243,117.71446869543288,100.0,50.0
63.2,6.46,145.1637393637184,1.0,100.0,17.263643296650503,2317.766051237379,117.85824921015903,100.0,50.0
63.21666666666667,6.46,145.19625034110447,1.0,100.0,17.119758817261665,2337.245914545451,118.00213368954786,100.0,50.0
63.233333333333334,6.46,145.22863940232534,1.0,100.0,16.975770763077616,2357.0703747176503,118.14612174373191,100.0,50.0
63.25,6.46,145.26090700456663,1.0,100.0,16.831679522503837,2377.248586521094,118.2902129843057,100.0,50.0
63.266666666666666,6.46,145.2930536032995,1.0,100.0,16.68748548248929,2397.7900322751016,118.43440702432025,100.0,50.0
63.28333333333333,6.46,145.32507965228714,1.0,100.0,16.543189028531877,2418.70453663064,118.57870347827766,100.0,50.0
63.3,6.46,145.35698560359106,1.0,100.0,16.398790544683884,2440.0022821573034,118.72310196212565,100.0,50.0
63.31666666666667,6.46,145.3887719075776,1.0,100.0,16.2542904135574,2461.693825789782,118.86760209325215,100.0,50.0
63.333333333333336,6.46,145.42043901292416,1.0,100.0,16.109689016329718,2483.7901161896234,119.01220349047982,100.0,50.0
63.35,6.46,145.4519873666257,1.0,100.0,15.96498673274872,2506.3025120822736,119.15690577406082,100.0,50.0
63.36666666666667,6.46,145.48341741400085,1.0,100.0,15.82018394113823,2529.242801633912,119.3017085656713,100.0,50.0
63.38333333333333,6.46,145.51472959869835,1.0,100.0,15.67528101840336,2552.623222937531,119.44661148840618,100.0,50.0
63.4,6.46,145.54592436270323,1.0,100.0,15.530278340035826,2576.4564856830493,119.59161416677371,100.0,50.0
63.416666666666664,6.46,145.5770021463431,1.0,100.0,15.38517628011925,2600.7557940920874,119.73671622669029,100.0,50.0
63.43333333333333,6.46,145.6079633882943,1.0,100.0,15.23997521133444,2625.5348712043387,119.8819172954751,100.0,50.0
63.45,6.46,145.63880852558822,1.0,100.0,15.094675504964654,2650.807984609404,120.02721700184489,100.0,50.0
63.46666666666667,6.46,145.66953799361727,1.0,100.0,14.949277530900833,2676.5899737254476,120.17261497590871,100.0,50.0
63.483333333333334,6.46,145.7001522261412,1.0,100.0,14.80378165764683,2702.8962787342716,120.31811084916272,100.0,50.0
63.5,6.46,145.73065165529317,1.0,100.0,14.65818825232461,2729.7429712913327,120.46370425448494,100.0,50.0
63.516666666666666,6.46,145.76103671158583,1.0,100.0,14.512497680679429,2757.146787139056,120.60939482613011,100.0,50.0
63.53333333333333,6.46,145.79130782391738,1.0,100.0,14.366710307084997,2785.1251607624945,120.75518219972454,100.0,50.0
63.55,6.46,145.8214654195777,1.0,100.0,14.220826494548623,2813.6962622381197,120.90106601226091,100.0,50.0
63.56666666666667,6.46,145.8515099242543,1.0,100.0,14.07484660471634,2842.8790364393953,121.04704590209319,100.0,50.0
63.583333333333336,6.46,145.88144176203832,1.0,100.0,13.928770997878008,2872.693244776881,121.19312150893153,100.0,50.0
63.6,6.46,145.91126135543067,1.0,100.0,13.782600032972399,2903.1595096661117,121.33929247383713,100.0,50.0
63.61666666666667,6.46,145.9409691253478,1.0,100.0,13.636334067592266,2934.2993619335184,121.48555843921727,100.0,50.0
63.63333333333333,6.46,145.97056549112776,1.0,100.0,13.489973457989388,2966.1352913893747,121.63191904882015,100.0,50.0
63.65,6.46,146.00005087053603,1.0,100.0,13.3435185590796,2998.690800817403,121.77837394772993,100.0,50.0
63.666666666666664,6.46,146.02942567977152,1.0,100.0,13.196969724447804,3031.990463653393,121.92492278236173,100.0,50.0
63.68333333333333,6.46,146.05869033347238,1.0,100.0,13.050327306352957,3066.0599856503018,122.07156520045658,100.0,50.0
63.7,6.46,146.08784524472188,1.0,100.0,12.903591655733045,3100.926270855025,122.21830085107649,100.0,50.0
63.71666666666667,6.46,146.11689082505416,1.0,100.0,12.756763122210037,3136.6174922527093,122.3651293845995,100.0,50.0
63.733333333333334,6.46,146.1458274844602,1.0,100.0,12.60984205409482,3173.163167468442,122.51205045271472,100.0,50.0
63.75,6.46,146.17465563139348,1.0,100.0,12.462828798392115,3210.594239953818,122.65906370841742,100.0,50.0
63.766666666666666,6.46,146.20337567277576,1.0,100.0,12.315723700805375,3248.943166127677,122.80616880600417,100.0,50.0
63.78333333333333,6.46,146.23198801400287,1.0,100.0,12.168527105741665,3288.244008986781,122.95336540106787,100.0,50.0
63.8,6.46,146.26049305895035,1.0,100.0,12.021239356316523,3328.5325387538796,123.10065315049302,100.0,50.0
63.81666666666667,6.46,146.28889120997928,1.0,100.0,11.873860794358805,3369.8463411882212,123.24803171245074,100.0,50.0
63.833333333333336,6.46,146.31718286794185,1.0,100.0,11.726391760415508,3412.224934247846,123.39550074639403,100.0,50.0
63.85,6.46,146.34536843218706,1.0,100.0,11.578832593756578,3455.7098938647528,123.54305991305297,100.0,50.0
63.86666666666667,6.46,146.37344830056637,1.0,100.0,11.4311836323797,3500.3449896743996,123.69070887442984,100.0,50.0
63.88333333333333,6.46,146.40142286943924,1.0,100.0,11.283445213015064,3546.1763316309257,123.83844729379449,100.0,50.0
63.9,6.46,146.42929253367885,1.0,100.0,11.135617671130124,3593.2525285404727,123.98627483567942,100.0,50.0
63.916666666666664,6.46,146.45705768667756,1.0,100.0,10.987701340934333,3641.6248596583896,124.13419116587522,100.0,50.0
63.93333333333333,6.46,146.4847187203525,1.0,100.0,10.839696555383856,3691.3474606237573,124.2821959514257,100.0,50.0
63.95,6.46,146.51227602515118,1.0,100.0,10.691603646186273,3742.477525148538,124.43028886062329,100.0,50.0
63.96666666666667,6.46,146.53972999005686,1.0,100.0,10.543422943805261,3795.07552404106,124.5784695630043,100.0,50.0
63.983333333333334,6.46,146.56708100259414,1.0,100.0,10.395154777465256,3849.2054433272265,124.72673772934431,100.0,50.0
64.0,6.46,146.5943294488344,1.0,100.0,10.246799475156108,3904.9350434408393,124.87509303165346,100.0,50.0
64.01666666666667,6.46,146.62147571340128,1.0,100.0,10.098357363637698,3962.336141690524,125.02353514317187,100.0,50.0
64.03333333333333,6.46,146.64852017947604,1.0,100.0,9.949828768444561,4021.4849204790344,125.02353514317187,100.0,0.0
64.05,6.46,146.675463228803,1.0,100.0,9.801214013890478,4082.4622640563643,125.02353514317187,100.0,0.0
64.06666666666666,6.46,146.702305241695,1.0,100.0,9.652513423073053,4145.354126936753,125.02353514317187,100.0,0.0
64.08333333333333,6.46,146.72904659703863,1.0,100.0,9.503727317878273,4210.251937508377,125.02353514317187,100.0,0.0
64.1,6.46,146.75568767229973,1.0,100.0,9.354856018985052,4277.253040821197,125.1724064420651,100.0,50.0
64.11666666666666,6.46,146.7822288435286,1.0,100.0,9.20589984586976,4346.461185062773,125.32136261518039,100.0,50.0
64.13333333333334,6.46,146.80867048536535,1.0,100.0,9.056859116810731,4417.987056835044,125.47040334423941,100.0,50.0
64.15,6.46,146.83501297104524,1.0,100.0,8.907734148892754,4491.948871040563,125.6195283121574,100.0,50.0
64.16666666666667,6.46,146.8612566724038,1.0,100.0,8.758525258011547,4568.473021990517,125.76873720303861,100.0,50.0
64.18333333333334,6.46,146.8874019598823,1.0,100.0,8.609232758878225,4647.694803277911,125.91802970217194,100.0,50.0
64.2,6.46,146.91344920253275,1.0,100.0,8.459856965023732,4729.759205040653,126.06740549602642,100.0,50.0
64.21666666666667,6.46,146.93939876802324,1.0,100.0,8.310398188803275,4814.821798497997,126.21686427224688,100.0,50.0
64.23333333333333,6.46,146.96525102264314,1.0,100.0,8.160856741400723,4903.049719113249,126.36640571964944,100.0,50.0
64.25,6.46,146.99100633130823,1.0,100.0,8.01123293283301,4994.622761455328,126.51602952821715,100.0,50.0
64.26666666666667,6.46,147.01666505756583,1.0,100.0,7.861527071954506,5089.734600850311,126.66573538909564,100.0,50.0
64.28333333333333,6.46,147.04222756359997,1.0,100.0,7.711739466461376,5188.594159290078,126.81552299458878,100.0,50.0
64.3,6.46,147.06769421023645,1.0,100.0,7.561870422895924,5291.427135870534,126.96539203815422,100.0,50.0
64.31666666666666,6.46,147.09306535694807,1.0,100.0,7.411920246650923,5398.477725354397,127.11534221439922,100.0,50.0
64.33333333333333,6.46,147.1183413618595,1.0,100.0,7.26188924197392,5510.010552401644,127.26537321907622,100.0,50.0
64.35,6.46,147.14352258175253,1.0,100.0,7.111777711971536,5626.312853717668,127.41548474907862,100.0,50.0
64.36666666666666,6.46,147.16860937207096,1.0,100.0,6.96158595861374,5747.696946001092,127.56567650243642,100.0,50.0
64.38333333333334,6.46,147.1936020869257,1.0,100.0,6.811314282738116,5874.503024336033,127.71594817831205,100.0,50.0
64.4,6.46,147.21850107909972,1.0,100.0,6.6609629840541045,6007.102343825796,127.86629947699606,100.0,50.0
64.41666666666667,6.46,147.2433067000531,1.0,100.0,6.510532361147238,6145.900847130951,128.01673009990293,100.0,50.0
64.43333333333334,6.46,147.2680192999279,1.0,100.0,6.360022711483352,6291.343312564367,128.16723974956682,100.0,50.0
64.45,6.46,147.29263922755317,1.0,100.0,6.209434331412785,6443.918112029442,128.31782812963738,100.0,50.0
64.46666666666667,6.46,147.31716683044985,1.0,100.0,6.058767516174563,6604.162686029598,128.4684949448756,100.0,50.0
64.48333333333333,6.46,147.34160245483565,1.0,100.0,5.908022559900564,6772.669865079481,128.6192399011496,100.0,50.0
64.5,6.46,147.36594644563002,1.0,100.0,5.757199755619672,6950.095194211565,128.7700627054305,100.0,50.0
64.51666666666667,6.46,147.3901991464589,1.0,100.0,5.606299395261912,7137.165451325129,128.92096306578824,100.0,50.0
64.53333333333333,6.46,147.4143608996597,1.0,100.0,5.455321769662574,7334.688592735968,129.07194069138757,100.0,50.0
64.55,6.46,147.43843204628598,1.0,100.0,5.304267168566313,7543.565412913277,129.22299529248383,100.0,50.0
64.56666666666666,6.46,147.46241292611242,1.0,100.0,5.153135880631242,7764.803273292845,129.3741265804189,100.0,50.0
64.58333333333333,6.46,147.4863038776395,1.0,100.0,5.001928193433008,7999.532341584021,129.52533426761713,100.0,50.0
64.6,6.46,147.51010523809836,1.0,100.0,4.850644393468847,8249.024893996337,129.67661806758127,100.0,50.0
64.61666666666666,6.46,147.5338173434555,1.0,100.0,7.761767067046587,5541.66158068115,129.76549539400352,100.0,50.0
64.63333333333334,6.46,147.55744052841754,1.0,90.48524329303197,10.761767067046588,4275.606976715201,129.76549539400352,100.0,0.0
64.65,6.46,147.54529478878484,1.0,83.346368226687,13.761767067046588,3561.540179750112,129.76549539400352,100.0,0.0
64.66666666666667,6.46,147.50642381417697,1.0,79.49457025301209,16.761767067046588,3103.0789382525973,129.76549539400352,100.0,0.0
64.68333333333334,6.46,147.4532543633226,1.0,77.14426908354442,19.761767067046588,2783.8141279068336,129.76549539400352,100.0,0.0
64.7,6.46,147.39147066852343,1.0,75.58717549312776,22.761767067046588,2548.7074963365603,129.76549539400352,100.0,0.0
64.71666666666667,6.46,147.3240795616157,1.0,81.01574333256545,22.761767067046588,2548.7074963365603,129.76549539400352,100.0,0.0
64.73333333333333,6.46,147.27729830075674,1.0,86.02880419000265,22.761767067046588,2548.7074963365603,129.76549539400352,100.0,0.0
64.75,6.46,147.24949144784142,1.0,90.65932948840512,22.761767067046588,2548.7074963365603,129.76549539400352,100.0,0.0
64.76666666666667,6.46,147.23915334049354,1.0,94.93767429342218,22.761767067046588,2548.7074963365603,129.76549539400352,100.0,0.0
64.78333333333333,6.46,147.24489779406701,1.0,98.89178492728358,22.761767067046588,2548.7074963365603,129.76549539400352,100.0,0.0
64.8,6.46,147.26544862081658,1.0,100.0,22.654421362832494,2560.7842912653796,129.76549539400352,100.0,0.0
64.81666666666666,6.46,147.29007818848854,1.0,100.0,22.503841172536088,2577.9192942602185,129.91607558429993,100.0,50.0
64.83333333333333,6.46,147.3146153952817,1.0,100.0,22.353182516360373,2595.294263409172,130.06673424047565,100.0,50.0
64.85,6.46,147.3390605875494,1.0,100.0,22.202445688552395,2612.914233298176,130.21747106828363,100.0,50.0
64.86666666666666,6.46,147.3634141103461,1.0,100.0,22.051630982255777,2630.7843805444368,130.36828577458024,100.0,50.0
64.88333333333334,6.46,147.38767630743232,1.0,100.0,21.90073868951485,2648.9100288394607,130.51917806732118,100.0,50.0
64.9,6.46,147.41184752127944,1.0,100.0,21.749769101278783,2667.2966542084982,130.67014765555726,100.0,50.0
64.91666666666667,6.46,147.43592809307464,1.0,100.0,21.59872250740568,2685.9498904973193,130.82119424943036,100.0,50.0
64.93333333333334,6.46,147.4599183627256,1.0,100.0,21.44759919666668,2704.8755350978627,130.97231756016936,100.0,50.0
64.95,6.46,147.48381866886538,1.0,100.0,21.29639945675003,2724.079554924983,131.123517300086,100.0,50.0
64.96666666666667,6.46,147.50762934885714,1.0,100.0,21.14512357426515,2743.56809265724,131.27479318257087,100.0,50.0
64.98333333333333,6.46,147.53135073879892,1.0,100.0,20.993771834746667,2763.3474732554328,131.42614492208935,100.0,50.0
65.0,6.46,147.55498317352843,1.0,100.0,20.842344522658458,2783.424210773417,131.57757223417755,100.0,50.0
65.01666666666667,6.46,147.5785269866277,1.0,100.0,20.69084192139766,2803.805015476601,131.72907483543835,100.0,50.0
65.03333333333333,6.46,147.60198251042786,1.0,100.0,20.53926431329867,2824.4968012844656,131.72907483543835,100.0,0.0
65.05,6.46,147.62535007601375,1.0,100.0,20.38761197963713,2845.506693554447,131.72907483543835,100.0,0.0
65.06666666666666,6.46,147.64863001322868,1.0,100.0,20.2358852006339,2866.8420372255814,131.72907483543835,100.0,0.0
65.08333333333333,6.46,147.67182265067908,1.0,100.0,20.08408425545901,2888.5104053414766,131.72907483543835,100.0,0.0
65.1,6.46,147.69492831573902,1.0,100.0,19.93220942223561,2910.519607973369,131.88094966866174,100.0,50.0
65.11666666666666,6.46,147.717947334555,1.0,100.0,19.780260978043874,2932.877701565359,132.03289811285347,100.0,50.0
65.13333333333334,6.46,147.7408800320504,1.0,100.0,19.628239198924938,2955.5929987253126,132.1849198919724,100.0,50.0
65.15,6.46,147.7637267319302,1.0,100.0,19.476144359884778,2978.6740784864205,132.33701473101257,100.0,50.0
65.16666666666667,6.46,147.78648775668546,1.0,100.0,19.323976734898096,3002.129797066029,132.48918235599925,100.0,50.0
65.18333333333334,6.46,147.8091634275979,1.0,100.0,19.171736596912197,3025.969299150077,132.64142249398515,100.0,50.0
65.2,6.46,147.83175406474442,1.0,100.0,19.019424217850823,3050.2020297333534,132.79373487304653,100.0,50.0
65.21666666666667,6.46,147.85425998700163,1.0,100.0,18.867039868618008,3074.8377465477674,132.94611922227935,100.0,50.0
65.23333333333333,6.46,147.87668151205037,1.0,100.0,18.714583819101897,3099.8865331129923,133.09857527179545,100.0,50.0
65.25,6.46,147.8990189563802,1.0,100.0,18.56205633817855,3125.3588124461517,133.2511027527188,100.0,50.0
65.26666666666667,6.46,147.92127263529378,1.0,100.0,18.409457693715748,3151.2653614696987,133.4037013971816,100.0,50.0
65.28333333333333,6.46,147.9434428629114,1.0,100.0,18.256788152576757,3177.6173261593294,133.55637093832058,100.0,50.0
65.3,6.46,147.9655299521755,1.0,100.0,18.10404798062412,3204.4262374766604,133.70911111027323,100.0,50.0
65.31666666666666,6.46,147.98753421485483,1.0,100.0,17.951237442723386,3231.704028134514,133.86192164817396,100.0,50.0
65.33333333333333,6.46,148.00945596154912,1.0,100.0,17.798356802746856,3259.463050246021,134.0148022881505,100.0,50.0
65.35,6.46,148.0312955016933,1.0,100.0,17.64540632357732,3287.7160939123714,134.16775276732002,100.0,50.0
65.36666666666666,6.46,148.05305314356195,1.0,100.0,17.492386267111748,3316.476406807995,134.3207728237856,100.0,50.0
65.38333333333334,6.46,148.0747291942736,1.0,100.0,17.339296894265,3345.757714826153,134.47386219663235,100.0,50.0
65.4,6.46,148.0963239597951,1.0,100.0,17.18613846497351,3375.574243852556,134.62702062592385,100.0,50.0
65.41666666666667,6.46,148.11783774494586,1.0,100.0,17.032911238198942,3405.9407427395586,134.7802478526984,100.0,50.0
65.43333333333334,6.46,148.1392708534023,1.0,100.0,16.879615471931857,3436.87250755889,134.9335436189655,100.0,50.0
65.45,6.46,148.16062358770205,1.0,100.0,16.726251423195354,3468.3854072166973,135.086907667702,100.0,50.0
65.46666666666667,6.46,148.18189624924815,1.0,100.0,16.572819348048693,3500.4959105210314,135.24033974284868,100.0,50.0
65.48333333333333,6.46,148.2030891383135,1.0,100.0,16.419319501590913,3533.221114798773,135.39383958930645,100.0,50.0
65.5,6.46,148.2242025540448,1.0,100.0,16.265752137964427,3566.5787761664683,135.54740695293293,100.0,50.0
65.51666666666667,0.0,148.04336179446713,1.0,100.0,16.11211751035862,3600.5873415676847,135.70104158053874,100.0,50.0
65.53333333333333,0.0,147.86319918773788,1.0,100.0,15.959059012606334,3635.11948341207,135.85410007829103,100.0,50.0
65.55,0.0,147.68371219078387,1.0,100.0,15.80657448422062,3670.1871371030807,136.00658460667674,100.0,50.0
65.56666666666666,0.0,147.50489827006842,1.0,100.0,15.654661772816354,3705.8026034382624,136.158497318081,100.0,50.0
65.58333333333333,0.0,147.32675490155566,1.0,100.0,15.503318734079853,3741.9785627010433,136.30984035681752,100.0,50.0
65.6,0.0,147.14927957067482,1.0,100.0,15.352543231738613,3778.728089409753,136.46061585915876,100.0,50.0
65.61666666666666,0.0,146.9724697722848,1.0,100.0,15.202333137531154,3816.0646677599098,136.61082595336623,100.0,50.0
65.63333333333334,0.0,146.79632301063873,1.0,100.0,15.052686331176972,3854.002207798097,136.76047275972041,100.0,50.0
65.65,0.0,146.62083679934884,1.0,100.0,14.903600700346619,3892.555062368187,136.90955839055076,100.0,50.0
65.66666666666667,0.0,146.44600866135127,1.0,100.0,14.75507414063188,3931.7380448732806,137.0580849502655,100.0,50.0
65.68333333333334,0.0,146.2718361288712,1.0,100.0,14.60710455551607,3971.5664478995495,137.20605453538133,100.0,50.0
65.7,0.0,146.09831674338793,1.0,100.0,14.459689856344445,4012.0560627511672,137.35346923455296,100.0,50.0
65.71666666666667,0.0,145.9254480556002,1.0,100.0,14.312827962294714,4053.2231999487612,137.50033112860268,100.0,50.0
65.73333333333333,0.0,145.7532276253917,1.0,100.0,14.166516800347669,4095.084710747285,137.64664229054972,100.0,50.0
65.75,0.0,145.58165302179648,1.0,100.0,14.020754305257926,4137.658009732956,137.79240478563946,100.0,50.0
65.76666666666667,0.0,145.41072182296475,1.0,100.0,13.87553841952477,4180.961098562921,137.93762067137263,100.0,50.0
65.78333333333333,0.0,145.24043161612863,1.0,100.0,13.730867093363111,4225.012590915634,138.0822919975343,100.0,50.0
65.8,0.0,145.07077999756814,1.0,100.0,13.58673828467456,4269.831738724617,138.22642080622285,100.0,50.0
65.81666666666666,0.0,144.90176457257726,1.0,100.0,13.44314995901859,4315.438459773271,138.37000913187882,100.0,50.0
65.83333333333333,0.0,144.7333829554301,1.0,100.0,13.30010008958383,4361.8533667338415,138.51305900131356,100.0,50.0
65.85,0.0,144.56563276934725,1.0,100.0,13.15758665715945,4409.097797739495,138.65557243373794,100.0,50.0
65.86666666666666,0.0,144.3985116464622,1.0,100.0,13.015607650106663,4457.19384858477,138.79755144079073,100.0,50.0
65.88333333333334,0.0,144.23201722778796,1.0,100.0,12.874161064330323,4506.164406656502,138.93899802656708,100.0,50.0
65.9,0.0,144.06614716318376,1.0,100.0,12.733244903250645,4556.033186704691,139.07991418764675,100.0,50.0
65.91666666666667,0.0,143.90089911132182,1.0,100.0,12.592857177775015,4606.824768570782,139.22030191312237,100.0,50.0
65.93333333333334,0.0,143.73627073965437,1.0,100.0,12.45299590626992,4658.5646369994765,139.36016318462745,100.0,50.0
65.95,0.0,143.57225972438067,1.0,100.0,12.313659114532967,4711.279223669545,139.4994999763644,100.0,50.0
65.96666666666667,0.0,143.40886375041424,1.0,100.0,12.174844835765029,4764.995951589302,139.63831425513234,100.0,50.0
65.98333333333333,0.0,143.2460805113502,1.0,100.0,12.03655111054247,4819.743282013424,139.7766079803549,100.0,50.0
66.0,0.0,143.08390770943262,1.0,100.0,11.898775986789497,4875.550764049744,139.91438310410788,99.99998333333333,50.0
66.01666666666667,0.0,142.92234305552225,1.0,100.0,11.761517519750596,4932.449087137734,140.05164157114677,99.99996666666667,50.0
66.03333333333333,0.0,142.76138426906405,1.0,100.0,11.624773771963092,4990.470136594455,140.05164157114677,99.99995,0.0
66.05,0.0,142.60102907805506,1.0,100.0,11.48854281322979,5049.647052439281,140.05164157114677,99.99993333333333,0.0
66.06666666666666,0.0,142.44127521901237,1.0,100.0,11.352822720591739,5110.014291725371,140.05164157114677,99.99991666666666,0.0
66.08333333333333,0.0,142.28212043694109,1.0,100.0,11.21761157830108,5171.607694624281,140.05164157114677,99.9999,0.0
66.1,0.0,142.12356248530256,1.0,100.0,11.082907477794011,5234.4645545300045,140.18634567165384,99.99988333333333,50.0
66.11666666666666,0.0,141.96559912598266,1.0,100.0,10.948708517663844,5298.623692470598,140.320544631784,99.99986666666668,50.0
66.13333333333334,0.0,141.80822812926021,1.0,100.0,10.815012803634165,5364.125536139372,140.45424034581367,99.99985,50.0
66.15,0.0,141.6514472737755,1.0,100.0,10.681818448532097,5431.01220388374,140.58743470091574,99.99983333333333,50.0
66.16666666666667,0.0,141.49525434649883,1.0,100.0,10.549123572261662,5499.327594018379,140.72012957718619,99.99981666666666,50.0
66.18333333333334,0.0,141.33964714269945,1.0,100.0,10.416926301777242,5569.117479860698,140.8523268476706,99.99980000000001,50.0
66.2,0.0,141.1846234659143,1.0,100.0,10.285224771057138,5640.429610920946,140.98402837839072,99.99978333333334,50.0
66.21666666666667,0.0,141.03018112791713,1.0,100.0,10.154017121077233,5713.313820717068,141.11523602837062,99.99976666666667,50.0
66.23333333333333,0.0,140.87631794868744,1.0,100.0,10.023301499784754,5787.8221417258665,141.24595164966308,99.99974999999999,50.0
66.25,0.0,140.72303175637987,1.0,100.0,9.893076062072122,5864.008928027724,141.3761770873757,99.99973333333332,50.0
66.26666666666667,0.0,140.57032038729344,1.0,100.0,9.763338969750912,5941.930986252376,141.50591417969693,99.99971666666667,50.0
66.28333333333333,0.0,140.4181816858411,1.0,100.0,9.634088391525905,6021.6477154887125,141.63516475792193,99.9997,50.0
66.3,0.0,140.2666135045192,1.0,100.0,9.505322502969243,6103.221256882799,141.7639306464786,99.99968333333334,50.0
66.31666666666666,0.0,140.11561370387724,1.0,100.0,9.377039486494668,6186.716653715915,141.89221366295317,99.99966666666667,50.0
66.33333333333333,0.0,139.9651801524877,1.0,100.0,9.249237531331874,6272.202022829282,142.02001561811596,99.99965,50.0
66.35,0.0,139.81531072691587,1.0,100.0,9.12191483350094,6359.748738345017,142.1473383159469,99.99963333333334,50.0
66.36666666666666,0.0,139.66600331168993,1.0,100.0,8.995069595786871,6449.43162872476,142.27418355366098,99.99961666666667,50.0
66.38333333333334,0.0,139.51725579927108,1.0,100.0,8.868700027714231,6541.329188309491,142.40055312173362,99.9996,50.0
66.4,0.0,139.3690660900238,1.0,100.0,8.742804345521863,6635.523804597443,142.526448803926,99.99958333333333,50.0
66.41666666666667,0.0,139.2214320921862,1.0,100.0,8.617380772137716,6732.102002643312,142.65187237731016,99.99956666666667,50.0
66.43333333333334,0.0,139.07435172184051,1.0,100.0,8.49242753715376,6831.154708102625,142.77682561229412,99.99955,50.0
66.45,0.0,138.9278229028836,1.0,100.0,8.367942876800994,6932.777530602156,142.9013102726469,99.99953333333333,50.0
66.46666666666667,0.0,138.7818435669978,1.0,100.0,8.243925033924551,7037.0710692927,143.02532811552334,99.99951666666666,50.0
66.48333333333333,0.0,138.63641165362156,1.0,100.0,8.120372257958895,7144.141242636854,143.148880891489,99.9995,50.0
66.5,0.0,138.49152510992047,1.0,100.0,7.997282804903109,7254.099644704405,143.2719703445448,99.99948333333334,50.0
66.51666666666667,0.0,138.34718189075826,1.0,100.0,7.874654937296283,7367.063930494807,143.39459821215164,99.99946666666666,50.0
66.53333333333333,0.0,138.2033799586679,1.0,100.0,7.752486924192982,7483.158233083681,143.51676622525494,99.99945,50.0
66.55,0.0,138.0601172838229,1.0,100.0,7.630777041138819,7602.513615702551,143.6384761083091,99.99943333333333,50.0
66.56666666666666,0.0,137.91739184400856,1.0,100.0,7.509523570146109,7725.268562213138,143.75972957930182,99.99941666666666,50.0
66.58333333333333,0.0,137.77520162459354,1.0,100.0,7.388724799669621,7851.569509835078,143.8805283497783,99.99940000000001,50.0
66.6,0.0,137.6335446185013,1.0,100.0,7.268379024582421,7981.571428435686,144.0008741248655,99.99938333333334,50.0
66.61666666666666,0.0,137.49241882618193,1.0,100.0,7.148484546151797,8115.438451199862,144.12076860329614,99.99936666666667,50.0
66.63333333333334,0.0,137.35182225558376,1.0,100.0,7.029039672015289,8253.344562076632,144.24021347743266,99.99934999999999,50.0
66.65,0.0,137.21175292212533,1.0,100.0,6.910042716156791,8395.474346056411,144.35921043329117,99.99933333333333,50.0
66.66666666666667,0.0,137.07220884866734,1.0,100.0,6.791491998882764,8542.02380908227,144.4777611505652,99.99931666666667,50.0
66.68333333333334,0.0,136.93318806548484,1.0,100.0,6.673385846798514,8693.201275253621,144.59586730264942,99.9993,50.0
66.7,0.0,136.79468861023926,1.0,100.0,6.55572259278458,8849.22836995867,144.71353055666336,99.99928333333334,50.0
66.71666666666667,0.0,136.65670852795085,1.0,100.0,6.438500575973198,9010.34109869276,144.83075257347474,99.99926666666667,50.0
66.73333333333333,0.0,136.51924587097105,1.0,100.0,6.321718141724859,9176.791032606783,144.94753500772308,99.99924999999999,50.0
66.75,0.0,136.3822986989549,1.0,100.0,6.205373641604951,9348.846613311081,145.06387950784298,99.99923333333334,50.0
66.76666666666667,0.0,136.24586507883384,1.0,100.0,6.089465433360493,9526.79459116883,145.17978771608745,99.99921666666667,50.0
66.78333333333333,0.0,136.10994308478823,1.0,100.0,5.973991880896952,9710.94161328824,145.295261268551,99.9992,50.0
66.8,0.0,135.97453079822026,1.0,100.0,5.858951354255148,9901.615979712042,145.4103017951928,99.99918333333333,50.0
66.81666666666666,0.0,135.83962630772695,1.0,100.0,5.744342229588252,10099.169588962075,145.52491091985968,99.99916666666667,50.0
66.83333333333333,0.0,135.70522770907297,1.0,100.0,0.0,10099.169588962075,145.62491091985967,99.99915,50.0
66.85,0.0,135.57133310516394,1.0,100.0,3.0487311329622453,1315.2740546851842,145.67617978689742,99.99908333333335,50.0
66.86666666666666,0.0,135.43794060601957,1.0,76.81359909978956,6.048731132962246,1158.9070178199904,145.67617978689742,99.99901666666666,0.0
66.88333333333334,0.0,135.2180993253712,1.0,70.78428864318917,9.048731132962246,1106.2232717284087,145.67617978689742,99.99895,0.0
66.9,0.0,134.97647253531304,1.0,68.58716903890607,12.048731132962246,1079.7748588898628,145.67617978689742,99.99888333333334,0.0
66.91666666666667,0.0,134.7275126472015,1.0,67.4896644304945,15.048731132962246,1063.8715528532907,145.67617978689742,99.99881666666667,0.0
66.93333333333334,0.0,134.47537071638885,1.0,66.83791073891763,18.048731132962246,1053.2550359830311,145.67617978689742,99.99875,0.0
66.95,0.0,134.22173024147332,1.0,66.40461157281216,21.048731132962246,1045.6647871010498,145.67617978689742,99.99868333333333,0.0
66.96666666666667,0.0,133.96741604646584,1.0,71.94900747619488,21.048731132962246,1045.6647871010498,145.67617978689742,99.99861666666666,0.0
66.98333333333333,0.0,133.73484701432733,1.0,77.01932920559952,21.048731132962246,1045.6647871010498,145.67617978689742,99.99860000000001,0.0
67.0,0.0,133.5221638225446,1.0,81.65611252476833,21.048731132962246,1045.6647871010498,145.67617978689742,99.99858333333333,0.0
67.01666666666667,0.0,133.32766613017793,1.0,85.89642718256158,21.048731132962246,1045.6647871010498,145.67617978689742,99.99856666666666,0.0
67.03333333333333,0.0,133.14979898412437,1.0,89.77417327493656,21.048731132962246,1045.6647871010498,145.67617978689742,99.99855,0.0
67.05,0.0,132.98714038771493,1.0,93.32035226646332,21.048731132962246,1045.6647871010498,145.67617978689742,99.99853333333333,0.0
67.06666666666666,0.0,132.83838993226024,1.0,96.56331483811631,21.048731132962246,1045.6647871010498,145.67617978689742,99.99851666666667,0.0
67.08333333333333,0.0,132.7023584006572,1.0,99.5289875428137,21.048731132962246,1045.6647871010498,145.67617978689742,99.9985,0.0
67.1,0.0,132.5779582599403,1.0,100.0,20.961400515082182,1050.021297148518,145.67617978689742,99.99848333333333,0.0
67.11666666666666,0.0,132.4557909164655,1.0,100.0,20.857612329475295,1055.2462386978261,145.77996797250432,99.99846666666666,50.0
67.13333333333334,0.0,132.33408170052877,1.0,100.0,20.75421334956443,1060.5035511672684,145.88336695241517,99.99845,50.0
67.15,0.0,132.21282889415178,1.0,100.0,20.651202115828234,1065.7934988698105,145.98637818615137,99.99843333333334,50.0
67.16666666666667,0.0,132.09203078579873,1.0,100.0,20.548577174218547,1071.11634894659,146.08900312776106,99.99841666666667,50.0
67.18333333333334,0.0,131.97168567035197,1.0,100.0,20.446337076139898,1076.472371404898,146.1912432258397,99.9984,50.0
67.2,0.0,131.85179184908816,1.0,100.0,20.344480378429044,1081.8618391567768,146.29309992355056,99.99838333333332,50.0
67.21666666666667,0.0,131.73234762965407,1.0,100.0,20.243005643334605,1087.2850280582413,146.39457465864498,99.99836666666667,50.0
67.23333333333333,0.0,131.61335132604287,1.0,100.0,20.14191143849677,1092.7422169491401,146.49566886348282,99.99835,50.0
67.25,0.0,131.49480125857022,1.0,100.0,20.041196336927076,1098.2336876936654,146.59638396505252,99.99833333333333,50.0
67.26666666666667,0.0,131.37669575385058,1.0,100.0,19.94085891698827,1103.7597252215267,146.69672138499132,99.99831666666667,50.0
67.28333333333333,0.0,131.25903314477364,1.0,100.0,19.840897762374233,1109.3206175697976,146.79668253960537,99.9983,50.0
67.3,0.0,131.14181177048073,1.0,100.0,19.74131146209,1114.9166559254531,146.89626883988961,99.99828333333333,50.0
67.31666666666666,0.0,131.02502997634141,1.0,100.0,19.64209861043183,1120.5481346686056,146.99548169154778,99.99826666666667,50.0
67.33333333333333,0.0,130.90868611393014,1.0,100.0,19.54325780696738,1126.2153514164577,147.09432249501222,99.99825,50.0
67.35,0.0,130.79277854100292,1.0,100.0,19.44478765651592,1131.9186070679823,147.19279264546367,99.99823333333333,50.0
67.36666666666666,0.0,130.67730562147415,1.0,100.0,19.346686769128656,1137.6582058493464,147.29089353285093,99.99821666666666,50.0
67.38333333333334,0.0,130.56226572539362,1.0,100.0,19.248953760069092,1143.434455360092,147.3886265419105,99.9982,50.0
67.4,0.0,130.4476572289234,1.0,100.0,19.1515872497935,1149.2476666200873,147.48599305218607,99.99818333333333,50.0
67.41666666666667,0.0,130.33347851431492,1.0,100.0,19.054585863931443,1155.0981541172678,147.58299443804813,99.99816666666666,50.0
67.43333333333334,0.0,130.21972796988624,1.0,100.0,18.957948233266368,1160.9862358561775,147.6796320687132,99.99815,50.0
67.45,0.0,130.10640398999917,1.0,100.0,18.861672993716287,1166.91223340733,147.77590730826327,99.99813333333334,50.0
67.46666666666667,0.0,129.99350497503667,1.0,100.0,18.76575878631452,1172.876471957402,147.87182151566503,99.99811666666668,50.0
67.48333333333333,0.0,129.8810293313803,1.0,100.0,18.67020425719051,1178.8792803602805,147.96737604478903,99.9981,50.0
67.5,0.0,129.76897547138762,1.0,100.0,18.575008057550715,1184.9209911889752,148.06257224442882,99.99808333333333,50.0
67.51666666666667,0.0,129.65734181336992,1.0,100.0,18.48016884365957,1191.0019407884176,148.15741145831996,99.99806666666666,50.0
67.53333333333333,0.0,129.5461267815698,1.0,100.0,18.385685276820514,1197.1224693291622,148.251895025159,99.99805,50.0
67.55,0.0,129.4353288061389,1.0,100.0,18.291556023357106,1203.282920862008,148.34602427862242,99.99803333333334,50.0
67.56666666666666,0.0,129.32494632311588,1.0,100.0,18.197779754594187,1209.4836433735607,148.43980054738535,99.99801666666667,50.0
67.58333333333333,0.0,129.2149777744042,1.0,100.0,18.104355146839126,1215.724988842751,148.5332251551404,99.998,50.0
67.6,0.0,129.10542160775017,1.0,100.0,18.01128088136315,1222.007313298332,148.6262994206164,99.99798333333332,50.0
67.61666666666666,0.0,128.99627627672112,1.0,100.0,17.918555644382707,1228.330976877374,148.71902465759683,99.99796666666667,50.0
67.63333333333334,0.0,128.88754024068342,1.0,100.0,17.82617812704094,1234.6963438847752,148.8114021749386,99.99795,50.0
67.65,0.0,128.77921196478087,1.0,100.0,17.734147025389206,1241.1037828538108,148.90343327659033,99.99793333333334,50.0
67.66666666666667,0.0,128.67128991991294,1.0,100.0,17.642461040368666,1247.5536666077437,148.99511926161088,99.99791666666667,50.0
67.68333333333334,0.0,128.56377258271326,1.0,100.0,17.551118877791954,1254.0463723225141,149.0864614241876,99.9979,50.0
67.7,0.0,128.45665843552808,1.0,100.0,17.4601192483249,1260.5822815905335,149.17746105365467,99.99788333333333,50.0
67.71666666666667,0.0,128.34994596639484,1.0,100.0,17.36946086746835,1267.1617804856025,149.26811943451122,99.99786666666667,50.0
67.73333333333333,0.0,128.24363366902085,1.0,100.0,17.279142455540015,1273.7852596289815,149.35843784643956,99.99785,50.0
67.75,0.0,128.13772004276203,1.0,100.0,17.18916273765641,1280.4531142566316,149.44841756432317,99.99783333333333,50.0
67.76666666666667,0.0,128.03220359260166,1.0,100.0,17.099520443714866,1287.1657442876538,149.53805985826472,99.99781666666667,50.0
67.78333333333333,0.0,127.9270828291294,1.0,100.0,17.010214308375602,1293.9235543939506,149.62736599360397,99.9978,50.0
67.8,0.0,127.82235626852017,1.0,100.0,16.92124307104386,1300.7269540711359,149.71633723093572,99.99778333333333,50.0
67.81666666666666,0.0,127.71802243251322,1.0,100.0,16.832605475852116,1307.576357710718,149.80497482612748,99.99776666666666,50.0
67.83333333333333,0.0,127.6140798483913,1.0,100.0,16.744300271642338,1314.4721846735843,149.89328003033725,99.99775,50.0
67.85,0.0,127.51052704895983,1.0,100.0,16.656326211948347,1321.4148593648144,149.98125409003123,99.99773333333334,50.0
67.86666666666666,0.0,127.40736257252622,1.0,100.0,16.568682054978208,1328.4048113098484,150.06889824700136,99.99771666666668,50.0
67.88333333333334,0.0,127.30458496287925,1.0,100.0,16.48136656359671,1335.4424752320417,150.15621373838286,99.9977,50.0
67.9,0.0,127.20219276926845,1.0,100.0,16.39437850530789,1342.5282911316342,150.24320179667168,99.99768333333333,50.0
67.91666666666667,0.0,127.10018454638369,1.0,100.0,16.307716652237655,1349.662704366164,150.32986364974192,99.99766666666666,50.0
67.93333333333334,0.0,126.99855885433475,1.0,100.0,16.221379781116433,1356.8461657323562,150.41620052086316,99.99765000000001,50.0
67.95,0.0,126.89731425863098,1.0,100.0,16.135366673261913,1364.0791315495212,150.50221362871767,99.99763333333334,50.0
67.96666666666667,0.0,126.79644933016112,1.0,100.0,16.04967611456185,1371.3620637444906,150.58790418741773,99.99761666666667,50.0
67.98333333333333,0.0,126.69596264517303,1.0,100.0,15.964306895456913,1378.6954299381284,150.67327340652267,99.99759999999999,50.0
68.0,0.0,126.59585278525363,1.0,100.0,15.879257810923617,1386.079703533448,150.75832249105596,99.99758333333332,50.0
68.01666666666667,0.0,126.49611833730893,1.0,100.0,15.794527660457323,1393.5153638053719,150.84305264152226,99.99756666666667,50.0
68.03333333333333,0.0,126.39675789354402,1.0,100.0,15.710115248055278,1401.0028959921701,150.84305264152226,99.99755,0.0
68.05,0.0,126.29777005144324,1.0,100.0,15.62601938219974,1408.5427913886133,150.84305264152226,99.99753333333334,0.0
68.06666666666666,0.0,126.19915341375032,1.0,100.0,15.542238875841159,1416.1355474408767,150.84305264152226,99.99751666666667,0.0
68.08333333333333,0.0,126.10090658844877,1.0,100.0,15.458772546381423,1423.7816678432375,150.84305264152226,99.99749999999999,0.0
68.1,0.0,126.00302818874208,1.0,100.0,15.375619215657162,1431.4816626366016,150.92620597224652,99.99748333333334,50.0
68.11666666666666,0.0,125.9055168330343,1.0,100.0,15.292777709923117,1439.2360483089012,151.00904747798057,99.99746666666667,50.0
68.13333333333334,0.0,125.80837114491042,1.0,100.0,15.210246859835575,1447.045347897406,151.09157832806812,99.99745,50.0
68.15,0.0,125.71158975311701,1.0,100.0,15.12802550043586,1454.9100910929888,151.17379968746783,99.99743333333333,50.0
68.16666666666667,0.0,125.61517129154282,1.0,100.0,15.046112471133895,1462.8308143463917,151.2557127167698,99.99741666666667,50.0
68.18333333333334,0.0,125.51911439919954,1.0,100.0,14.964506615691812,1470.8080609765345,151.3373185722119,99.9974,50.0
68.2,0.0,125.42341772020254,1.0,100.0,14.883206782207637,1478.8423812809144,151.41861840569607,99.99738333333333,50.0
68.21666666666667,0.0,125.32807990375177,1.0,100.0,14.802211823099027,1486.9343326481426,151.49961336480467,99.99736666666666,50.0
68.23333333333333,0.0,125.2330996041127,1.0,100.0,14.721520595087075,1495.084479672666,151.58030459281662,99.99735,50.0
68.25,0.0,125.13847548059728,1.0,100.0,14.641131959180166,1503.293394271726,151.66069322872352,99.99733333333334,50.0
68.26666666666667,0.0,125.04420619754504,1.0,100.0,14.561044780657909,1511.5616558046,151.74078040724578,99.99731666666666,50.0
68.28333333333333,0.0,124.95029042430424,1.0,100.0,14.48125792905511,1519.889851194186,151.82056725884857,99.9973,50.0
68.3,0.0,124.8567268352131,1.0,100.0,14.401770278145822,1528.278575050976,151.90005490975787,99.99728333333333,50.0
68.31666666666666,0.0,124.76351410958105,1.0,100.0,14.322580705927443,1536.7284297994793,151.97924448197625,99.99726666666666,50.0
68.33333333333333,0.0,124.67065093167012,1.0,100.0,14.243688094604884,1545.2400258071464,152.05813709329882,99.99725000000001,50.0
68.35,0.0,124.57813599067636,1.0,100.0,14.165091330574786,1553.8139815158597,152.13673385732892,99.99723333333334,50.0
68.36666666666666,0.0,124.48596798071132,1.0,100.0,14.0867893044098,1562.4509235760415,152.2150358834939,99.99721666666666,50.0
68.38333333333334,0.0,124.39414560078366,1.0,100.0,14.008780910842932,1571.1514869834468,152.29304427706077,99.99719999999999,50.0
68.4,0.0,124.30266755478073,1.0,100.0,13.93106504875194,1579.916315218701,152.37076013915177,99.99718333333333,50.0
68.41666666666667,0.0,124.2115325514503,1.0,100.0,13.85364062114379,1588.7460603896484,152.44818456675992,99.99716666666667,50.0
68.43333333333334,0.0,124.12073930438237,1.0,100.0,13.776506535139168,1597.641383376577,152.52531865276455,99.99715,50.0
68.45,0.0,124.03028653199094,1.0,100.0,13.699661701957066,1606.602953980387,152.60216348594665,99.99713333333334,50.0
68.46666666666667,0.0,123.94017295749597,1.0,100.0,13.623105036899396,1615.631451073773,152.6787201510043,99.99711666666667,50.0
68.48333333333333,0.0,123.85039730890537,1.0,100.0,13.546835459335693,1624.727562755495,152.754989728568,99.9971,50.0
68.5,0.0,123.76095831899697,1.0,100.0,13.470851892687852,1633.8919865078062,152.83097329521584,99.99708333333334,50.0
68.51666666666667,0.0,123.67185472530073,1.0,100.0,13.395153264414942,1643.1254293571176,152.90667192348874,99.99706666666667,50.0
68.53333333333333,0.0,123.58308527008086,1.0,100.0,13.319738505998055,1652.428608037976,152.98208668190563,99.99705,50.0
68.55,0.0,123.49464870031805,1.0,100.0,13.244606552925232,1661.8022491604356,153.05721863497845,99.99703333333333,50.0
68.56666666666666,0.0,123.40654376769186,1.0,100.0,13.169756344676431,1671.2470893809052,153.13206884322724,99.99701666666667,50.0
68.58333333333333,0.0,123.31876922856301,1.0,100.0,13.095186824708563,1680.7638755765543,153.2066383631951,99.997,50.0
68.6,0.0,123.2313238439559,1.0,100.0,13.020896940440574,1690.3533650233676,153.2809282474631,99.99698333333333,50.0
68.61666666666666,0.0,123.14420637954107,1.0,100.0,12.946885643238591,1700.0163255779355,153.3549395446651,99.99696666666667,50.0
68.63333333333334,0.0,123.05741560561779,1.0,100.0,12.873151888401114,1709.7535358630726,153.42867329950255,99.99695,50.0
68.65,0.0,122.97095029709672,1.0,100.0,12.799694635144279,1719.5657854573574,153.50213055275938,99.99693333333333,50.0
68.66666666666667,0.0,122.88480923348261,1.0,100.0,12.726512846587157,1729.4538750886932,153.5753123413165,99.99691666666666,50.0
68.68333333333334,0.0,122.79899119885705,1.0,100.0,12.653605489737124,1739.4186168319877,153.64821969816654,99.9969,50.0
68.7,0.0,122.71349498186134,1.0,100.0,12.580971535475278,1749.4608343110535,153.7208536524284,99.99688333333333,50.0
68.71666666666667,0.0,122.62831937567937,1.0,100.0,12.508609958541914,1759.5813629048369,153.79321522936175,99.99686666666666,50.0
68.73333333333333,0.0,122.54346317802057,1.0,100.0,12.436519737522051,1769.7810499580828,153.8653054503816,99.99685000000001,50.0
68.75,0.0,122.45892519110299,1.0,100.0,12.364699854831013,1780.0607549965475,153.93712533307266,99.99683333333334,50.0
68.76666666666667,0.0,122.37470422163635,1.0,100.0,12.293149296700065,1790.421349946874,154.0086758912036,99.99681666666666,50.0
68.78333333333333,0.0,122.29079908080521,1.0,100.0,12.221867053162109,1800.8637193612467,154.07995813474156,99.9968,50.0
68.8,0.0,122.2072085842522,1.0,100.0,12.15085211803742,1811.388760646952,154.15097306986624,99.99678333333333,50.0
68.81666666666666,0.0,122.12393155206125,1.0,100.0,12.080103488919448,1821.997384300965,154.2217216989842,99.99676666666667,50.0
68.83333333333333,0.0,122.04096680874102,1.0,100.0,12.00962016716067,1832.6905141496918,154.29220502074298,99.99675,50.0
68.85,0.0,121.95831318320823,1.0,100.0,11.939401157858486,1843.4690875940055,154.36242403004516,99.99673333333334,50.0
68.86666666666666,0.0,121.8759695087712,1.0,100.0,11.869445469841185,1854.334055859704,154.43237971806246,99.99671666666666,50.0
68.88333333333334,0.0,121.79393462311332,1.0,100.0,11.79975211565395,1865.2863842535382,154.5020730722497,99.9967,50.0
68.9,0.0,121.71220736827664,1.0,100.0,11.730320111544916,1876.327052424951,154.57150507635873,99.99668333333334,50.0
68.91666666666667,0.0,121.6307865906456,1.0,100.0,11.661148477451292,1887.4570546336765,154.64067671045237,99.99666666666667,50.0
68.93333333333334,0.0,121.54967114093068,1.0,100.0,11.592236236985519,1898.6774000233559,154.70958895091815,99.99665,50.0
68.95,0.0,121.46885987415219,1.0,100.0,11.523582417421492,1909.9891129013263,154.77824277048217,99.99663333333334,50.0
68.96666666666667,0.0,121.38835164962411,1.0,100.0,11.45518604968083,1921.3932330247442,154.84663913822283,99.99661666666667,50.0
68.98333333333333,0.0,121.30814533093802,1.0,100.0,11.387046168319195,1932.890815893215,154.91477901958447,99.9966,50.0
69.0,0.0,121.228239785947,1.0,100.0,11.319161811512666,1944.4829330481002,154.982663376391,99.99658333333333,50.0
69.01666666666667,0.0,121.14863388674969,1.0,100.0,11.251532021044163,1956.1706723786788,155.05029316685952,99.99656666666667,50.0
69.03333333333333,0.0,121.06932650967438,1.0,100.0,11.184155842289917,1967.9551384353513,155.05029316685952,99.99655,0.0
69.05,0.0,120.9903165352631,1.0,100.0,11.117032324205999,1979.83745275007,155.05029316685952,99.99653333333333,0.0
69.06666666666666,0.0,120.91160284825587,1.0,100.0,11.050160519314895,1991.8187541641976,155.05029316685952,99.99651666666666,0.0
69.08333333333333,0.0,120.8331843375749,1.0,100.0,10.983539483692132,2003.9001991639886,155.05029316685952,99.9965,0.0
69.1,0.0,120.755059896309,1.0,100.0,10.917168276952955,2016.0829622239085,155.1166643735987,99.99648333333333,50.0
69.11666666666666,0.0,120.67722842169785,1.0,100.0,10.85104596223905,2028.3682361579986,155.1827866883126,99.99646666666666,50.0
69.13333333333334,0.0,120.59968881511648,1.0,100.0,10.785171606205322,2040.7572324795128,155.24866104434633,99.99645000000001,50.0
69.15,0.0,120.5224399820598,1.0,100.0,10.71954427900672,2053.251181769049,155.31428837154493,99.99643333333333,50.0
69.16666666666667,0.0,120.44548083212707,1.0,100.0,10.654163054285114,2065.8513340514146,155.37966959626655,99.99641666666666,50.0
69.18333333333334,0.0,120.3688102790066,1.0,100.0,10.589027009156213,2078.5589591814683,155.44480564139545,99.9964,50.0
69.2,0.0,120.29242724046033,1.0,100.0,10.524135224196547,2091.3753472391854,155.5096974263551,99.99638333333334,50.0
69.21666666666667,0.0,120.2163306383086,1.0,100.0,10.459486783430478,2104.301808934208,155.57434586712117,99.99636666666667,50.0
69.23333333333333,0.0,120.14051939841495,1.0,100.0,10.395080774317282,2117.3396760201454,155.63875187623435,99.99635,50.0
69.25,0.0,120.0649924506709,1.0,100.0,10.330916287738262,2130.490301718901,155.70291636281337,99.99633333333333,50.0
69.26666666666667,0.0,119.98974872898089,1.0,100.0,10.266992417983912,2143.755061155309,155.76684023256772,99.99631666666666,50.0
69.28333333333333,0.0,119.91478717124721,1.0,100.0,10.20330826274114,2157.135351802375,155.8305243878105,99.9963,50.0
69.3,0.0,119.84010671935503,1.0,100.0,10.13986292308053,2170.6325939374233,155.8939697274711,99.99628333333334,50.0
69.31666666666666,0.0,119.76570631915746,1.0,100.0,10.076655503443646,2184.2482311094604,155.95717714710798,99.99626666666667,50.0
69.33333333333333,0.0,119.69158492046061,1.0,100.0,10.013685111630402,2197.983730618088,156.02014753892124,99.99625,50.0
69.35,0.0,119.61774147700889,1.0,100.0,9.950950858786456,2211.840584004287,156.08288179176517,99.99623333333332,50.0
69.36666666666666,0.0,119.54417494647011,1.0,100.0,9.888451859390676,2225.8203075534257,156.14538079116096,99.99621666666667,50.0
69.38333333333334,0.0,119.47088429042084,1.0,100.0,9.82618723124263,2239.9244428108464,156.20764541930902,99.9962,50.0
69.4,0.0,119.39786847433176,1.0,100.0,9.764156095450138,2254.154557110398,156.2696765551015,99.99618333333333,50.0
69.41666666666667,0.0,119.32512646755302,1.0,100.0,9.702357576416869,2268.512244116298,156.33147507413477,99.99616666666667,50.0
69.43333333333334,0.0,119.2526572432997,1.0,100.0,9.640790801829974,2282.999124378715,156.39304184872168,99.99615,50.0
69.45,0.0,119.18045977863731,1.0,100.0,9.57945490264778,2297.6168459034775,156.45437774790386,99.99613333333333,50.0
69.46666666666667,0.0,119.10853305446743,1.0,100.0,9.518349013087521,2312.3670847363387,156.51548363746411,99.99611666666667,50.0
69.48333333333333,0.0,119.03687605551318,1.0,100.0,9.457472270613112,2327.2515455622192,156.57636037993854,99.9961,50.0
69.5,0.0,118.965487770305,1.0,100.0,9.396823815922982,2342.2719623198896,156.63700883462866,99.99608333333333,50.0
69.51666666666667,0.0,118.89436719116635,1.0,100.0,9.336402792937939,2357.4300988325517,156.6974298576137,99.99606666666668,50.0
69.53333333333333,0.0,118.82351331419947,1.0,100.0,9.27620834878909,2372.7277494548034,156.75762430176258,99.99605,50.0
69.55,0.0,118.75292513927123,1.0,100.0,9.2162396338058,2388.166739736487,156.81759301674586,99.99603333333333,50.0
69.56666666666666,0.0,118.68260166999896,1.0,100.0,9.156495801503697,2403.748927103935,156.87733684904796,99.99601666666666,50.0
69.58333333333333,0.0,118.61254191373646,1.0,100.0,9.096976008572726,2419.476201559143,156.93685664197892,99.996,50.0
69.6,0.0,118.54274488155995,1.0,100.0,9.037679414865247,2435.3504863974385,156.9961532356864,99.99598333333334,50.0
69.61666666666666,0.0,118.47320958825411,1.0,100.0,8.97860518338417,2451.3737389441967,157.05522746716747,99.99596666666667,50.0
69.63333333333334,0.0,118.40393505229815,1.0,100.0,8.919752480271148,2467.547951311215,157.1140801702805,99.99595,50.0
69.65,0.0,118.33492029585203,1.0,100.0,8.8611204747948,2483.87515117335,157.17271217575683,99.99593333333333,50.0
69.66666666666667,0.0,118.26616434474258,1.0,100.0,8.802708339338988,2500.357402566057,157.23112431121265,99.99591666666666,50.0
69.68333333333334,0.0,118.19766622844979,1.0,100.0,8.744515249391135,2516.9968067044897,157.2893174011605,99.9959,50.0
69.7,0.0,118.1294249800931,1.0,100.0,8.686540383530588,2533.7955028248443,157.34729226702106,99.99588333333334,50.0
69.71666666666667,0.0,118.06143963641776,1.0,100.0,8.628782923417017,2550.7556690486576,157.40504972713464,99.99586666666667,50.0
69.73333333333333,0.0,117.99370923778119,1.0,100.0,8.571242053778871,2567.879523270786,157.46259059677277,99.99584999999999,50.0
69.75,0.0,117.9262328281395,1.0,100.0,8.513916962401868,2585.169324071839,157.51991568814978,99.99583333333332,50.0
69.76666666666667,0.0,117.85900945503398,1.0,100.0,8.45680684011753,2602.6273716558385,157.57702581043412,99.99581666666667,50.0
69.78333333333333,0.0,117.79203816957761,1.0,100.0,8.399910880791758,2620.2560088139403,157.6339217697599,99.9958,50.0
69.8,0.0,117.7253180264417,1.0,100.0,8.343228281313458,2638.057621915054,157.6906043692382,99.99578333333334,50.0
69.81666666666666,0.0,117.65884808384254,1.0,100.0,8.2867582415832,2656.034641924243,157.74707440896844,99.99576666666667,50.0
69.83333333333333,0.0,117.59262740352813,1.0,100.0,8.230499964501933,2674.1895454498226,157.8033326860497,99.99575,50.0
69.85,0.0,117.5266550507649,1.0,100.0,8.174452655959719,2692.5248558201033,157.85937999459193,99.99573333333333,50.0
69.86666666666666,0.0,117.46093009432454,1.0,100.0,8.11861552482454,2711.043144190756,157.9152171257271,99.99571666666667,50.0
69.88333333333334,0.0,117.39545160647083,1.0,100.0,8.062987782931117,2729.7470306838286,157.97084486762054,99.9957,50.0
69.9,0.0,117.33021866294656,1.0,100.0,8.007568645069794,2748.639185559472,158.02626400548186,99.99568333333333,50.0
69.91666666666667,0.0,117.26523034296052,1.0,100.0,7.9523573289754514,2767.7223304214713,158.0814753215762,99.99566666666666,50.0
69.93333333333334,0.0,117.20048572917442,1.0,100.0,7.897353055316462,2786.9992394577353,158.1364795952352,99.99565,50.0
69.95,0.0,117.13598390769002,1.0,100.0,7.842555047683694,2806.472740716924,158.19127760286796,99.99563333333333,50.0
69.96666666666667,0.0,117.07172396803618,1.0,100.0,7.787962532579549,2826.145717422452,158.2458701179721,99.99561666666666,50.0
69.98333333333333,0.0,117.00770500315605,1.0,100.0,7.733574739407044,2846.0211093251514,158.3002579111446,99.9956,50.0
70.0,0.0,116.94392610939421,1.0,100.0,7.6793909004589365,2866.101914095927,158.35444175009272,99.99558333333334,50.0
70.01666666666667,0.0,116.88038638648398,1.0,100.0,7.625410250906884,2886.391188759789,158.40842239964476,99.99556666666666,50.0
70.03333333333333,0.0,116.81708493753466,1.0,100.0,7.571632028790652,2906.892051172704,158.40842239964476,99.99555,0.0
70.05,0.0,116.7540208690189,1.0,100.0,7.518055475007356,2927.6076815427687,158.40842239964476,99.99553333333333,0.0
70.06666666666666,0.0,116.69119329076008,1.0,100.0,7.464679833300747,2948.5413239972563,158.40842239964476,99.99551666666666,0.0
70.08333333333333,0.0,116.62860131591974,1.0,100.0,7.411504350250538,2969.6962881971704,158.40842239964476,99.9955,0.0
70.1,0.0,116.56624406098504,1.0,100.0,7.358528275261767,2991.0759510009816,158.46139847463354,99.99548333333334,50.0
70.11666666666666,0.0,116.50412064575634,1.0,100.0,7.305750860554204,3012.683758179315,158.5141758893411,99.99546666666667,50.0
70.13333333333334,0.0,116.44223019333477,1.0,100.0,7.253171361151794,3034.52322618241,158.5667553887435,99.99544999999999,50.0
70.15,0.0,116.38057183010976,1.0,100.0,7.200789034872143,3056.5979439622633,158.61913771502316,99.99543333333332,50.0
70.16666666666667,0.0,116.31914468574685,1.0,100.0,7.148603142316041,3078.9115748514355,158.67132360757927,99.99541666666667,50.0
70.18333333333334,0.0,116.2579478931753,1.0,100.0,7.096612946857024,3101.467858500588,158.72331380303828,99.9954,50.0
70.2,0.0,116.1969805885759,1.0,100.0,7.044817714630979,3124.2706128769046,158.77510903526434,99.99538333333334,50.0
70.21666666666667,0.0,116.13624191136874,1.0,100.0,6.993216714525782,3147.3237363256403,158.82671003536953,99.99536666666667,50.0
70.23333333333333,0.0,116.0757310042011,1.0,100.0,6.941809218170979,3170.631209697139,158.87811753172434,99.99535,50.0
70.25,0.0,116.01544701293535,1.0,100.0,6.890594499927507,3194.197098541753,158.9293322499678,99.99533333333333,50.0
70.26666666666667,0.0,115.95538908663684,1.0,100.0,6.839571836877447,3218.0255553752118,158.98035491301786,99.99531666666667,50.0
70.28333333333333,0.0,115.89555637756196,1.0,100.0,6.788740508813825,3242.120822017091,159.03118624108149,99.9953,50.0
70.3,0.0,115.8359480411461,1.0,100.0,6.738099798230441,3266.4872320051486,159.08182695166488,99.99528333333333,50.0
70.31666666666666,0.0,115.7765632359918,1.0,100.0,6.687648990311746,3291.1292130884112,159.1322777595836,99.99526666666667,50.0
70.33333333333333,0.0,115.71740112385683,1.0,100.0,6.6373873729227455,3316.051289802034,159.18253937697258,99.99525,50.0
70.35,0.0,115.65846086964237,1.0,100.0,6.587314236598954,3341.258086127067,159.23261251329637,99.99523333333333,50.0
70.36666666666666,0.0,115.59974164138121,1.0,100.0,6.537428874536376,3366.754328238425,159.28249787535896,99.99521666666666,50.0
70.38333333333334,0.0,115.54124261022604,1.0,100.0,6.487730582581533,3392.5448473444826,159.3321961673138,99.9952,50.0
70.4,0.0,115.48296295043768,1.0,100.0,6.438218659221521,3418.6345826218853,159.3817080906738,99.99518333333334,50.0
70.41666666666667,0.0,115.42490183937355,1.0,100.0,6.388892405574109,3445.0285842493195,159.43103434432123,99.99516666666666,50.0
70.43333333333334,0.0,115.36705845747589,1.0,100.0,6.339751125377874,3471.7320165441547,159.48017562451747,99.99515,50.0
70.45,0.0,115.30943198826036,1.0,100.0,6.290794124982376,3498.7501612060564,159.52913262491296,99.99513333333333,50.0
70.46666666666667,0.0,115.25202161830438,1.0,100.0,6.24202071333836,3526.0884206718447,159.57790603655698,99.99511666666666,50.0
70.48333333333333,0.0,115.19482653723574,1.0,100.0,6.19343020198801,3553.7523215860747,159.62649654790732,99.99510000000001,50.0
70.5,0.0,115.13784593772111,1.0,100.0,6.1450219050552235,3581.7475183920283,159.6749048448401,99.99508333333334,50.0
70.51666666666667,0.0,115.08107901545466,1.0,100.0,6.096795139235935,3610.0797970480166,159.7231316106594,99.99506666666666,50.0
70.53333333333333,0.0,115.02452496914671,1.0,100.0,6.048749223788469,3638.7550788741232,159.77117752610687,99.99504999999999,50.0
70.55,0.0,114.96818300051241,1.0,100.0,6.000883480523931,3667.779424534758,159.8190432693714,99.99503333333334,50.0
70.56666666666666,0.0,114.91205231426049,1.0,100.0,5.953197233796635,3697.1590381626643,159.8667295160987,99.99501666666667,50.0
70.58333333333333,0.0,114.85613211808202,1.0,100.0,5.905689810494566,3726.9002716302502,159.91423693940078,99.995,50.0
70.6,0.0,114.8004216226392,1.0,100.0,5.858360540029881,3757.0096289744465,159.96156620986545,99.99498333333334,50.0
70.61666666666666,0.0,114.74492004155431,1.0,100.0,5.811208754329437,3787.493770981551,160.0087179955659,99.99496666666666,50.0
70.63333333333334,0.0,114.68962659139848,1.0,100.0,5.76423378782537,3818.3595199388533,160.05569296206997,99.99495,50.0
70.65,0.0,114.63454049168074,1.0,100.0,5.717434977445694,3849.6138645601686,160.10249177244964,99.99493333333334,50.0
70.66666666666667,0.0,114.57966096483693,1.0,100.0,5.670811662604941,3881.2639650927385,160.1491150872904,99.99491666666667,50.0
70.68333333333334,0.0,114.52498723621879,1.0,100.0,5.6243631851948415,3913.3171586133485,160.1955635647005,99.9949,50.0
70.7,0.0,114.47051853408297,1.0,100.0,5.57808888957503,3945.78096452189,160.24183786032032,99.99488333333333,50.0
70.71666666666667,0.0,114.41625408958016,1.0,100.0,5.531988122563792,3978.663090241006,160.28793862733156,99.99486666666667,50.0
70.73333333333333,0.0,114.36219313674424,1.0,100.0,5.486060233428846,4011.9714371308983,160.33386651646651,99.99485,50.0
70.75,0.0,114.30833491248144,1.0,100.0,5.440304573878157,4045.714106628829,160.3796221760172,99.99483333333333,50.0
70.76666666666667,0.0,114.25467865655963,1.0,100.0,5.394720498050782,4079.899406623348,160.42520625184457,99.99481666666667,50.0
70.78333333333333,0.0,114.20122361159754,1.0,100.0,5.34930736250776,4114.535858073769,160.4706193873876,99.9948,50.0
70.8,0.0,114.14796902305405,1.0,100.0,5.304064526223025,4149.632201885986,160.51586222367231,99.99478333333333,50.0
70.81666666666666,0.0,114.0949141392176,1.0,100.0,5.258991350574357,4185.197406056278,160.56093539932098,99.99476666666666,50.0
70.83333333333333,0.0,114.04205821119552,1.0,100.0,5.214087199334372,4221.240673095374,160.60583955056097,99.99475,50.0
70.85,0.0,113.98940049290354,1.0,100.0,5.169351438661537,4257.77144774569,160.6505753112338,99.99473333333333,50.0
70.86666666666666,0.0,113.93694024105515,1.0,100.0,5.124783437091225,4294.799425005323,160.69514331280413,99.99471666666668,50.0
70.88333333333334,0.0,113.8846767151512,1.0,100.0,5.080382565526802,4332.334558473141,160.73954418436855,99.99470000000001,50.0
70.9,0.0,113.83260917746938,1.0,100.0,5.0361481972307445,4370.387069030042,160.78377855266461,99.99468333333333,50.0
70.91666666666667,0.0,113.78073689305387,1.0,100.0,4.9920797078157975,4408.967453872302,160.82784704207955,99.99466666666666,50.0
70.93333333333334,0.0,113.72905912970492,1.0,87.47263409160173,7.9920797078157975,3129.3377785556786,160.82784704207955,99.99465,0.0
70.95,0.0,113.63059753581203,1.0,74.53288424856444,10.992079707815797,2548.1908522715735,160.82784704207955,99.99458333333334,0.0
70.96666666666667,0.0,113.48398111098486,1.0,68.7211897273747,13.992079707815797,2216.247877831518,160.82784704207955,99.99451666666667,0.0
70.98333333333333,0.0,113.31612064329632,1.0,65.53535785816185,16.992079707815797,2001.51585584034,160.82784704207955,99.99445,0.0
71.0,0.0,113.13694278285206,1.0,63.56542955681606,19.992079707815797,1851.2289616586202,160.82784704207955,99.99438333333333,0.0
71.01666666666667,0.0,112.95104960825442,1.0,62.24360126706028,22.992079707815797,1740.1608496205529,160.82784704207955,99.99431666666668,0.0
71.03333333333333,0.0,112.76089667697494,1.0,66.03879824105026,22.992079707815797,1740.1608496205529,160.82784704207955,99.99425,0.0
71.05,0.0,112.58568880784021,1.0,69.53571185834286,22.992079707815797,1740.1608496205529,160.82784704207955,99.99423333333334,0.0
71.06666666666666,0.0,112.4242513942796,1.0,72.75778568760988,22.992079707815797,1740.1608496205529,160.82784704207955,99.99421666666667,0.0
71.08333333333333,0.0,112.27550214787958,1.0,75.72662075116664,22.992079707815797,1740.1608496205529,160.82784704207955,99.9942,0.0
71.1,0.0,112.1384438426419,1.0,78.46212033983036,22.992079707815797,1740.1608496205529,160.82784704207955,99.99418333333332,0.0
71.11666666666666,0.0,112.01215762950636,1.0,80.98262344606037,22.992079707815797,1740.1608496205529,160.82784704207955,99.99416666666666,0.0
71.13333333333334,0.0,111.89579687631844,1.0,83.30502770992595,22.992079707815797,1740.1608496205529,160.82784704207955,99.99415,0.0
71.15,0.0,111.78858149194447,1.0,85.44490270214062,22.992079707815797,1740.1608496205529,160.82784704207955,99.99413333333334,0.0
71.16666666666667,0.0,111.68979269648271,1.0,87.4165943036209,22.992079707815797,1740.1608496205529,160.82784704207955,99.99411666666667,0.0
71.18333333333334,0.0,111.59876820250948,1.0,89.23332088133766,22.992079707815797,1740.1608496205529,160.82784704207955,99.9941,0.0
71.2,0.0,111.51489777505508,1.0,90.90726190523034,22.992079707815797,1740.1608496205529,160.82784704207955,99.99408333333332,0.0
71.21666666666667,0.0,111.43761914054323,1.0,92.44963960027813,22.992079707815797,1740.1608496205529,160.82784704207955,99.99406666666667,0.0
71.23333333333333,0.0,111.36641421726723,1.0,93.87079418113001,22.992079707815797,1740.1608496205529,160.82784704207955,99.99405,0.0
71.25,0.0,111.30080564213172,1.0,95.18025317367183,22.992079707815797,1740.1608496205529,160.82784704207955,99.99403333333333,0.0
71.26666666666667,0.0,111.24035357037499,1.0,96.3867952882677,22.992079707815797,1740.1608496205529,160.82784704207955,99.99401666666667,0.0
71.28333333333333,0.0,111.18465272681709,1.0,97.49850927288644,22.992079707815797,1740.1608496205529,160.82784704207955,99.994,0.0
71.3,0.0,111.13332968886485,1.0,98.52284814066878,22.992079707815797,1740.1608496205529,160.82784704207955,99.99398333333333,0.0
71.31666666666666,0.0,111.08604038305911,1.0,99.46667913548123,22.992079707815797,1740.1608496205529,160.82784704207955,99.99396666666667,0.0
71.33333333333333,0.0,111.0424677783807,1.0,100.0,22.977763539230402,1741.2450472208259,160.82784704207955,99.99395,0.0
71.35,0.0,111.00105852421177,1.0,100.0,22.94258399586565,1743.915025705307,160.86302658544432,99.99393333333333,50.0
71.36666666666666,0.0,110.95980455474597,1.0,100.0,22.907536375788517,1746.5831463737663,160.89807420552145,99.99391666666668,50.0
71.38333333333334,0.0,110.91870528766567,1.0,100.0,22.87262018428667,1749.2493923535153,160.9329903970233,99.9939,50.0
71.4,0.0,110.87776014283693,1.0,100.0,22.837834928502957,1751.913746822011,160.967775652807,99.99388333333333,50.0
71.41666666666667,0.0,110.83696854230129,1.0,100.0,22.803180117428433,1754.5761930072506,161.00243046388152,99.99386666666666,50.0
71.43333333333334,0.0,110.79632991026766,1.0,100.0,22.768655261895436,1757.236714188165,161.03695531941452,99.99385,50.0
71.45,0.0,110.75584367310415,1.0,100.0,22.73425987457069,1759.8952936950077,161.07135070673925,99.99383333333334,50.0
71.46666666666667,0.0,110.71550925933,1.0,100.0,22.69999346994841,1762.551914909742,161.10561711136154,99.99381666666667,50.0
71.48333333333333,0.0,110.67532609960752,1.0,100.0,22.665855564343467,1765.2065612664258,161.1397550169665,99.9938,50.0
71.5,0.0,110.63529362673398,1.0,100.0,22.63184567588454,1767.8592162515913,161.17376490542543,99.99378333333333,50.0
71.51666666666667,0.0,110.59541127563374,1.0,100.0,22.597963324507337,1770.509863404625,161.20764725680263,99.99376666666666,50.0
71.53333333333333,0.0,110.5556784833501,1.0,100.0,22.564208031947796,1773.1584863181417,161.24140254936216,99.99375,50.0
71.55,0.0,110.51609468903754,1.0,100.0,22.530579321735352,1775.8050686383576,161.2750312595746,99.99373333333334,50.0
71.56666666666666,0.0,110.47665933395365,1.0,100.0,22.497076719186207,1778.4495940654595,161.30853386212374,99.99371666666667,50.0
71.58333333333333,0.0,110.43737186145133,1.0,100.0,22.46369975139662,1781.0920463539715,161.34191082991333,99.99369999999999,50.0
71.6,0.0,110.39823171697088,1.0,100.0,22.430447947236246,1783.732409313119,161.37516263407372,99.99368333333334,50.0
71.61666666666666,0.0,110.35923834803225,1.0,100.0,22.39732083734147,1786.370666807188,161.40828974396848,99.99366666666667,50.0
71.63333333333334,0.0,110.32039120422714,1.0,100.0,22.364317954108802,1789.0068027558843,161.44129262720114,99.99365,50.0
71.65,0.0,110.28168973721128,1.0,100.0,22.331438831688256,1791.640801134687,161.4741717496217,99.99363333333334,50.0
71.66666666666667,0.0,110.24313340069673,1.0,100.0,22.298683005976788,1794.2726459752007,161.50692757533315,99.99361666666667,50.0
71.68333333333334,0.0,110.20472165044413,1.0,100.0,22.266050014611736,1796.9023213655025,161.5395605666982,99.9936,50.0
71.7,0.0,110.16645394425497,1.0,100.0,22.233539396964304,1799.52981145049,161.57207118434565,99.99358333333333,50.0
71.71666666666667,0.0,110.12832974196401,1.0,100.0,22.201150694133048,1802.1551004322207,161.6044598871769,99.99356666666667,50.0
71.73333333333333,0.0,110.09034850543165,1.0,100.0,22.16888344893741,1804.778172570254,161.63672713237253,99.99355,50.0
71.75,0.0,110.05250969853628,1.0,100.0,22.136737205911256,1807.3990121819854,161.66887337539868,99.99353333333333,50.0
71.76666666666667,0.0,110.01481278716678,1.0,100.0,22.10471151129645,1810.0176036429807,161.7008990700135,99.99351666666666,50.0
71.78333333333333,0.0,109.9772572392149,1.0,100.0,22.07280591303645,1812.6339313873048,161.7328046682735,99.9935,50.0
71.8,0.0,109.93984252456784,1.0,100.0,22.041019960769926,1815.24797990785,161.76459062054002,99.99348333333333,50.0
71.81666666666666,0.0,109.9025681151007,1.0,100.0,22.0093532058244,1817.859733756659,161.79625737548554,99.99346666666666,50.0
71.83333333333333,0.0,109.86543348466908,1.0,100.0,21.97780520120992,1820.4691775452438,161.82780538010002,99.99345,50.0
71.85,0.0,109.82843810910157,1.0,100.0,21.946375501612746,1823.0762959449069,161.85923507969719,99.99343333333334,50.0
71.86666666666666,0.0,109.79158146619244,1.0,100.0,21.91506366338906,1825.681073687051,161.8905469179209,99.99341666666666,50.0
71.88333333333334,0.0,109.75486303569421,1.0,100.0,21.883869244558714,1828.2834955634926,161.92174133675124,99.9934,50.0
71.9,0.0,109.71828229931036,1.0,100.0,21.85279180479898,1830.88354642677,161.95281877651098,99.99338333333333,50.0
71.91666666666667,0.0,109.68183874068795,1.0,100.0,21.821830905438343,1833.4812111904464,161.9837796758716,99.99336666666667,50.0
71.93333333333334,0.0,109.64553184541037,1.0,100.0,21.790986109450312,1836.0764748294118,162.01462447185963,99.99335,50.0
71.95,0.0,109.60936110099009,1.0,100.0,21.760256981447235,1838.669322380182,162.04535359986272,99.99333333333334,50.0
71.96666666666667,0.0,109.57332599686137,1.0,100.0,21.72964308767417,1841.2597389411917,162.0759674936358,99.99331666666666,50.0
71.98333333333333,0.0,109.53742602437315,1.0,100.0,21.699143996002753,1843.8477096730878,162.10646658530723,99.99329999999999,50.0
